Identifier,RIBO_GLY_1,RNA_GLY_1
NC_002516.2:483-2027:+,204,123
NC_002516.2:2056-3159:+,342,145
NC_002516.2:3169-4278:+,91,103
NC_002516.2:4275-6695:+,663,327
NC_002516.2:7018-7791:-,35,45
NC_002516.2:7803-8339:-,38,20
NC_002516.2:8671-10377:+,65,39
NC_002516.2:10434-12488:-,192,65
NC_002516.2:12488-13435:-,119,30
NC_002516.2:13540-14091:+,32,14
NC_002516.2:14235-15122:+,73,58
NC_002516.2:15207-15473:+,2,16
NC_002516.2:15620-16273:+,15,4
NC_002516.2:16335-16607:-,3,3
NC_002516.2:16900-17217:-,38,12
NC_002516.2:17366-18739:-,34,21
NC_002516.2:18767-20071:-,28,10
NC_002516.2:20068-21012:-,20,8
NC_002516.2:21067-21573:-,71,40
NC_002516.2:21712-22737:+,83,24
NC_002516.2:22872-23960:+,1,2
NC_002516.2:24001-24558:+,25,13
NC_002516.2:24568-25545:-,46,5
NC_002516.2:25736-26653:+,49,24
NC_002516.2:26711-27535:+,26,17
NC_002516.2:27646-28632:+,8,3
NC_002516.2:28613-29899:+,7,3
NC_002516.2:29896-30498:+,0,0
NC_002516.2:30502-32055:-,2,5
NC_002516.2:32060-32983:-,2,2
NC_002516.2:33000-34511:-,4,1
NC_002516.2:34624-35538:+,18,3
NC_002516.2:35549-35926:+,37,4
NC_002516.2:35905-36270:-,7,1
NC_002516.2:36278-36901:-,2,1
NC_002516.2:37087-37893:-,222,35
NC_002516.2:37890-39098:-,290,53
NC_002516.2:39202-40089:+,6,3
NC_002516.2:40190-40405:+,76,37
NC_002516.2:40589-40816:+,365,147
NC_002516.2:41113-42801:+,13,8
NC_002516.2:42914-53521:+,298,221
NC_002516.2:54121-54822:+,16,29
NC_002516.2:56546-56941:+,21,15
NC_002516.2:57212-58594:-,8,11
NC_002516.2:58786-60159:+,15,15
NC_002516.2:60656-61342:+,16,0
NC_002516.2:61373-61726:+,11,2
NC_002516.2:61879-62388:+,9,9
NC_002516.2:62403-62786:-,3,0
NC_002516.2:63068-64729:-,5,1
NC_002516.2:65339-65479:+,73,49
NC_002516.2:66303-68135:+,3,7
NC_002516.2:68188-68616:-,0,3
NC_002516.2:69543-70091:-,13,7
NC_002516.2:70130-70636:-,58,11
NC_002516.2:70702-71622:-,3,2
NC_002516.2:71730-72617:+,4,2
NC_002516.2:72680-73384:+,4,1
NC_002516.2:73468-73923:+,22,36
NC_002516.2:74034-74267:+,26,34
NC_002516.2:74279-74716:-,1,1
NC_002516.2:74773-75189:-,3,3
NC_002516.2:75281-76408:+,10,19
NC_002516.2:76416-77399:-,47,9
NC_002516.2:77432-78097:-,16,2
NC_002516.2:78090-78632:-,30,5
NC_002516.2:78710-80755:+,127,35
NC_002516.2:80752-81027:+,31,7
NC_002516.2:81116-82174:+,8,4
NC_002516.2:82404-83318:-,272,37
NC_002516.2:83380-85092:-,97,87
NC_002516.2:85085-86284:-,11,7
NC_002516.2:86284-87003:-,16,6
NC_002516.2:87000-90098:-,139,46
NC_002516.2:90106-90834:-,85,19
NC_002516.2:90844-91524:-,26,7
NC_002516.2:91521-94826:-,96,49
NC_002516.2:95048-96397:-,52,17
NC_002516.2:96404-97738:-,58,12
NC_002516.2:97754-98218:-,48,7
NC_002516.2:98263-99756:-,57,43
NC_002516.2:100124-101158:+,53,46
NC_002516.2:101247-101765:+,602,71
NC_002516.2:101778-103274:+,649,125
NC_002516.2:103350-103838:+,1644,410
NC_002516.2:104006-104851:+,127,57
NC_002516.2:104853-105362:+,89,17
NC_002516.2:105359-107218:+,60,26
NC_002516.2:107182-108228:+,75,17
NC_002516.2:108221-110929:+,375,114
NC_002516.2:110976-112907:+,143,70
NC_002516.2:113022-113306:-,31,1
NC_002516.2:113303-114595:-,20,6
NC_002516.2:114611-115045:-,7,8
NC_002516.2:115299-117524:+,68,60
NC_002516.2:117552-118001:+,19,8
NC_002516.2:117931-119130:+,19,14
NC_002516.2:119127-120164:+,27,8
NC_002516.2:120164-121324:+,45,18
NC_002516.2:121346-122266:+,257,118
NC_002516.2:122248-123495:+,36,23
NC_002516.2:123871-124599:+,90,58
NC_002516.2:124810-126381:+,12,2
NC_002516.2:126368-127006:-,8,8
NC_002516.2:127378-128502:+,68,77
NC_002516.2:128512-130104:+,70,17
NC_002516.2:130115-130669:+,25,5
NC_002516.2:130680-131567:+,39,21
NC_002516.2:131583-131792:-,9,2
NC_002516.2:131808-132602:+,20,19
NC_002516.2:132577-133155:+,25,4
NC_002516.2:133220-134293:+,16,6
NC_002516.2:134319-135233:+,12,5
NC_002516.2:135259-135894:+,18,15
NC_002516.2:135934-136386:-,20,1
NC_002516.2:136518-136991:+,19,5
NC_002516.2:137248-137976:+,6,2
NC_002516.2:138001-138588:+,6,0
NC_002516.2:138818-140167:+,11,5
NC_002516.2:140216-140902:+,11,2
NC_002516.2:141003-141737:+,7,2
NC_002516.2:141917-142327:+,42,24
NC_002516.2:142359-143267:-,13,5
NC_002516.2:143567-143848:-,7,10
NC_002516.2:143845-144072:-,7,3
NC_002516.2:144248-144868:-,23,13
NC_002516.2:144969-145469:+,9,6
NC_002516.2:145542-145883:+,73,47
NC_002516.2:145965-147392:-,17,7
NC_002516.2:147561-149054:-,52,15
NC_002516.2:149138-149425:-,3,2
NC_002516.2:149425-150771:-,10,4
NC_002516.2:150906-151823:+,4,2
NC_002516.2:151936-153306:-,28,12
NC_002516.2:153696-153836:+,1,2
NC_002516.2:154417-155988:+,4,20
NC_002516.2:155988-157085:+,1,2
NC_002516.2:157108-158034:+,2,6
NC_002516.2:158199-158762:+,1569,182
NC_002516.2:158907-160472:+,142,13
NC_002516.2:160552-161448:-,2,39
NC_002516.2:161906-163255:+,6,12
NC_002516.2:163363-164415:+,132,16
NC_002516.2:164443-165069:-,15,2
NC_002516.2:165219-165737:-,4,2
NC_002516.2:165976-167073:+,3,4
NC_002516.2:167146-168108:+,6,3
NC_002516.2:168213-169163:+,29,9
NC_002516.2:169361-169906:+,2,4
NC_002516.2:169903-170898:+,2,7
NC_002516.2:171047-173434:+,10,16
NC_002516.2:173811-174638:+,10,4
NC_002516.2:174773-175492:+,4,1
NC_002516.2:175503-176108:+,10,1
NC_002516.2:176315-177154:+,16,5
NC_002516.2:177307-178458:+,31,20
NC_002516.2:178455-179525:+,13,6
NC_002516.2:179522-182569:+,77,66
NC_002516.2:182768-183706:+,21,11
NC_002516.2:183822-184007:+,0,2
NC_002516.2:184594-185928:+,3,3
NC_002516.2:185957-186754:-,5,6
NC_002516.2:186832-188448:+,18,7
NC_002516.2:189120-189956:+,14,5
NC_002516.2:190198-191604:+,2,2
NC_002516.2:191697-192362:+,23,6
NC_002516.2:192368-192958:+,15,3
NC_002516.2:192965-193672:-,17,9
NC_002516.2:193799-194179:-,34,7
NC_002516.2:194206-194748:-,26,5
NC_002516.2:194757-196748:-,38,15
NC_002516.2:197011-198060:-,6,6
NC_002516.2:198080-198682:-,1,0
NC_002516.2:198688-199530:-,3,5
NC_002516.2:199600-201639:-,31,10
NC_002516.2:201675-202160:-,7,4
NC_002516.2:202147-204066:-,12,18
NC_002516.2:204094-204459:-,11,12
NC_002516.2:204657-205829:-,24,19
NC_002516.2:206022-206954:-,1,0
NC_002516.2:207071-207823:+,2,1
NC_002516.2:207923-209533:-,4,2
NC_002516.2:209621-210460:-,0,0
NC_002516.2:210457-212073:-,4,3
NC_002516.2:212340-213401:+,6,4
NC_002516.2:213819-214634:+,4,2
NC_002516.2:214631-215512:+,3,1
NC_002516.2:215550-216908:-,2,1
NC_002516.2:217156-217881:+,3,3
NC_002516.2:217905-218822:-,2,6
NC_002516.2:219172-221544:+,2,2
NC_002516.2:221585-222487:+,2,2
NC_002516.2:222555-223454:+,1,0
NC_002516.2:224101-225219:+,15,8
NC_002516.2:225295-225603:+,24,2
NC_002516.2:225603-227039:+,34,17
NC_002516.2:227382-228194:+,2,8
NC_002516.2:228223-228942:+,4,2
NC_002516.2:228944-229345:+,5,1
NC_002516.2:229526-229738:-,2,27
NC_002516.2:229954-230535:+,7,28
NC_002516.2:230543-232000:-,1,2
NC_002516.2:232066-233100:-,5,0
NC_002516.2:233123-233932:-,2,0
NC_002516.2:233929-234849:-,0,0
NC_002516.2:234875-235987:-,0,2
NC_002516.2:236218-237111:+,6,10
NC_002516.2:237232-238896:+,4,8
NC_002516.2:238896-239777:+,3,3
NC_002516.2:239779-240078:+,3,0
NC_002516.2:240071-240934:+,7,2
NC_002516.2:240931-241737:+,6,2
NC_002516.2:241753-242445:+,5,2
NC_002516.2:242442-243374:+,7,2
NC_002516.2:243431-243835:+,2,2
NC_002516.2:243841-244605:+,2,7
NC_002516.2:244690-245619:-,14,4
NC_002516.2:245948-246868:-,8,3
NC_002516.2:247219-248709:+,8,3
NC_002516.2:248767-250200:+,11,2
NC_002516.2:250231-251613:+,8,2
NC_002516.2:251777-252835:+,3,2
NC_002516.2:252913-253794:-,2,0
NC_002516.2:253854-254636:-,3,0
NC_002516.2:254791-255330:+,13,8
NC_002516.2:255481-256332:+,8,11
NC_002516.2:256329-257111:+,9,2
NC_002516.2:257108-258313:+,11,3
NC_002516.2:258463-259761:+,4,25
NC_002516.2:259784-261163:+,14,8
NC_002516.2:261179-261970:+,11,4
NC_002516.2:261981-262382:+,17,0
NC_002516.2:262557-263498:+,10,8
NC_002516.2:263689-264522:+,3,1
NC_002516.2:264964-266310:-,5,1
NC_002516.2:266616-267395:+,9,6
NC_002516.2:267638-268681:+,5,2
NC_002516.2:268704-269519:+,5,2
NC_002516.2:269669-270547:+,7,1
NC_002516.2:270573-271838:-,4,4
NC_002516.2:271904-273229:-,2,2
NC_002516.2:273775-275679:+,4,1
NC_002516.2:275772-276440:+,10,5
NC_002516.2:276480-277334:-,1,1
NC_002516.2:277331-277777:-,6,1
NC_002516.2:277894-279399:-,13,12
NC_002516.2:279574-280758:-,11,34
NC_002516.2:280936-281802:+,13,9
NC_002516.2:281799-282245:-,8,2
NC_002516.2:282323-282757:-,30,19
NC_002516.2:282912-283553:-,1,1
NC_002516.2:283818-284105:-,0,0
NC_002516.2:284197-284673:-,12,3
NC_002516.2:284714-286204:-,14,8
NC_002516.2:286338-287024:-,15,16
NC_002516.2:287188-288120:-,12,39
NC_002516.2:288384-289175:-,3,16
NC_002516.2:289205-289390:-,19,11
NC_002516.2:289562-291004:-,119,43
NC_002516.2:291154-293304:-,57,36
NC_002516.2:293301-293798:-,28,9
NC_002516.2:293802-296861:-,23,9
NC_002516.2:297043-297561:-,1,0
NC_002516.2:299522-300973:+,88,26
NC_002516.2:301218-302498:+,121,29
NC_002516.2:302824-304023:+,37,13
NC_002516.2:304177-305598:-,6,2
NC_002516.2:305725-306162:+,11,2
NC_002516.2:306174-306581:+,12,1
NC_002516.2:306615-306899:+,2,2
NC_002516.2:306896-307828:-,7,3
NC_002516.2:307878-309092:-,3,4
NC_002516.2:309255-310025:-,2,19
NC_002516.2:310134-310820:-,7,5
NC_002516.2:310896-311411:+,6,4
NC_002516.2:311451-312209:-,36,7
NC_002516.2:312381-313133:-,4,3
NC_002516.2:313227-313925:+,22,8
NC_002516.2:313938-314927:-,101,65
NC_002516.2:314931-315800:-,76,48
NC_002516.2:315811-316629:-,31,24
NC_002516.2:316791-317789:-,81,95
NC_002516.2:317966-318148:-,14,27
NC_002516.2:318312-320594:-,43,20
NC_002516.2:320766-321944:+,169,156
NC_002516.2:322175-323560:+,3,4
NC_002516.2:323616-324572:+,3,4
NC_002516.2:324625-325587:+,17,2
NC_002516.2:325700-326671:+,20,12
NC_002516.2:327284-328666:+,350,73
NC_002516.2:328801-329907:-,80,18
NC_002516.2:329993-330871:-,1,6
NC_002516.2:331034-331699:-,8,7
NC_002516.2:331762-332823:-,14,5
NC_002516.2:333079-334455:-,81,47
NC_002516.2:334734-335486:+,23,11
NC_002516.2:335527-336885:+,101,59
NC_002516.2:336951-338321:+,140,41
NC_002516.2:338437-339540:+,591,105
NC_002516.2:339959-341056:+,126,28
NC_002516.2:341111-342265:+,91,26
NC_002516.2:342292-343173:+,55,27
NC_002516.2:343256-344125:+,84,36
NC_002516.2:344303-346690:-,16,10
NC_002516.2:346801-347853:+,3,2
NC_002516.2:347832-348335:-,126,46
NC_002516.2:348440-349051:-,2,9
NC_002516.2:349050-350069:+,40,14
NC_002516.2:350089-350841:-,17,15
NC_002516.2:350890-351588:+,15,20
NC_002516.2:351610-352164:-,1,0
NC_002516.2:352430-352924:+,17,11
NC_002516.2:352927-353619:-,13,9
NC_002516.2:353691-354461:-,42,19
NC_002516.2:354754-355191:+,221,47
NC_002516.2:355248-356477:-,3072,643
NC_002516.2:356681-358075:+,77,79
NC_002516.2:358167-358832:+,72,25
NC_002516.2:358931-359920:+,63,35
NC_002516.2:359982-360332:+,9,4
NC_002516.2:360413-361447:-,4,1
NC_002516.2:361463-362857:-,2,2
NC_002516.2:363278-364321:-,4,0
NC_002516.2:364369-365157:-,3,0
NC_002516.2:365154-366083:-,7,3
NC_002516.2:366080-367129:-,4,4
NC_002516.2:367457-368422:+,6,7
NC_002516.2:368462-370405:-,22,14
NC_002516.2:370706-371038:-,121,72
NC_002516.2:371162-371833:-,59,27
NC_002516.2:372091-373605:+,73,22
NC_002516.2:373725-374192:+,30,23
NC_002516.2:374243-375514:+,27,21
NC_002516.2:375951-377189:-,12,12
NC_002516.2:377239-377892:-,24,14
NC_002516.2:378096-378575:+,72,77
NC_002516.2:378598-380877:+,163,95
NC_002516.2:380903-382033:+,42,71
NC_002516.2:382037-382792:-,10,3
NC_002516.2:382914-383717:+,59,15
NC_002516.2:383727-384527:+,118,18
NC_002516.2:384733-385527:+,57,37
NC_002516.2:385554-386351:-,13,9
NC_002516.2:386386-387765:-,16,7
NC_002516.2:387758-389143:-,10,13
NC_002516.2:389334-389696:+,4,1
NC_002516.2:389733-390884:-,4,0
NC_002516.2:391094-392188:+,3,4
NC_002516.2:392185-393225:+,6,3
NC_002516.2:393308-393814:+,16,7
NC_002516.2:393830-394303:-,6,5
NC_002516.2:394442-395827:-,31,19
NC_002516.2:396057-397895:-,348,109
NC_002516.2:398224-399420:-,66,28
NC_002516.2:399493-400032:-,17,18
NC_002516.2:400248-401072:+,14,21
NC_002516.2:401131-401943:+,20,23
NC_002516.2:402020-402598:+,7,12
NC_002516.2:402681-403025:+,23,7
NC_002516.2:403295-404281:+,22,20
NC_002516.2:404386-406119:-,29,18
NC_002516.2:406247-406498:-,148,35
NC_002516.2:406619-407098:-,127,19
NC_002516.2:407250-408845:-,53,11
NC_002516.2:408901-409449:-,9,2
NC_002516.2:409504-410934:-,67,19
NC_002516.2:411224-411871:+,27,12
NC_002516.2:411856-412266:-,9,3
NC_002516.2:412329-413327:-,14,10
NC_002516.2:413933-414529:-,32,11
NC_002516.2:414529-416016:-,76,25
NC_002516.2:416009-417406:-,74,31
NC_002516.2:417527-418894:+,181,77
NC_002516.2:418891-419562:+,58,22
NC_002516.2:419562-420569:+,101,95
NC_002516.2:420683-421537:+,635,286
NC_002516.2:421602-422207:+,22,47
NC_002516.2:422212-422943:-,14,10
NC_002516.2:422980-423357:+,15,8
NC_002516.2:423460-423660:+,14,8
NC_002516.2:423719-424516:+,117,29
NC_002516.2:424670-425341:+,78,24
NC_002516.2:425504-426850:+,13,12
NC_002516.2:426863-427120:-,7,0
NC_002516.2:427182-427505:-,19,6
NC_002516.2:427586-428740:-,13,5
NC_002516.2:428861-429454:-,80,19
NC_002516.2:429451-429870:-,49,14
NC_002516.2:430002-430622:-,33,12
NC_002516.2:430630-431769:-,62,25
NC_002516.2:431858-433825:-,29,21
NC_002516.2:434226-434819:-,50,18
NC_002516.2:434830-435651:-,57,18
NC_002516.2:435663-436355:-,22,12
NC_002516.2:436570-437604:+,91,45
NC_002516.2:437782-438930:+,31,22
NC_002516.2:438938-439837:-,8,11
NC_002516.2:439991-440395:+,70,17
NC_002516.2:440638-442011:+,110,30
NC_002516.2:442008-443192:+,75,22
NC_002516.2:443419-444690:-,69,40
NC_002516.2:444687-445691:-,62,58
NC_002516.2:445715-446227:-,40,34
NC_002516.2:446339-446773:-,30,11
NC_002516.2:446773-447342:-,37,20
NC_002516.2:447391-448350:-,9,6
NC_002516.2:448431-449384:-,122,33
NC_002516.2:449639-450046:+,113,97
NC_002516.2:450093-450458:+,97,37
NC_002516.2:450509-451045:+,26,29
NC_002516.2:451130-453178:+,284,107
NC_002516.2:453239-454114:+,43,33
NC_002516.2:454126-461544:+,256,176
NC_002516.2:461537-462568:+,30,21
NC_002516.2:462565-463071:+,18,15
NC_002516.2:463079-463873:+,5,7
NC_002516.2:463949-464560:+,0,3
NC_002516.2:464568-465983:-,31,14
NC_002516.2:466018-466740:-,8,8
NC_002516.2:466833-468236:-,58,13
NC_002516.2:468410-469900:+,87,32
NC_002516.2:470081-470650:+,36,21
NC_002516.2:470662-471237:+,167,52
NC_002516.2:471306-471749:-,15,3
NC_002516.2:472024-473175:+,142,46
NC_002516.2:473191-476331:+,312,213
NC_002516.2:476333-477790:+,106,92
NC_002516.2:477886-479805:-,184,139
NC_002516.2:480056-481126:-,83,175
NC_002516.2:481196-482068:-,127,32
NC_002516.2:482111-482665:-,32,32
NC_002516.2:482706-484115:-,970,126
NC_002516.2:484404-484838:+,12,2
NC_002516.2:484964-487156:+,49,9
NC_002516.2:487167-488645:+,27,12
NC_002516.2:488730-489350:+,21,26
NC_002516.2:489387-490658:-,46,24
NC_002516.2:490648-491898:-,15,7
NC_002516.2:492080-493357:-,31,15
NC_002516.2:493354-494721:-,5,0
NC_002516.2:494816-496255:-,1,5
NC_002516.2:496362-496478:-,0,0
NC_002516.2:496871-498361:+,3,4
NC_002516.2:498420-499703:+,3,2
NC_002516.2:500104-501120:-,0,0
NC_002516.2:501376-502599:-,8,1
NC_002516.2:502719-503900:-,45,12
NC_002516.2:504121-505029:+,5,1
NC_002516.2:505047-505586:+,29,3
NC_002516.2:505629-507251:-,4,6
NC_002516.2:507631-508962:+,6,9
NC_002516.2:508959-509753:+,1,3
NC_002516.2:509861-510592:+,3,3
NC_002516.2:510589-512790:-,17,17
NC_002516.2:513051-514427:-,41,36
NC_002516.2:514775-514984:+,729,237
NC_002516.2:515135-515659:+,14,14
NC_002516.2:515653-516027:-,6,3
NC_002516.2:516029-517462:-,14,20
NC_002516.2:518083-520635:+,34,69
NC_002516.2:520737-521315:+,35,48
NC_002516.2:521630-522517:-,65,22
NC_002516.2:522660-523169:+,47,44
NC_002516.2:523254-523943:+,12,19
NC_002516.2:523943-525367:+,19,8
NC_002516.2:525469-526827:+,7,1
NC_002516.2:526877-527179:+,1,3
NC_002516.2:527324-527944:-,12,1
NC_002516.2:527963-528913:-,26,8
NC_002516.2:528999-529856:+,65,23
NC_002516.2:530029-532437:-,9,5
NC_002516.2:532541-533512:-,1,2
NC_002516.2:533509-534027:-,9,0
NC_002516.2:534196-534945:+,53,8
NC_002516.2:535085-535489:+,0,0
NC_002516.2:535539-536108:+,7,2
NC_002516.2:536142-537869:-,10,6
NC_002516.2:538217-539143:-,10,7
NC_002516.2:539231-539707:+,4,7
NC_002516.2:539785-540735:-,3,3
NC_002516.2:540839-541636:+,1,0
NC_002516.2:541679-542122:+,6,8
NC_002516.2:542170-544347:-,446,87
NC_002516.2:544654-545097:+,2,7
NC_002516.2:545129-545644:+,10,11
NC_002516.2:546334-547230:-,65,53
NC_002516.2:547432-548406:-,22,13
NC_002516.2:548468-549226:-,20,14
NC_002516.2:549294-549614:-,0,2
NC_002516.2:549656-550381:-,2,1
NC_002516.2:550520-550813:-,18,34
NC_002516.2:550867-551793:-,6,4
NC_002516.2:551911-552669:+,22,2
NC_002516.2:552746-552994:+,3,0
NC_002516.2:553005-554381:+,8,2
NC_002516.2:554383-555261:+,4,5
NC_002516.2:555251-556228:+,10,3
NC_002516.2:556275-557276:-,7,2
NC_002516.2:557354-558361:-,2,2
NC_002516.2:558377-559078:-,0,2
NC_002516.2:559644-560702:+,179,88
NC_002516.2:560808-562013:+,42,18
NC_002516.2:562006-562728:+,45,23
NC_002516.2:562721-563545:+,20,6
NC_002516.2:563549-564235:+,8,8
NC_002516.2:564344-564574:+,74,24
NC_002516.2:564914-566719:+,157,34
NC_002516.2:566932-568728:+,18,4
NC_002516.2:569002-570780:+,34,9
NC_002516.2:571111-572592:-,3,3
NC_002516.2:572583-573422:-,3,1
NC_002516.2:573433-574596:-,2,5
NC_002516.2:574590-575105:-,0,2
NC_002516.2:575080-575523:-,0,1
NC_002516.2:575516-576040:-,0,2
NC_002516.2:576037-576489:-,0,0
NC_002516.2:576498-577676:-,0,7
NC_002516.2:577673-578032:-,0,2
NC_002516.2:578029-578343:-,3,0
NC_002516.2:578394-580100:-,3,7
NC_002516.2:580316-581098:+,8,4
NC_002516.2:581133-581660:+,2,1
NC_002516.2:581668-581925:+,1,1
NC_002516.2:582015-582455:+,1,2
NC_002516.2:582455-583855:+,8,3
NC_002516.2:583857-585695:+,6,5
NC_002516.2:585702-585896:-,0,28
NC_002516.2:585980-586663:-,7,86
NC_002516.2:587017-587895:-,4,9
NC_002516.2:587997-588698:+,6,4
NC_002516.2:588924-590105:+,7,3
NC_002516.2:590105-590821:+,7,3
NC_002516.2:590896-591402:-,1,0
NC_002516.2:591445-592935:+,30,11
NC_002516.2:593273-594562:+,8,8
NC_002516.2:594580-595134:+,7,3
NC_002516.2:595245-596270:-,30,29
NC_002516.2:596274-596882:-,92,50
NC_002516.2:596970-597479:-,23,6
NC_002516.2:597708-598538:+,10,23
NC_002516.2:598608-598994:+,10,4
NC_002516.2:599107-599565:+,20,8
NC_002516.2:599757-600176:-,51,18
NC_002516.2:600426-601394:+,4,11
NC_002516.2:601398-602141:-,9,7
NC_002516.2:602346-603650:+,9,34
NC_002516.2:603706-604896:-,964,155
NC_002516.2:604912-605913:-,217,182
NC_002516.2:606160-608157:+,384,90
NC_002516.2:608157-609221:+,56,30
NC_002516.2:609202-609999:-,11,3
NC_002516.2:610214-611275:+,97,28
NC_002516.2:611281-612444:+,304,29
NC_002516.2:612517-612717:+,7,19
NC_002516.2:612877-613218:+,99,53
NC_002516.2:613338-614402:+,334,116
NC_002516.2:614468-614950:+,2,4
NC_002516.2:614952-615608:-,6,1
NC_002516.2:615607-616374:+,26,13
NC_002516.2:616371-617549:-,20,8
NC_002516.2:617662-618150:+,12,24
NC_002516.2:618176-619330:+,61,32
NC_002516.2:619332-620006:-,19,9
NC_002516.2:620135-620488:-,729,101
NC_002516.2:620666-621577:-,8,5
NC_002516.2:621695-622033:+,263,15
NC_002516.2:622023-622538:-,16,3
NC_002516.2:622726-622884:+,13,12
NC_002516.2:622894-623352:-,29,2
NC_002516.2:623368-623838:-,25,2
NC_002516.2:623852-624199:-,7,2
NC_002516.2:624189-624803:-,23,14
NC_002516.2:624994-627765:-,94,6
NC_002516.2:628335-628670:-,0,1
NC_002516.2:628763-629884:-,13,6
NC_002516.2:630527-634264:-,12,28
NC_002516.2:634371-636224:-,673,607
NC_002516.2:636304-638298:-,68,71
NC_002516.2:638381-638830:-,19,50
NC_002516.2:638900-639115:-,372,147
NC_002516.2:639316-640341:+,40,36
NC_002516.2:640420-640989:-,16,8
NC_002516.2:641073-641426:+,57,37
NC_002516.2:641417-641959:+,38,18
NC_002516.2:641932-643164:-,29,15
NC_002516.2:643208-643714:-,2,4
NC_002516.2:643808-645361:-,99,33
NC_002516.2:645358-646629:-,63,41
NC_002516.2:646730-648652:-,321,252
NC_002516.2:648931-649263:-,17,4
NC_002516.2:649307-650158:-,50,23
NC_002516.2:650158-650538:-,8,10
NC_002516.2:650575-651381:-,69,24
NC_002516.2:651497-652483:-,24,37
NC_002516.2:652480-653772:-,355,221
NC_002516.2:653753-656527:-,1194,480
NC_002516.2:656654-657670:+,63,9
NC_002516.2:657667-658341:+,18,10
NC_002516.2:658343-659101:+,15,18
NC_002516.2:659102-660163:-,33,15
NC_002516.2:660315-662708:+,41,45
NC_002516.2:662754-663386:+,18,14
NC_002516.2:663515-664549:+,30,18
NC_002516.2:664783-665892:+,20,17
NC_002516.2:665948-666994:+,76,15
NC_002516.2:667108-668355:+,13,6
NC_002516.2:668461-669291:+,9,3
NC_002516.2:669415-670089:+,74,37
NC_002516.2:670089-670907:+,23,31
NC_002516.2:670980-672458:+,102,51
NC_002516.2:672777-673091:-,4,3
NC_002516.2:673191-673961:-,33,15
NC_002516.2:674419-674619:+,1,3
NC_002516.2:674667-675026:+,5,8
NC_002516.2:675390-675839:+,23,17
NC_002516.2:675861-676376:+,18,44
NC_002516.2:676373-676930:+,5,22
NC_002516.2:677083-677409:+,9,12
NC_002516.2:677406-678293:+,10,45
NC_002516.2:678286-678819:+,19,29
NC_002516.2:678821-680896:+,43,94
NC_002516.2:680893-681351:+,23,33
NC_002516.2:681394-682554:+,56,65
NC_002516.2:682567-683070:+,39,31
NC_002516.2:683085-683429:+,16,17
NC_002516.2:683599-685836:+,37,121
NC_002516.2:685846-686718:+,9,28
NC_002516.2:686693-686899:+,1,12
NC_002516.2:686957-687946:+,12,54
NC_002516.2:687979-688608:+,6,24
NC_002516.2:688605-688967:+,7,17
NC_002516.2:688964-689221:+,1,12
NC_002516.2:689537-690031:+,22,29
NC_002516.2:690043-690390:+,14,34
NC_002516.2:690420-690674:+,3,15
NC_002516.2:690721-692556:+,22,100
NC_002516.2:692549-692890:+,6,13
NC_002516.2:692898-693593:+,3,28
NC_002516.2:693596-694366:+,4,37
NC_002516.2:694421-695023:+,9,27
NC_002516.2:695082-698696:+,33,125
NC_002516.2:699744-700835:+,13,17
NC_002516.2:700835-701170:+,13,8
NC_002516.2:701151-701381:+,3,5
NC_002516.2:701477-702529:+,40,31
NC_002516.2:702529-702831:+,29,16
NC_002516.2:702828-703058:+,41,24
NC_002516.2:703477-704082:+,30,22
NC_002516.2:704084-705133:+,97,53
NC_002516.2:705130-705966:+,151,45
NC_002516.2:706028-706672:-,206,109
NC_002516.2:706944-707366:+,138,34
NC_002516.2:707686-708480:+,129,58
NC_002516.2:708535-709182:-,43,14
NC_002516.2:709282-709620:-,19,6
NC_002516.2:709699-711180:+,26,16
NC_002516.2:711220-712020:-,31,24
NC_002516.2:712081-713157:-,132,32
NC_002516.2:713279-714247:-,116,27
NC_002516.2:714264-714686:-,61,6
NC_002516.2:714977-716011:+,225,49
NC_002516.2:716011-716730:+,49,22
NC_002516.2:716731-717153:+,35,15
NC_002516.2:717231-717581:+,156,73
NC_002516.2:717635-718726:-,63,34
NC_002516.2:718729-720072:-,156,64
NC_002516.2:720357-721556:+,282,309
NC_002516.2:727608-730703:-,9,15
NC_002516.2:730679-732094:-,0,4
NC_002516.2:732102-732653:-,1,0
NC_002516.2:732959-733555:+,5,0
NC_002516.2:733673-733993:-,0,3
NC_002516.2:734159-734875:+,1,4
NC_002516.2:734872-735417:+,2,1
NC_002516.2:735487-736446:+,3,3
NC_002516.2:736456-737097:-,2,0
NC_002516.2:737081-737530:-,0,0
NC_002516.2:737677-738108:+,0,1
NC_002516.2:738111-738485:-,0,0
NC_002516.2:738719-739168:+,1,0
NC_002516.2:739176-740141:+,0,1
NC_002516.2:740203-741348:+,1,3
NC_002516.2:741335-741928:+,0,0
NC_002516.2:741925-744336:+,6,1
NC_002516.2:744333-745742:+,3,4
NC_002516.2:745742-746956:+,0,1
NC_002516.2:747470-748576:+,0,2
NC_002516.2:748662-749774:+,5,6
NC_002516.2:749957-762499:+,43,60
NC_002516.2:762891-763493:+,1,1
NC_002516.2:763657-765291:+,0,0
NC_002516.2:765315-767162:+,1,4
NC_002516.2:767173-767592:+,2,5
NC_002516.2:767601-768347:+,1,0
NC_002516.2:768415-770121:+,6,8
NC_002516.2:770156-770818:+,1,1
NC_002516.2:770847-771326:+,1,0
NC_002516.2:771331-772275:+,1,4
NC_002516.2:772275-772700:+,1,2
NC_002516.2:772710-773696:+,0,3
NC_002516.2:773768-774433:+,2,3
NC_002516.2:774416-775321:-,2,1
NC_002516.2:775400-776716:-,6,5
NC_002516.2:776787-778181:-,19,6
NC_002516.2:778309-779208:-,73,87
NC_002516.2:779463-780101:-,68,32
NC_002516.2:780194-780973:-,2,0
NC_002516.2:781259-782113:-,12,6
NC_002516.2:782229-782525:+,3,0
NC_002516.2:782570-782965:+,0,1
NC_002516.2:783009-783515:-,1,1
NC_002516.2:783576-783833:-,2,8
NC_002516.2:784173-784466:+,1,1
NC_002516.2:784698-785174:+,1,2
NC_002516.2:785969-786925:+,217,105
NC_002516.2:786928-788253:+,198,87
NC_002516.2:789360-789650:+,6,1
NC_002516.2:789654-790031:+,6,1
NC_002516.2:790166-790600:+,9,3
NC_002516.2:790617-790709:+,0,1
NC_002516.2:790722-790973:+,32,4
NC_002516.2:790986-791234:+,52,11
NC_002516.2:791370-792632:+,6,6
NC_002516.2:792637-792993:+,1,0
NC_002516.2:792997-794271:+,1,7
NC_002516.2:794501-795793:+,7,6
NC_002516.2:795793-796776:+,6,12
NC_002516.2:797251-797598:+,32,15
NC_002516.2:797925-798827:-,169,71
NC_002516.2:799279-800016:-,39,14
NC_002516.2:800096-801139:-,10,9
NC_002516.2:801275-801967:-,9,18
NC_002516.2:801967-802239:-,10,8
NC_002516.2:802260-803075:-,30,4
NC_002516.2:803072-804148:-,46,11
NC_002516.2:804381-804560:+,20,33
NC_002516.2:804656-805111:+,4,11
NC_002516.2:805228-805473:+,2,0
NC_002516.2:805788-806702:-,8,12
NC_002516.2:806805-808781:+,11,2
NC_002516.2:808816-809457:-,7,5
NC_002516.2:809574-810218:-,19,4
NC_002516.2:810275-811171:-,13,6
NC_002516.2:811283-812386:-,16,7
NC_002516.2:812445-813263:-,22,6
NC_002516.2:813329-814492:-,4,3
NC_002516.2:814504-816012:-,7,15
NC_002516.2:817082-817903:+,16,11
NC_002516.2:818003-818698:+,52,7
NC_002516.2:818825-819862:-,4,1
NC_002516.2:819855-821372:-,20,5
NC_002516.2:821383-821853:-,11,1
NC_002516.2:821902-822885:-,42,4
NC_002516.2:822915-824198:-,18,6
NC_002516.2:824409-825080:+,23,14
NC_002516.2:825073-826455:+,16,19
NC_002516.2:826463-827299:-,56,24
NC_002516.2:827400-828344:-,33,27
NC_002516.2:828617-828871:+,95,45
NC_002516.2:829276-830892:-,63,20
NC_002516.2:831301-831882:+,150,448
NC_002516.2:831914-832498:+,211,338
NC_002516.2:832507-833457:+,54,125
NC_002516.2:833454-833909:+,35,68
NC_002516.2:833949-835373:+,429,223
NC_002516.2:835523-837322:+,261,139
NC_002516.2:837328-838182:+,132,73
NC_002516.2:838351-838728:+,78,30
NC_002516.2:838725-839414:+,43,31
NC_002516.2:839407-840324:+,73,57
NC_002516.2:840385-841086:+,8,8
NC_002516.2:841079-841825:+,49,14
NC_002516.2:841913-842881:-,28,8
NC_002516.2:842878-843618:-,15,5
NC_002516.2:843723-844295:-,0,2
NC_002516.2:844427-845179:-,3,7
NC_002516.2:845278-845682:-,19,5
NC_002516.2:845793-848192:-,293,85
NC_002516.2:848383-849135:+,10,5
NC_002516.2:849256-851319:-,2217,232
NC_002516.2:851783-854965:+,55,68
NC_002516.2:855277-856797:+,39,25
NC_002516.2:856942-857871:-,31,14
NC_002516.2:857998-858636:+,8,0
NC_002516.2:858646-858951:+,0,2
NC_002516.2:859007-860170:+,9,9
NC_002516.2:860175-863300:-,4,14
NC_002516.2:863455-863664:+,9,6
NC_002516.2:864095-865510:+,54,40
NC_002516.2:865636-866451:-,2,1
NC_002516.2:866558-867346:+,3,7
NC_002516.2:867324-868808:-,13,6
NC_002516.2:868943-870130:-,15,10
NC_002516.2:870249-872855:-,47,13
NC_002516.2:872986-874113:-,100,26
NC_002516.2:874206-875102:-,43,27
NC_002516.2:875113-875835:-,32,29
NC_002516.2:875953-876603:+,3,16
NC_002516.2:876617-878608:-,27,11
NC_002516.2:879027-879560:+,16,1
NC_002516.2:879557-881077:+,40,10
NC_002516.2:881077-881400:+,6,1
NC_002516.2:881486-881926:+,5,5
NC_002516.2:881958-882779:+,32,17
NC_002516.2:882989-883216:-,877,237
NC_002516.2:883777-884172:+,0,0
NC_002516.2:884799-885566:+,12,9
NC_002516.2:885635-886108:+,18,13
NC_002516.2:886160-887476:-,6,3
NC_002516.2:887583-888284:-,8,4
NC_002516.2:888315-889562:-,5,5
NC_002516.2:889559-890854:-,4,1
NC_002516.2:891142-892389:-,3,1
NC_002516.2:892386-892820:-,2,1
NC_002516.2:893041-893994:+,11,7
NC_002516.2:893967-894851:-,13,7
NC_002516.2:894952-895377:+,3,1
NC_002516.2:895396-895668:-,0,0
NC_002516.2:895824-896117:+,1,1
NC_002516.2:896416-897228:+,79,28
NC_002516.2:897335-898423:-,22,27
NC_002516.2:898908-899141:-,0,0
NC_002516.2:899138-899656:-,2,0
NC_002516.2:899830-900165:-,5,0
NC_002516.2:900408-901046:-,22,6
NC_002516.2:901934-902812:-,10,4
NC_002516.2:902900-903583:+,3,4
NC_002516.2:903692-904633:+,3,4
NC_002516.2:904768-905601:-,15,5
NC_002516.2:905726-906745:+,10,8
NC_002516.2:906847-907488:+,33,9
NC_002516.2:907594-908307:+,80,88
NC_002516.2:908377-909291:-,22,13
NC_002516.2:909418-911532:-,72,70
NC_002516.2:911595-912779:-,20,23
NC_002516.2:913086-913571:+,582,131
NC_002516.2:913777-914259:+,75,42
NC_002516.2:914412-915002:+,3,5
NC_002516.2:915043-916155:+,13,8
NC_002516.2:916346-917305:+,6,4
NC_002516.2:917309-918529:-,2,0
NC_002516.2:918617-919240:-,3,11
NC_002516.2:919258-921450:-,3,4
NC_002516.2:921792-923804:-,3,4
NC_002516.2:924182-924922:-,21,14
NC_002516.2:925007-927214:-,10,19
NC_002516.2:927147-927746:+,39,10
NC_002516.2:927880-928830:+,46,27
NC_002516.2:929084-929503:+,6,0
NC_002516.2:929514-930476:-,12,7
NC_002516.2:930653-931822:-,51,14
NC_002516.2:932102-932725:-,19,18
NC_002516.2:932718-934112:-,55,27
NC_002516.2:934241-935260:-,29,17
NC_002516.2:935427-935975:+,272,97
NC_002516.2:935989-936294:+,40,34
NC_002516.2:936459-937397:+,66,47
NC_002516.2:937437-938039:+,8,6
NC_002516.2:938032-939822:+,18,28
NC_002516.2:940117-942573:+,32,20
NC_002516.2:942648-943430:+,208,40
NC_002516.2:943482-944441:-,11,2
NC_002516.2:944724-945512:-,11,5
NC_002516.2:945834-946907:+,31,10
NC_002516.2:947205-948623:+,6,7
NC_002516.2:948776-949159:+,159,31
NC_002516.2:949280-949693:+,14,7
NC_002516.2:949716-950648:-,35,12
NC_002516.2:950962-952161:-,56,36
NC_002516.2:952158-952514:-,44,9
NC_002516.2:952619-953407:-,45,20
NC_002516.2:953691-955250:+,43,19
NC_002516.2:955456-955722:-,1,0
NC_002516.2:955991-958186:-,4,9
NC_002516.2:958406-959350:+,36,19
NC_002516.2:959484-960380:-,7,2
NC_002516.2:960497-961324:+,1,2
NC_002516.2:961370-962530:+,4,0
NC_002516.2:962545-962925:+,0,0
NC_002516.2:962964-964316:+,1,1
NC_002516.2:964372-965574:+,1,5
NC_002516.2:965585-966412:+,4,3
NC_002516.2:966526-967521:+,1,3
NC_002516.2:967570-968208:+,3,0
NC_002516.2:968205-969488:+,8,0
NC_002516.2:969670-971625:+,1486,113
NC_002516.2:972166-972945:+,214,60
NC_002516.2:973064-973753:+,34,13
NC_002516.2:973770-974468:+,52,7
NC_002516.2:974482-975594:+,58,12
NC_002516.2:975613-976377:+,48,12
NC_002516.2:976410-977399:+,21,11
NC_002516.2:977420-977743:-,1,0
NC_002516.2:977910-979130:+,172,60
NC_002516.2:979329-980345:+,58,27
NC_002516.2:980357-981379:+,38,16
NC_002516.2:981422-982888:+,109,15
NC_002516.2:982885-984231:+,182,63
NC_002516.2:984245-984535:+,91,17
NC_002516.2:984549-985547:+,65,36
NC_002516.2:985692-986696:+,56,20
NC_002516.2:986818-989442:+,728,134
NC_002516.2:989590-990828:+,400,148
NC_002516.2:991013-991198:+,589,180
NC_002516.2:991830-992543:-,13,6
NC_002516.2:992714-993244:+,6,2
NC_002516.2:993409-993783:+,5,2
NC_002516.2:993776-994051:+,4,3
NC_002516.2:994143-994646:+,3,1
NC_002516.2:994699-995151:+,6,8
NC_002516.2:995172-995711:-,12,2
NC_002516.2:996038-997486:+,69,86
NC_002516.2:997536-997928:-,1,4
NC_002516.2:997921-998382:-,8,4
NC_002516.2:998444-999766:-,82,16
NC_002516.2:1000013-1001917:+,75,40
NC_002516.2:1001972-1002520:-,43,7
NC_002516.2:1002681-1003964:-,23,24
NC_002516.2:1003966-1006611:-,32,36
NC_002516.2:1006860-1007219:+,44,35
NC_002516.2:1007234-1007548:-,28,15
NC_002516.2:1007950-1008999:+,18,12
NC_002516.2:1009006-1010934:-,2,16
NC_002516.2:1011047-1011454:-,20,11
NC_002516.2:1011522-1011947:-,29,35
NC_002516.2:1011983-1012972:-,32,5
NC_002516.2:1012975-1015752:-,75,27
NC_002516.2:1015938-1016657:+,15,2
NC_002516.2:1016657-1017994:+,21,4
NC_002516.2:1018230-1020458:+,5,6
NC_002516.2:1020708-1021607:+,106,51
NC_002516.2:1021616-1022968:+,87,62
NC_002516.2:1023053-1025296:+,215,150
NC_002516.2:1025401-1026231:+,51,17
NC_002516.2:1026274-1027212:-,154,106
NC_002516.2:1027445-1027984:+,105,42
NC_002516.2:1028172-1029500:+,380,170
NC_002516.2:1029825-1030151:-,2,5
NC_002516.2:1030157-1030411:-,2,2
NC_002516.2:1030423-1030656:-,2,2
NC_002516.2:1030772-1031332:+,11,8
NC_002516.2:1031386-1032102:-,142,57
NC_002516.2:1032095-1032763:-,63,22
NC_002516.2:1032763-1033824:-,211,36
NC_002516.2:1034038-1035075:+,69,29
NC_002516.2:1035277-1035981:+,30,32
NC_002516.2:1036158-1036577:-,21,7
NC_002516.2:1036579-1037175:-,56,13
NC_002516.2:1037172-1037525:-,75,12
NC_002516.2:1037650-1038885:+,45,25
NC_002516.2:1039044-1039229:+,21,40
NC_002516.2:1039240-1039623:-,6,7
NC_002516.2:1039968-1040432:+,69,24
NC_002516.2:1040432-1040707:+,38,9
NC_002516.2:1040724-1041680:-,70,47
NC_002516.2:1041689-1043404:-,319,181
NC_002516.2:1043512-1043919:+,7,5
NC_002516.2:1043983-1045314:-,1168,234
NC_002516.2:1045832-1046461:+,60,37
NC_002516.2:1046462-1046671:+,12,16
NC_002516.2:1046720-1047334:-,46,38
NC_002516.2:1047549-1048019:-,422,92
NC_002516.2:1048459-1050234:+,492,177
NC_002516.2:1050301-1051047:+,224,120
NC_002516.2:1051132-1051656:+,23,32
NC_002516.2:1051673-1052278:+,48,54
NC_002516.2:1052289-1053347:+,87,84
NC_002516.2:1053400-1053846:+,191,62
NC_002516.2:1053848-1054543:+,393,84
NC_002516.2:1054566-1055006:+,165,109
NC_002516.2:1055009-1056052:+,203,201
NC_002516.2:1056049-1057347:+,437,250
NC_002516.2:1057400-1057906:+,2255,450
NC_002516.2:1057916-1058740:+,362,164
NC_002516.2:1058812-1059606:+,157,16
NC_002516.2:1059622-1060296:+,89,5
NC_002516.2:1061207-1062034:-,0,2
NC_002516.2:1062061-1062369:-,1,0
NC_002516.2:1062921-1063544:+,72,37
NC_002516.2:1064555-1065103:-,10,35
NC_002516.2:1065138-1065425:+,2,5
NC_002516.2:1065970-1066296:+,17,4
NC_002516.2:1066321-1067817:-,67,18
NC_002516.2:1068193-1068456:+,1,0
NC_002516.2:1068489-1069331:+,0,3
NC_002516.2:1069769-1070173:+,37,40
NC_002516.2:1070294-1070854:-,10,3
NC_002516.2:1071239-1071877:-,3,7
NC_002516.2:1073285-1073902:+,8,1
NC_002516.2:1073960-1074673:+,2,1
NC_002516.2:1074784-1077303:+,8,7
NC_002516.2:1077383-1077904:-,24,20
NC_002516.2:1078462-1080015:+,8,5
NC_002516.2:1080009-1080860:+,7,4
NC_002516.2:1080853-1081899:+,12,3
NC_002516.2:1081942-1082955:+,9,4
NC_002516.2:1082949-1083854:+,4,6
NC_002516.2:1083972-1085564:+,15,12
NC_002516.2:1085542-1086144:+,2,1
NC_002516.2:1086097-1087095:-,55,30
NC_002516.2:1087843-1088901:+,54,32
NC_002516.2:1089010-1090443:-,42,27
NC_002516.2:1090606-1090857:+,23,22
NC_002516.2:1090891-1091964:+,31,43
NC_002516.2:1092025-1092498:-,155,30
NC_002516.2:1092510-1093067:-,76,18
NC_002516.2:1093251-1094129:+,345,86
NC_002516.2:1094147-1095337:+,264,89
NC_002516.2:1095276-1096034:+,74,62
NC_002516.2:1096063-1096773:+,209,66
NC_002516.2:1097296-1098288:+,87,22
NC_002516.2:1098328-1099128:-,35,9
NC_002516.2:1099669-1100820:+,11,5
NC_002516.2:1100930-1103077:+,8,5
NC_002516.2:1103061-1103927:+,1,3
NC_002516.2:1104009-1105364:+,3,0
NC_002516.2:1105388-1105795:+,1,3
NC_002516.2:1105888-1107000:+,23,3
NC_002516.2:1107000-1107761:+,14,3
NC_002516.2:1107763-1108908:+,15,4
NC_002516.2:1108949-1109866:+,28,2
NC_002516.2:1109882-1110868:+,10,4
NC_002516.2:1110947-1112197:+,8,1
NC_002516.2:1112574-1113050:-,6,8
NC_002516.2:1113129-1114718:+,44,10
NC_002516.2:1114774-1116060:+,12,4
NC_002516.2:1116635-1117390:+,25,12
NC_002516.2:1118158-1119519:+,22,24
NC_002516.2:1119674-1122217:-,83,33
NC_002516.2:1122340-1122981:-,68,11
NC_002516.2:1123148-1123348:-,24,1
NC_002516.2:1123356-1123850:-,57,19
NC_002516.2:1124165-1124725:+,14,4
NC_002516.2:1124845-1125465:-,1,5
NC_002516.2:1125548-1125865:-,11,3
NC_002516.2:1125865-1126338:-,29,4
NC_002516.2:1126341-1126838:-,19,5
NC_002516.2:1126969-1127601:+,101,61
NC_002516.2:1127717-1128016:+,23,4
NC_002516.2:1128009-1128818:+,33,8
NC_002516.2:1128857-1129321:-,14,3
NC_002516.2:1129451-1131595:+,67,34
NC_002516.2:1131674-1133947:+,31,24
NC_002516.2:1134024-1135202:+,38,10
NC_002516.2:1135408-1136289:+,132,48
NC_002516.2:1136388-1137035:+,29,23
NC_002516.2:1137043-1138155:+,26,15
NC_002516.2:1138314-1139672:+,188,83
NC_002516.2:1139714-1140859:+,177,38
NC_002516.2:1140838-1141080:-,8,2
NC_002516.2:1141268-1141732:+,350,63
NC_002516.2:1142061-1144862:+,62,25
NC_002516.2:1144862-1145200:+,13,5
NC_002516.2:1145197-1146696:+,29,18
NC_002516.2:1146693-1147217:+,12,10
NC_002516.2:1147202-1147471:+,12,12
NC_002516.2:1147468-1147815:+,10,8
NC_002516.2:1147928-1148833:+,14,29
NC_002516.2:1148844-1149941:+,30,14
NC_002516.2:1149952-1150473:+,34,10
NC_002516.2:1150470-1150721:+,8,4
NC_002516.2:1150750-1151415:-,40,16
NC_002516.2:1151435-1151908:+,8,6
NC_002516.2:1151919-1152575:-,18,1
NC_002516.2:1152624-1153538:+,8,5
NC_002516.2:1153637-1155547:+,181,50
NC_002516.2:1155584-1157878:+,445,101
NC_002516.2:1157954-1158655:-,42,21
NC_002516.2:1158658-1159425:-,50,17
NC_002516.2:1159422-1160675:-,40,23
NC_002516.2:1160672-1161595:-,43,22
NC_002516.2:1161856-1162977:-,614,116
NC_002516.2:1163276-1163593:+,17,6
NC_002516.2:1163660-1164022:+,31,27
NC_002516.2:1164275-1164682:+,14,16
NC_002516.2:1164688-1165128:+,41,23
NC_002516.2:1165141-1165854:+,59,50
NC_002516.2:1165882-1167270:+,246,82
NC_002516.2:1167488-1168237:+,68,34
NC_002516.2:1168284-1169069:+,126,82
NC_002516.2:1169115-1169810:+,29,36
NC_002516.2:1169822-1170931:+,63,52
NC_002516.2:1170942-1172144:+,35,20
NC_002516.2:1172163-1174214:+,78,50
NC_002516.2:1174240-1175559:+,92,45
NC_002516.2:1175614-1176375:+,50,42
NC_002516.2:1176380-1176982:+,43,34
NC_002516.2:1176958-1177620:+,39,33
NC_002516.2:1177613-1182697:+,206,174
NC_002516.2:1183058-1184524:+,2016,1108
NC_002516.2:1184603-1184974:+,101,133
NC_002516.2:1185060-1186484:+,539,501
NC_002516.2:1186606-1186986:+,418,114
NC_002516.2:1187009-1187305:+,50,58
NC_002516.2:1187587-1189059:+,247,174
NC_002516.2:1189172-1190380:+,44,46
NC_002516.2:1190385-1191806:+,56,33
NC_002516.2:1192053-1192382:+,25,45
NC_002516.2:1192405-1194201:+,44,135
NC_002516.2:1194207-1195223:+,47,68
NC_002516.2:1195225-1196031:+,38,48
NC_002516.2:1196021-1197376:+,36,37
NC_002516.2:1197390-1197833:+,6,3
NC_002516.2:1197838-1198551:-,11,5
NC_002516.2:1198750-1199946:-,8,11
NC_002516.2:1200063-1201220:-,1,2
NC_002516.2:1201310-1202089:+,7,7
NC_002516.2:1202094-1202804:-,28,18
NC_002516.2:1202917-1203540:+,1,7
NC_002516.2:1203633-1204781:+,12,10
NC_002516.2:1204785-1205006:-,12,14
NC_002516.2:1205107-1205298:-,68,73
NC_002516.2:1205771-1207537:+,16,7
NC_002516.2:1207540-1207875:-,7,9
NC_002516.2:1207979-1210303:-,27,28
NC_002516.2:1210558-1211397:+,36,6
NC_002516.2:1211407-1211781:-,19,7
NC_002516.2:1211888-1212571:-,32,31
NC_002516.2:1212717-1213223:-,25,19
NC_002516.2:1213195-1214502:-,28,16
NC_002516.2:1214502-1215074:-,21,33
NC_002516.2:1216120-1216440:-,5,4
NC_002516.2:1216671-1218167:+,36,20
NC_002516.2:1218181-1218933:+,5,9
NC_002516.2:1218940-1219527:-,53,32
NC_002516.2:1219621-1220610:-,513,170
NC_002516.2:1220745-1221656:+,4,3
NC_002516.2:1221691-1222098:+,4,0
NC_002516.2:1222095-1223072:-,29,13
NC_002516.2:1223060-1224328:-,34,27
NC_002516.2:1224641-1225330:+,7,9
NC_002516.2:1225340-1225690:-,1,0
NC_002516.2:1225757-1226278:-,0,2
NC_002516.2:1226427-1227302:-,37,7
NC_002516.2:1227474-1228205:+,11,5
NC_002516.2:1228212-1229198:-,1,2
NC_002516.2:1229344-1230219:+,5,5
NC_002516.2:1230310-1231158:+,14,3
NC_002516.2:1231256-1232092:-,16,7
NC_002516.2:1232229-1233131:-,10,2
NC_002516.2:1233297-1234013:-,15,4
NC_002516.2:1234095-1234748:-,2,3
NC_002516.2:1234816-1236150:-,1,0
NC_002516.2:1236644-1237546:+,10,10
NC_002516.2:1237551-1238732:-,1,0
NC_002516.2:1238834-1240324:-,5,3
NC_002516.2:1240584-1242500:-,3,2
NC_002516.2:1242750-1243118:-,2,7
NC_002516.2:1243594-1245663:+,109,53
NC_002516.2:1245665-1245928:+,136,24
NC_002516.2:1247932-1248486:-,2,1
NC_002516.2:1249019-1249552:-,2,2
NC_002516.2:1249907-1251154:-,485,187
NC_002516.2:1251418-1254309:-,895,135
NC_002516.2:1255042-1255752:+,44,15
NC_002516.2:1256094-1257452:+,21,8
NC_002516.2:1257772-1257981:+,2028,283
NC_002516.2:1258087-1258470:-,22,8
NC_002516.2:1258488-1259291:-,12,7
NC_002516.2:1259291-1260442:-,60,13
NC_002516.2:1260557-1263166:-,5,7
NC_002516.2:1263378-1264190:+,17,8
NC_002516.2:1264191-1264919:-,5,2
NC_002516.2:1265147-1265935:-,3,4
NC_002516.2:1266111-1266782:+,4,7
NC_002516.2:1267282-1267602:+,4303,301
NC_002516.2:1267680-1269737:+,1748,344
NC_002516.2:1269781-1270515:-,24,30
NC_002516.2:1270972-1272168:+,51,17
NC_002516.2:1272200-1272796:-,13,6
NC_002516.2:1272807-1273298:-,9,0
NC_002516.2:1273309-1275798:-,39,33
NC_002516.2:1275795-1276124:-,4,3
NC_002516.2:1276117-1276608:-,10,5
NC_002516.2:1276617-1276784:-,9,17
NC_002516.2:1277006-1277608:+,157,24
NC_002516.2:1277688-1278365:+,107,20
NC_002516.2:1278362-1279708:+,43,23
NC_002516.2:1279810-1283172:+,21,40
NC_002516.2:1283176-1284177:-,7,7
NC_002516.2:1284513-1285823:+,0,6
NC_002516.2:1285898-1286788:-,5,1
NC_002516.2:1286990-1287619:+,1,1
NC_002516.2:1287616-1288635:+,2,1
NC_002516.2:1288737-1289876:+,4,4
NC_002516.2:1289965-1291146:+,19,3
NC_002516.2:1291148-1291645:-,13,12
NC_002516.2:1291813-1292412:-,58,6
NC_002516.2:1292571-1293164:-,7,7
NC_002516.2:1293267-1294091:+,69,39
NC_002516.2:1294138-1294809:+,19,18
NC_002516.2:1294811-1296229:-,0,4
NC_002516.2:1296334-1297098:-,4,3
NC_002516.2:1297309-1298709:+,8,16
NC_002516.2:1298722-1299492:+,14,17
NC_002516.2:1299558-1300175:+,201,115
NC_002516.2:1300258-1300791:+,47,18
NC_002516.2:1300811-1301473:+,21,18
NC_002516.2:1301481-1302395:-,12,5
NC_002516.2:1302696-1303313:+,195,39
NC_002516.2:1303457-1303864:+,29,6
NC_002516.2:1303892-1304449:+,42,11
NC_002516.2:1304476-1305423:+,56,21
NC_002516.2:1305583-1306056:+,24,7
NC_002516.2:1306059-1307900:+,31,17
NC_002516.2:1308067-1309566:+,7,6
NC_002516.2:1309583-1310518:-,27,15
NC_002516.2:1310688-1311386:-,2,5
NC_002516.2:1311504-1312139:-,0,1
NC_002516.2:1312136-1313365:-,0,4
NC_002516.2:1313362-1314321:-,1,0
NC_002516.2:1314318-1315916:-,0,1
NC_002516.2:1315916-1317202:-,6,5
NC_002516.2:1317404-1318150:-,5,4
NC_002516.2:1318147-1319514:-,8,3
NC_002516.2:1319511-1320389:-,4,3
NC_002516.2:1320386-1321000:-,2,1
NC_002516.2:1320994-1322256:-,4,7
NC_002516.2:1322253-1324109:-,11,2
NC_002516.2:1324793-1325950:-,18,15
NC_002516.2:1326046-1326939:-,4,2
NC_002516.2:1327024-1327803:+,12,2
NC_002516.2:1327813-1328439:-,2,1
NC_002516.2:1328545-1329153:+,9,2
NC_002516.2:1329192-1330040:+,6,5
NC_002516.2:1330117-1330467:-,2,0
NC_002516.2:1330577-1331383:-,2,3
NC_002516.2:1331517-1331714:+,3,0
NC_002516.2:1331727-1332635:+,4,1
NC_002516.2:1332635-1334674:+,4,6
NC_002516.2:1334671-1334928:+,1,0
NC_002516.2:1334950-1335453:-,33,10
NC_002516.2:1335645-1336427:+,14,5
NC_002516.2:1336430-1337941:-,3,5
NC_002516.2:1337931-1339082:-,3,2
NC_002516.2:1339079-1340527:-,1,2
NC_002516.2:1340910-1341794:-,1,6
NC_002516.2:1341851-1342648:-,10,2
NC_002516.2:1342813-1343373:+,2,10
NC_002516.2:1343453-1345225:+,5,18
NC_002516.2:1345248-1347824:-,27,44
NC_002516.2:1348060-1348401:-,115,36
NC_002516.2:1349416-1350660:+,17,8
NC_002516.2:1350747-1352528:+,11,18
NC_002516.2:1352525-1353823:+,8,6
NC_002516.2:1353827-1355272:+,6,4
NC_002516.2:1355631-1357070:+,57,13
NC_002516.2:1357317-1357712:+,65,16
NC_002516.2:1357725-1359350:-,6,2
NC_002516.2:1359590-1360594:+,13,5
NC_002516.2:1360698-1362278:-,0,4
NC_002516.2:1362371-1363288:-,1,7
NC_002516.2:1363439-1364473:-,4,4
NC_002516.2:1364499-1365221:-,2,2
NC_002516.2:1365218-1365862:-,2,2
NC_002516.2:1365873-1366538:-,2,1
NC_002516.2:1366538-1368280:-,2,4
NC_002516.2:1368339-1369160:-,6,2
NC_002516.2:1369418-1370092:-,4,1
NC_002516.2:1370257-1371699:-,4,2
NC_002516.2:1371738-1372682:+,14,13
NC_002516.2:1372979-1373845:-,3,3
NC_002516.2:1373945-1374847:+,0,0
NC_002516.2:1374844-1376097:-,3,1
NC_002516.2:1376327-1377442:-,1,0
NC_002516.2:1377439-1378383:-,1,2
NC_002516.2:1378500-1379168:-,13,10
NC_002516.2:1379413-1381452:+,7,6
NC_002516.2:1381804-1383654:+,68,31
NC_002516.2:1383718-1384329:+,67,11
NC_002516.2:1384361-1385668:+,23,7
NC_002516.2:1385670-1386326:+,29,8
NC_002516.2:1386323-1387261:+,34,12
NC_002516.2:1387254-1388249:+,35,13
NC_002516.2:1388242-1389714:+,44,19
NC_002516.2:1389707-1390228:+,25,5
NC_002516.2:1390225-1391280:+,34,13
NC_002516.2:1391277-1391861:+,21,8
NC_002516.2:1391864-1392601:+,15,9
NC_002516.2:1392564-1394069:-,1,1
NC_002516.2:1394188-1394748:+,22,6
NC_002516.2:1394779-1396599:-,6,4
NC_002516.2:1396731-1397180:+,10,4
NC_002516.2:1397254-1398453:+,2,0
NC_002516.2:1398618-1399172:+,36,10
NC_002516.2:1399231-1400505:-,223,43
NC_002516.2:1400711-1401190:-,0,0
NC_002516.2:1401412-1402005:-,4,0
NC_002516.2:1402117-1402956:+,12,3
NC_002516.2:1402981-1403835:-,47,13
NC_002516.2:1404136-1405197:-,84,16
NC_002516.2:1405338-1406462:+,53,17
NC_002516.2:1406459-1406752:+,17,3
NC_002516.2:1407007-1407939:+,37,31
NC_002516.2:1407951-1408931:-,10,1
NC_002516.2:1408999-1409274:+,2,2
NC_002516.2:1409351-1409800:+,23,8
NC_002516.2:1409949-1410476:+,3,3
NC_002516.2:1410473-1411456:+,2,1
NC_002516.2:1411585-1414140:+,7,13
NC_002516.2:1414147-1414686:-,5,5
NC_002516.2:1414763-1416814:-,64,15
NC_002516.2:1416963-1417436:+,64,47
NC_002516.2:1417500-1417961:+,30,20
NC_002516.2:1417965-1418738:+,86,48
NC_002516.2:1418765-1419289:+,18,7
NC_002516.2:1419298-1420158:-,9,3
NC_002516.2:1420326-1421441:+,9,2
NC_002516.2:1421477-1422304:+,2,4
NC_002516.2:1422355-1423266:-,3,2
NC_002516.2:1423374-1424732:+,4,2
NC_002516.2:1424746-1425132:+,7,2
NC_002516.2:1425140-1425754:-,8,8
NC_002516.2:1425912-1427453:+,5,4
NC_002516.2:1428080-1429075:+,83,20
NC_002516.2:1429082-1431058:+,137,27
NC_002516.2:1431062-1431691:+,37,8
NC_002516.2:1431691-1432026:+,39,20
NC_002516.2:1432037-1432927:+,29,29
NC_002516.2:1433166-1435364:+,6,4
NC_002516.2:1435493-1435825:+,62,79
NC_002516.2:1435885-1436397:+,29,77
NC_002516.2:1436663-1437070:+,68,11
NC_002516.2:1437067-1438614:+,165,18
NC_002516.2:1438706-1440676:+,30,33
NC_002516.2:1440639-1441547:-,8,2
NC_002516.2:1441632-1442063:+,0,0
NC_002516.2:1442069-1442848:+,8,3
NC_002516.2:1442904-1444451:-,5,7
NC_002516.2:1444720-1445271:-,0,2
NC_002516.2:1445405-1445611:-,25,3
NC_002516.2:1445806-1446918:-,3,1
NC_002516.2:1447226-1448503:-,6,7
NC_002516.2:1448548-1450449:-,21,19
NC_002516.2:1450545-1451633:-,118,29
NC_002516.2:1451719-1453392:-,69,28
NC_002516.2:1453470-1454204:-,62,20
NC_002516.2:1454201-1454869:-,32,9
NC_002516.2:1454866-1455612:-,50,17
NC_002516.2:1455815-1456723:-,352,119
NC_002516.2:1457175-1457633:+,4,1
NC_002516.2:1457729-1458523:+,39,6
NC_002516.2:1458707-1460296:+,6,3
NC_002516.2:1460307-1461854:-,6,7
NC_002516.2:1461938-1462630:-,2,3
NC_002516.2:1462696-1463403:+,6,5
NC_002516.2:1463586-1463936:+,3,2
NC_002516.2:1464111-1464860:+,8,2
NC_002516.2:1464878-1466101:+,5,1
NC_002516.2:1466109-1467320:-,2,2
NC_002516.2:1467488-1467901:-,10,9
NC_002516.2:1467938-1468363:-,18,6
NC_002516.2:1468510-1468890:+,0,4
NC_002516.2:1468913-1470019:+,5,4
NC_002516.2:1470088-1470564:+,33,6
NC_002516.2:1470580-1470978:-,3,9
NC_002516.2:1471016-1471672:-,4,2
NC_002516.2:1471671-1472564:+,10,4
NC_002516.2:1472547-1473980:-,31,12
NC_002516.2:1474391-1474714:+,1,0
NC_002516.2:1474727-1475467:+,15,3
NC_002516.2:1475464-1476306:+,12,2
NC_002516.2:1476384-1478825:+,4,8
NC_002516.2:1479021-1479791:-,26,50
NC_002516.2:1480215-1481051:-,7,12
NC_002516.2:1481334-1482758:-,6,12
NC_002516.2:1483123-1483875:+,169,34
NC_002516.2:1483898-1485763:+,139,66
NC_002516.2:1486266-1486967:-,397,81
NC_002516.2:1486960-1489095:-,1178,200
NC_002516.2:1489815-1491083:-,15,2
NC_002516.2:1491192-1491698:+,2,3
NC_002516.2:1491913-1493055:+,30,9
NC_002516.2:1493090-1494823:-,54,26
NC_002516.2:1494959-1495492:+,28,10
NC_002516.2:1495635-1495997:+,16,15
NC_002516.2:1496087-1496920:-,6,4
NC_002516.2:1497012-1497977:+,6,7
NC_002516.2:1498338-1498829:+,1,1
NC_002516.2:1498813-1501092:+,15,18
NC_002516.2:1501611-1503416:+,17,11
NC_002516.2:1503568-1504581:+,4,7
NC_002516.2:1504605-1505729:+,5,7
NC_002516.2:1505749-1507017:+,3,11
NC_002516.2:1507164-1508720:+,4,5
NC_002516.2:1508737-1509465:+,7,3
NC_002516.2:1509562-1511046:+,8,12
NC_002516.2:1511232-1512266:+,8,11
NC_002516.2:1512260-1514035:+,7,12
NC_002516.2:1514036-1515280:+,22,9
NC_002516.2:1515337-1515927:-,3,4
NC_002516.2:1516433-1516687:+,1,1
NC_002516.2:1516703-1517119:+,10,6
NC_002516.2:1517146-1518768:-,18,14
NC_002516.2:1518914-1519546:+,7,5
NC_002516.2:1519627-1519968:+,12,3
NC_002516.2:1519984-1520904:-,7,1
NC_002516.2:1521109-1524396:+,13,2
NC_002516.2:1524424-1524831:-,4,6
NC_002516.2:1524909-1525574:-,9,5
NC_002516.2:1525667-1526299:+,3,1
NC_002516.2:1526430-1526657:-,10,5
NC_002516.2:1527191-1528783:+,11,8
NC_002516.2:1528803-1529561:-,5,5
NC_002516.2:1529597-1530538:-,10,4
NC_002516.2:1530605-1533028:-,16,18
NC_002516.2:1533238-1534278:+,4,3
NC_002516.2:1534289-1535380:+,5,0
NC_002516.2:1535586-1536497:+,7,0
NC_002516.2:1536457-1537650:-,0,1
NC_002516.2:1537755-1538627:+,15,9
NC_002516.2:1538683-1538916:+,55,893
NC_002516.2:1538976-1539704:-,5,2
NC_002516.2:1539749-1541131:-,2,0
NC_002516.2:1541145-1542746:-,6,5
NC_002516.2:1542822-1544213:-,2,1
NC_002516.2:1544307-1545818:-,4,0
NC_002516.2:1545837-1546256:-,0,1
NC_002516.2:1546271-1547230:-,1,1
NC_002516.2:1547437-1548330:+,13,2
NC_002516.2:1548334-1549587:-,41,12
NC_002516.2:1549883-1550494:+,9,4
NC_002516.2:1550452-1550787:-,2,2
NC_002516.2:1550984-1552600:+,8,23
NC_002516.2:1552566-1554155:-,10,6
NC_002516.2:1554415-1554846:+,11,11
NC_002516.2:1555012-1557720:+,11,29
NC_002516.2:1558171-1558890:+,127,98
NC_002516.2:1558880-1559122:-,155,13
NC_002516.2:1559254-1559859:+,1139,130
NC_002516.2:1559966-1561918:-,32,5
NC_002516.2:1561919-1562632:-,5,7
NC_002516.2:1562813-1563970:+,2,1
NC_002516.2:1563967-1567077:+,4,10
NC_002516.2:1567181-1567870:+,20,9
NC_002516.2:1567848-1569293:+,14,1
NC_002516.2:1569302-1569709:-,6,11
NC_002516.2:1569721-1570308:-,110,67
NC_002516.2:1570496-1571779:+,67,49
NC_002516.2:1572023-1572544:+,30,57
NC_002516.2:1572552-1573523:+,61,64
NC_002516.2:1573551-1574024:+,126,20
NC_002516.2:1574026-1574478:+,13,12
NC_002516.2:1574475-1575242:+,16,16
NC_002516.2:1575290-1575559:+,24,11
NC_002516.2:1575559-1576335:+,9,9
NC_002516.2:1576338-1577474:+,12,10
NC_002516.2:1577547-1578806:+,31,18
NC_002516.2:1578839-1580182:+,26,5
NC_002516.2:1580321-1582444:+,41,156
NC_002516.2:1582528-1583817:+,194,216
NC_002516.2:1583956-1584798:+,147,110
NC_002516.2:1584795-1585538:+,138,84
NC_002516.2:1585640-1586014:+,133,62
NC_002516.2:1586034-1586822:+,122,110
NC_002516.2:1587023-1589284:+,264,161
NC_002516.2:1589338-1590444:+,98,60
NC_002516.2:1590533-1591273:+,40,35
NC_002516.2:1591286-1592176:+,31,26
NC_002516.2:1592271-1593059:+,43,81
NC_002516.2:1593151-1594041:+,65,30
NC_002516.2:1594087-1594566:+,216,80
NC_002516.2:1594597-1595004:+,40,23
NC_002516.2:1595032-1595718:-,5,6
NC_002516.2:1595827-1596798:+,11,10
NC_002516.2:1596889-1597305:+,2,0
NC_002516.2:1597365-1598087:+,3,5
NC_002516.2:1598221-1598958:+,9,4
NC_002516.2:1599024-1599320:-,10,6
NC_002516.2:1599428-1599982:-,7,5
NC_002516.2:1600083-1600418:-,12,5
NC_002516.2:1600415-1601893:-,28,20
NC_002516.2:1602179-1602880:+,20,33
NC_002516.2:1602877-1603548:+,18,27
NC_002516.2:1603671-1604429:+,38,39
NC_002516.2:1604426-1604602:+,7,6
NC_002516.2:1604599-1605087:+,65,10
NC_002516.2:1605088-1607061:+,126,43
NC_002516.2:1607065-1607607:+,38,14
NC_002516.2:1607604-1608071:+,15,3
NC_002516.2:1608068-1609291:+,37,23
NC_002516.2:1609318-1609734:+,16,9
NC_002516.2:1609738-1610544:-,14,3
NC_002516.2:1610745-1612112:+,6,1
NC_002516.2:1612126-1613226:+,7,1
NC_002516.2:1613234-1614649:-,10,4
NC_002516.2:1614670-1615908:-,5,0
NC_002516.2:1615895-1617085:-,7,3
NC_002516.2:1617489-1618265:-,4,3
NC_002516.2:1618612-1619847:+,4,0
NC_002516.2:1619907-1620263:+,2,2
NC_002516.2:1620345-1621343:-,178,88
NC_002516.2:1621472-1623127:-,38,11
NC_002516.2:1623251-1623877:-,3,0
NC_002516.2:1623864-1624715:-,3,7
NC_002516.2:1624781-1625695:-,0,0
NC_002516.2:1626062-1627495:-,4,8
NC_002516.2:1627497-1628762:-,6,0
NC_002516.2:1629059-1629949:-,2,1
NC_002516.2:1630024-1630806:-,2,0
NC_002516.2:1630902-1632677:-,7,2
NC_002516.2:1633006-1633437:+,4,2
NC_002516.2:1633842-1634492:-,22,27
NC_002516.2:1634728-1635723:+,57,62
NC_002516.2:1635908-1636237:+,3,7
NC_002516.2:1636329-1637696:-,20,7
NC_002516.2:1638379-1638639:-,15,4
NC_002516.2:1638652-1639794:-,243,57
NC_002516.2:1639791-1641500:-,98,55
NC_002516.2:1641497-1644025:-,10,2
NC_002516.2:1644207-1644725:-,0,0
NC_002516.2:1645211-1646488:-,18,10
NC_002516.2:1646537-1647046:-,16,4
NC_002516.2:1647101-1648099:-,15,5
NC_002516.2:1648117-1648632:-,9,1
NC_002516.2:1648629-1649555:-,41,6
NC_002516.2:1649928-1650308:+,17,4
NC_002516.2:1650549-1651898:-,8,2
NC_002516.2:1652273-1653052:+,40,29
NC_002516.2:1653106-1654410:-,10,6
NC_002516.2:1654480-1655319:-,7,13
NC_002516.2:1655346-1657745:-,13,9
NC_002516.2:1657738-1659192:-,9,1
NC_002516.2:1659413-1660546:-,7,5
NC_002516.2:1660727-1661386:+,21,30
NC_002516.2:1661412-1664900:+,162,137
NC_002516.2:1665065-1665934:+,170,117
NC_002516.2:1666025-1668409:+,100,55
NC_002516.2:1668455-1668832:+,50,14
NC_002516.2:1669086-1669952:-,0,3
NC_002516.2:1669989-1672034:+,132,68
NC_002516.2:1672080-1672406:+,281,46
NC_002516.2:1672485-1673081:+,33,13
NC_002516.2:1673204-1674352:+,22,14
NC_002516.2:1674365-1674904:-,4,4
NC_002516.2:1674978-1675865:-,3,3
NC_002516.2:1675862-1677445:-,8,7
NC_002516.2:1677559-1678407:+,11,6
NC_002516.2:1678261-1678590:-,1,4
NC_002516.2:1678584-1678952:-,7,1
NC_002516.2:1679361-1680197:-,5,14
NC_002516.2:1680437-1680985:-,21,24
NC_002516.2:1681071-1681805:-,231,260
NC_002516.2:1682051-1682518:+,55,8
NC_002516.2:1682567-1683949:-,6,237
NC_002516.2:1684077-1684760:-,5,11
NC_002516.2:1684753-1684962:-,6,9
NC_002516.2:1684941-1687376:-,24,36
NC_002516.2:1687373-1687912:-,11,24
NC_002516.2:1687924-1689339:-,65,124
NC_002516.2:1689557-1690513:-,239,109
NC_002516.2:1690510-1690695:-,276,98
NC_002516.2:1690701-1691312:-,294,145
NC_002516.2:1691327-1692754:-,348,135
NC_002516.2:1693119-1694045:-,7,84
NC_002516.2:1694042-1694227:-,2,35
NC_002516.2:1694233-1694841:-,2,71
NC_002516.2:1694852-1696279:-,6,82
NC_002516.2:1696467-1697099:+,4,3
NC_002516.2:1698382-1699947:-,69,73
NC_002516.2:1700320-1703052:-,243,80
NC_002516.2:1703379-1704437:+,39,11
NC_002516.2:1704522-1704761:+,10,3
NC_002516.2:1704793-1706103:-,4,3
NC_002516.2:1706172-1707536:-,1,2
NC_002516.2:1708004-1709401:-,3,2
NC_002516.2:1709412-1709765:-,0,0
NC_002516.2:1709821-1711191:-,3,5
NC_002516.2:1711569-1712450:+,11,12
NC_002516.2:1712519-1712698:-,124,21
NC_002516.2:1712908-1714053:+,72,23
NC_002516.2:1714064-1714660:+,40,23
NC_002516.2:1714778-1715059:-,83,10
NC_002516.2:1715154-1715705:-,6,4
NC_002516.2:1715809-1716675:+,73,32
NC_002516.2:1716682-1717023:-,8,2
NC_002516.2:1717139-1717894:+,12,7
NC_002516.2:1717998-1718252:+,4,1
NC_002516.2:1718386-1718994:+,409,88
NC_002516.2:1719109-1720395:-,1182,290
NC_002516.2:1720744-1721130:+,642,391
NC_002516.2:1721124-1721492:+,440,238
NC_002516.2:1721496-1723268:+,1124,648
NC_002516.2:1723280-1723987:+,1103,707
NC_002516.2:1724244-1727075:+,1675,798
NC_002516.2:1727118-1728347:+,845,284
NC_002516.2:1728416-1729852:+,1896,410
NC_002516.2:1730181-1731347:+,1925,491
NC_002516.2:1731347-1732234:+,892,234
NC_002516.2:1732545-1733858:+,51,54
NC_002516.2:1734004-1734768:+,10,9
NC_002516.2:1734827-1735063:-,565,200
NC_002516.2:1735236-1735709:+,19,8
NC_002516.2:1735706-1736152:+,13,1
NC_002516.2:1736189-1737418:+,27,12
NC_002516.2:1737536-1739440:+,378,79
NC_002516.2:1739508-1740233:+,61,23
NC_002516.2:1740244-1741065:-,9,2
NC_002516.2:1741146-1741928:+,6,2
NC_002516.2:1741939-1743240:-,2,5
NC_002516.2:1743290-1745536:-,15,9
NC_002516.2:1745533-1746024:-,3,0
NC_002516.2:1746231-1746653:-,3,5
NC_002516.2:1746692-1747597:-,11,9
NC_002516.2:1747596-1748630:+,9,11
NC_002516.2:1748699-1749175:+,3,0
NC_002516.2:1749349-1749789:-,11,17
NC_002516.2:1749895-1751520:-,44,28
NC_002516.2:1751674-1752891:-,198,583
NC_002516.2:1752903-1753418:-,266,274
NC_002516.2:1753607-1755562:-,51,73
NC_002516.2:1755559-1756317:-,21,10
NC_002516.2:1756489-1758597:-,37,33
NC_002516.2:1758748-1759770:+,46,17
NC_002516.2:1759784-1760125:+,30,5
NC_002516.2:1760122-1760586:+,24,8
NC_002516.2:1760713-1762380:+,21,18
NC_002516.2:1762433-1762870:+,61,8
NC_002516.2:1762928-1763752:+,21,3
NC_002516.2:1763793-1764434:+,1,2
NC_002516.2:1764536-1765348:+,14,10
NC_002516.2:1765345-1766205:+,15,4
NC_002516.2:1766285-1766947:+,37,11
NC_002516.2:1766956-1767762:+,22,27
NC_002516.2:1767928-1768995:+,19,21
NC_002516.2:1769047-1770321:-,6,2
NC_002516.2:1770337-1770984:-,1,0
NC_002516.2:1771122-1772651:-,14,5
NC_002516.2:1772655-1773440:-,11,7
NC_002516.2:1773682-1774548:+,22,3
NC_002516.2:1774603-1775757:+,14,7
NC_002516.2:1775849-1776034:+,0,1
NC_002516.2:1776045-1777739:+,9,4
NC_002516.2:1777751-1779823:+,9,8
NC_002516.2:1779877-1780428:+,0,2
NC_002516.2:1780536-1783193:+,16,8
NC_002516.2:1783294-1783986:+,10,2
NC_002516.2:1784108-1785016:+,14,4
NC_002516.2:1785127-1785732:+,21,11
NC_002516.2:1785736-1786773:-,26,10
NC_002516.2:1786888-1787166:+,18,5
NC_002516.2:1787250-1788284:+,40,10
NC_002516.2:1788284-1789393:+,29,12
NC_002516.2:1789372-1789719:-,6,7
NC_002516.2:1789857-1790465:+,14,0
NC_002516.2:1790472-1790879:-,13,1
NC_002516.2:1791080-1793038:+,7,4
NC_002516.2:1793019-1794740:-,12,28
NC_002516.2:1794883-1795887:-,11,7
NC_002516.2:1796138-1796899:+,2,2
NC_002516.2:1797058-1797951:+,8,2
NC_002516.2:1797958-1799154:-,36,48
NC_002516.2:1799385-1800020:+,11,7
NC_002516.2:1800071-1800547:-,1,4
NC_002516.2:1800629-1801795:+,37,6
NC_002516.2:1801851-1802453:+,27,9
NC_002516.2:1803626-1805182:+,11,22
NC_002516.2:1805218-1805724:+,7,11
NC_002516.2:1805753-1807228:+,51,10
NC_002516.2:1807241-1807648:+,3,4
NC_002516.2:1808193-1809773:+,10,6
NC_002516.2:1809737-1810744:+,6,3
NC_002516.2:1810751-1813384:+,20,7
NC_002516.2:1813395-1814906:+,4,3
NC_002516.2:1814995-1815135:+,0,0
NC_002516.2:1815153-1816346:+,6,7
NC_002516.2:1816352-1816858:+,3,5
NC_002516.2:1816855-1818186:+,4,3
NC_002516.2:1818189-1819058:+,5,4
NC_002516.2:1819074-1822601:+,23,18
NC_002516.2:1822601-1823329:+,3,3
NC_002516.2:1823326-1824315:+,4,8
NC_002516.2:1824343-1824723:-,4,15
NC_002516.2:1824969-1825430:+,8,53
NC_002516.2:1825495-1826040:-,86,34
NC_002516.2:1826118-1826675:-,13,4
NC_002516.2:1826732-1827052:-,26,4
NC_002516.2:1827225-1827821:-,60,21
NC_002516.2:1827992-1828906:+,70,15
NC_002516.2:1828931-1829710:-,18,22
NC_002516.2:1829788-1830771:-,6,6
NC_002516.2:1830879-1831970:+,132,24
NC_002516.2:1832014-1833165:+,21,14
NC_002516.2:1833162-1833779:+,60,14
NC_002516.2:1833776-1834321:+,45,32
NC_002516.2:1834393-1835142:+,31,7
NC_002516.2:1835325-1836218:-,12,12
NC_002516.2:1836367-1837227:+,59,11
NC_002516.2:1837388-1838257:+,78,50
NC_002516.2:1838260-1840362:+,190,65
NC_002516.2:1840468-1841517:-,2,2
NC_002516.2:1841514-1842302:-,3,0
NC_002516.2:1842299-1842565:-,3,0
NC_002516.2:1842568-1843221:-,2,5
NC_002516.2:1843218-1844147:-,1,1
NC_002516.2:1844144-1845253:-,2,1
NC_002516.2:1845241-1845717:-,0,0
NC_002516.2:1845714-1847036:-,2,1
NC_002516.2:1847227-1848093:+,3,3
NC_002516.2:1848074-1848352:+,1,1
NC_002516.2:1848339-1848710:+,2,1
NC_002516.2:1848707-1849072:+,1,0
NC_002516.2:1849077-1849406:+,1,0
NC_002516.2:1849403-1851523:+,6,10
NC_002516.2:1851520-1851954:+,2,3
NC_002516.2:1851982-1852278:+,2,1
NC_002516.2:1852288-1853172:+,3,1
NC_002516.2:1853181-1853684:+,0,0
NC_002516.2:1853665-1854837:+,14,7
NC_002516.2:1854849-1855736:+,6,1
NC_002516.2:1855862-1856299:+,10,6
NC_002516.2:1856308-1856553:+,3,1
NC_002516.2:1856562-1856975:+,6,5
NC_002516.2:1857273-1858109:+,0,3
NC_002516.2:1858207-1859037:+,21,10
NC_002516.2:1859071-1859493:+,4,3
NC_002516.2:1859493-1861295:+,5,6
NC_002516.2:1861297-1862595:+,5,3
NC_002516.2:1862558-1862761:+,2,0
NC_002516.2:1862764-1863021:+,2,0
NC_002516.2:1863024-1863371:+,3,1
NC_002516.2:1863368-1863799:+,1,1
NC_002516.2:1863799-1864137:+,2,1
NC_002516.2:1864134-1864880:+,2,0
NC_002516.2:1864889-1865515:+,2,1
NC_002516.2:1865494-1866138:+,3,1
NC_002516.2:1866241-1868535:-,29,14
NC_002516.2:1868706-1870763:-,30,37
NC_002516.2:1871116-1871457:+,41,38
NC_002516.2:1871555-1872202:+,20,17
NC_002516.2:1872602-1874014:+,13,17
NC_002516.2:1874017-1874970:+,6,11
NC_002516.2:1874967-1875767:+,9,10
NC_002516.2:1875849-1876580:+,12,9
NC_002516.2:1876588-1877409:-,9,1
NC_002516.2:1877522-1878409:+,3,8
NC_002516.2:1878980-1880185:+,28,4
NC_002516.2:1880199-1882343:+,42,12
NC_002516.2:1882595-1883509:-,10,1
NC_002516.2:1883661-1884632:+,7,4
NC_002516.2:1884655-1885653:+,5,1
NC_002516.2:1885662-1886033:-,75,8
NC_002516.2:1886278-1887000:+,23,9
NC_002516.2:1887058-1887297:-,0,2
NC_002516.2:1887325-1887543:-,0,0
NC_002516.2:1887698-1888186:-,9,12
NC_002516.2:1888407-1888913:+,12,23
NC_002516.2:1888985-1889173:-,0,0
NC_002516.2:1889323-1890012:-,39,5
NC_002516.2:1890196-1890681:+,205,58
NC_002516.2:1890739-1891815:-,264,64
NC_002516.2:1892133-1892510:+,8,10
NC_002516.2:1892510-1893457:+,118,49
NC_002516.2:1893620-1894117:+,36,22
NC_002516.2:1894249-1895223:+,122,74
NC_002516.2:1895280-1895627:-,6,6
NC_002516.2:1895692-1896495:-,43,47
NC_002516.2:1896630-1897247:+,107,14
NC_002516.2:1897290-1898651:-,15,15
NC_002516.2:1898816-1901521:+,65,45
NC_002516.2:1901524-1904247:+,83,64
NC_002516.2:1904479-1904916:+,45,8
NC_002516.2:1904995-1905756:+,11,20
NC_002516.2:1905797-1906822:+,5,4
NC_002516.2:1906842-1908440:+,8,5
NC_002516.2:1908454-1909641:+,10,3
NC_002516.2:1909698-1910681:-,159,139
NC_002516.2:1910685-1912211:-,229,99
NC_002516.2:1912217-1912756:-,34,31
NC_002516.2:1913047-1913871:-,44,13
NC_002516.2:1914037-1916412:+,1206,316
NC_002516.2:1916482-1917492:+,17,14
NC_002516.2:1917599-1918087:+,319,49
NC_002516.2:1918275-1919273:+,32,45
NC_002516.2:1919322-1919576:+,76,109
NC_002516.2:1919579-1920403:+,142,344
NC_002516.2:1920568-1921065:+,82,561
NC_002516.2:1921174-1922226:+,19805,5996
NC_002516.2:1922295-1923032:-,6,1
NC_002516.2:1923044-1925770:-,8,15
NC_002516.2:1925797-1926123:-,1,0
NC_002516.2:1926176-1928626:-,18,7
NC_002516.2:1928894-1930489:-,3,4
NC_002516.2:1930564-1931775:-,0,0
NC_002516.2:1932129-1932824:-,9,17
NC_002516.2:1933054-1933632:-,2,27
NC_002516.2:1933649-1934857:-,5,0
NC_002516.2:1935035-1937644:-,1285,274
NC_002516.2:1938026-1938493:+,9,3
NC_002516.2:1938549-1939412:-,59,147
NC_002516.2:1939583-1940206:+,36,8
NC_002516.2:1940255-1941586:-,55,12
NC_002516.2:1941720-1942442:-,69,32
NC_002516.2:1942447-1942944:-,607,174
NC_002516.2:1943067-1944737:+,427,100
NC_002516.2:1944747-1946129:+,287,89
NC_002516.2:1946187-1947041:-,105,43
NC_002516.2:1947994-1948215:+,10,10
NC_002516.2:1948502-1950334:-,12,5
NC_002516.2:1950439-1951725:-,21,11
NC_002516.2:1951726-1952433:-,26,21
NC_002516.2:1952665-1953975:+,952,331
NC_002516.2:1954069-1954710:+,524,179
NC_002516.2:1954815-1956095:+,1250,972
NC_002516.2:1956227-1958623:+,1174,620
NC_002516.2:1958759-1959031:+,9567,998
NC_002516.2:1959263-1961128:+,418,125
NC_002516.2:1961227-1962024:-,52,14
NC_002516.2:1962046-1963656:-,56,21
NC_002516.2:1963658-1964677:-,27,10
NC_002516.2:1964682-1965764:-,36,11
NC_002516.2:1965771-1967618:-,78,41
NC_002516.2:1967615-1969444:-,23,16
NC_002516.2:1969635-1971239:-,77,35
NC_002516.2:1971317-1972093:-,32,9
NC_002516.2:1972195-1972956:+,48,30
NC_002516.2:1972959-1973405:+,26,21
NC_002516.2:1973470-1974210:+,46,23
NC_002516.2:1974238-1974627:-,49,26
NC_002516.2:1974821-1977076:+,191,59
NC_002516.2:1977100-1978455:+,50,34
NC_002516.2:1978439-1979941:-,18,4
NC_002516.2:1980165-1980977:+,128,47
NC_002516.2:1981017-1982705:+,140,49
NC_002516.2:1982705-1983541:+,72,29
NC_002516.2:1983509-1984288:-,3,8
NC_002516.2:1984389-1985033:+,15,5
NC_002516.2:1985030-1985935:-,4,4
NC_002516.2:1986067-1986828:+,2,3
NC_002516.2:1986989-1987756:-,37,6
NC_002516.2:1987781-1988851:-,20,8
NC_002516.2:1989109-1989423:-,539,42
NC_002516.2:1989484-1990194:-,29,16
NC_002516.2:1990428-1991453:+,99,51
NC_002516.2:1991512-1992504:+,148,31
NC_002516.2:1992491-1993366:-,1,2
NC_002516.2:1993461-1993898:-,4,1
NC_002516.2:1994021-1994602:+,18,5
NC_002516.2:1994667-1995164:-,27,24
NC_002516.2:1995148-1996806:-,129,95
NC_002516.2:1997217-1997444:-,34,20
NC_002516.2:1997509-1998549:-,15,12
NC_002516.2:1998587-1998949:+,20,9
NC_002516.2:1998963-1999460:+,11,8
NC_002516.2:1999512-1999874:-,317,62
NC_002516.2:1999889-2003593:-,1349,408
NC_002516.2:2003868-2004332:-,34,3
NC_002516.2:2004374-2004892:-,42,5
NC_002516.2:2005254-2007542:+,54,36
NC_002516.2:2007665-2008249:+,146,54
NC_002516.2:2008308-2009477:-,4,3
NC_002516.2:2009482-2009724:-,0,0
NC_002516.2:2009747-2010751:-,6,7
NC_002516.2:2011000-2012205:+,9,9
NC_002516.2:2012255-2012530:-,122,156
NC_002516.2:2012815-2013678:+,14,11
NC_002516.2:2013666-2014823:-,2,0
NC_002516.2:2014915-2015136:-,0,0
NC_002516.2:2015139-2016581:-,9,2
NC_002516.2:2016928-2017851:-,35,19
NC_002516.2:2017967-2018794:-,4,2
NC_002516.2:2018803-2019690:-,5,2
NC_002516.2:2019776-2020603:+,12,11
NC_002516.2:2020625-2021710:-,26,20
NC_002516.2:2021712-2022398:-,36,26
NC_002516.2:2022411-2023166:-,198,41
NC_002516.2:2023281-2023931:-,20,9
NC_002516.2:2024065-2025744:+,22,13
NC_002516.2:2025737-2028013:+,10,7
NC_002516.2:2028103-2028312:+,10,3
NC_002516.2:2028454-2028981:+,0,2
NC_002516.2:2028968-2031298:+,6,7
NC_002516.2:2031466-2031705:+,6,9
NC_002516.2:2031988-2032413:+,7,0
NC_002516.2:2032695-2033951:+,13,5
NC_002516.2:2034066-2034857:-,18,9
NC_002516.2:2034918-2035940:-,4,8
NC_002516.2:2036441-2043847:+,20,13
NC_002516.2:2043847-2045124:+,9,2
NC_002516.2:2045114-2047285:+,7,9
NC_002516.2:2047275-2048462:+,2,17
NC_002516.2:2048570-2049148:-,5,3
NC_002516.2:2049237-2049791:-,9,2
NC_002516.2:2049949-2052144:-,306,91
NC_002516.2:2052149-2052610:-,39,9
NC_002516.2:2052941-2053264:+,4,11
NC_002516.2:2053277-2053675:+,0,1
NC_002516.2:2053672-2054223:-,3,2
NC_002516.2:2054309-2054842:+,3,2
NC_002516.2:2054911-2057274:+,28,16
NC_002516.2:2057278-2057946:-,5,2
NC_002516.2:2057930-2059339:-,3,4
NC_002516.2:2059569-2060552:+,41,29
NC_002516.2:2060566-2061189:-,45,8
NC_002516.2:2061278-2061667:-,5,4
NC_002516.2:2061664-2062401:-,37,12
NC_002516.2:2062398-2064827:-,47,47
NC_002516.2:2064853-2065545:-,169,58
NC_002516.2:2065493-2066767:-,149,54
NC_002516.2:2066786-2067955:-,48,25
NC_002516.2:2067961-2068728:-,139,26
NC_002516.2:2069490-2070203:+,4,3
NC_002516.2:2070685-2071173:+,1,0
NC_002516.2:2071209-2071697:+,4,2
NC_002516.2:2071721-2072938:+,0,0
NC_002516.2:2072935-2073558:+,0,0
NC_002516.2:2073555-2075438:+,0,0
NC_002516.2:2075452-2076288:+,0,0
NC_002516.2:2076311-2076958:+,0,0
NC_002516.2:2077047-2077583:-,24,2
NC_002516.2:2077626-2079266:-,8,6
NC_002516.2:2079263-2080474:-,3,4
NC_002516.2:2080661-2081812:-,2,1
NC_002516.2:2081853-2084267:-,2,7
NC_002516.2:2084476-2085426:-,6,2
NC_002516.2:2085423-2085929:-,3,1
NC_002516.2:2086021-2086701:-,11,5
NC_002516.2:2086808-2088034:-,8,4
NC_002516.2:2088602-2090149:-,21,21
NC_002516.2:2090213-2091445:-,0,2
NC_002516.2:2091490-2091837:-,1,1
NC_002516.2:2091850-2093250:-,3,2
NC_002516.2:2093444-2094142:-,2,5
NC_002516.2:2094329-2096356:-,1,10
NC_002516.2:2096514-2097323:-,81,11
NC_002516.2:2097491-2099452:+,240,72
NC_002516.2:2099452-2103297:+,193,92
NC_002516.2:2103294-2103770:+,64,37
NC_002516.2:2103770-2104096:+,59,41
NC_002516.2:2104597-2106447:+,52,71
NC_002516.2:2106580-2108880:+,9125,1041
NC_002516.2:2108942-2109511:-,0,1
NC_002516.2:2109558-2109854:-,7,2
NC_002516.2:2110226-2111521:+,14,18
NC_002516.2:2111691-2112203:+,9,8
NC_002516.2:2112200-2113189:+,4,2
NC_002516.2:2113186-2115390:+,2,4
NC_002516.2:2115885-2116265:+,9,7
NC_002516.2:2118585-2118893:+,1,0
NC_002516.2:2118926-2119747:+,0,2
NC_002516.2:2120225-2122222:-,373,92
NC_002516.2:2122579-2123718:-,27,5
NC_002516.2:2123897-2125792:-,38,10
NC_002516.2:2126104-2126334:-,76,5
NC_002516.2:2126396-2127493:-,10,10
NC_002516.2:2127684-2129171:+,38,21
NC_002516.2:2129307-2130635:+,9,3
NC_002516.2:2130854-2131813:+,20,14
NC_002516.2:2131835-2133367:+,15,10
NC_002516.2:2133391-2134389:+,18,8
NC_002516.2:2134393-2135406:+,35,14
NC_002516.2:2135460-2136386:+,10,15
NC_002516.2:2136520-2137785:-,10,10
NC_002516.2:2137846-2138598:-,2,0
NC_002516.2:2138612-2139292:-,1,0
NC_002516.2:2139354-2140376:-,7,3
NC_002516.2:2140433-2141002:-,0,5
NC_002516.2:2140999-2141487:-,1,3
NC_002516.2:2141790-2142317:-,7,9
NC_002516.2:2142314-2142889:-,7,7
NC_002516.2:2143173-2144006:+,52,14
NC_002516.2:2144077-2144799:+,6,2
NC_002516.2:2144810-2145745:-,8,2
NC_002516.2:2145894-2146502:+,2,6
NC_002516.2:2146609-2146875:+,62,32
NC_002516.2:2146961-2148526:-,66,90
NC_002516.2:2148854-2149189:+,22,7
NC_002516.2:2149472-2149843:+,3,1
NC_002516.2:2149864-2150364:-,34,6
NC_002516.2:2150524-2150781:+,3,6
NC_002516.2:2150828-2151220:+,15,8
NC_002516.2:2151287-2151526:-,6,3
NC_002516.2:2151755-2153068:-,40,17
NC_002516.2:2153594-2155297:+,2,6
NC_002516.2:2155374-2157701:+,34,11
NC_002516.2:2157968-2159167:+,7,5
NC_002516.2:2159270-2160433:+,83,18
NC_002516.2:2160363-2163008:+,170,36
NC_002516.2:2163010-2163873:-,13,6
NC_002516.2:2163883-2164548:-,75,14
NC_002516.2:2165213-2165863:+,49,10
NC_002516.2:2165876-2166553:+,38,13
NC_002516.2:2166580-2167227:-,14,1
NC_002516.2:2167281-2169152:-,631,79
NC_002516.2:2169464-2169901:+,82,19
NC_002516.2:2169988-2171508:+,84,19
NC_002516.2:2171865-2171936:+,300,45
NC_002516.2:2171989-2172903:+,145,40
NC_002516.2:2172913-2173665:+,176,44
NC_002516.2:2173662-2173940:+,32,13
NC_002516.2:2173912-2175057:+,65,41
NC_002516.2:2175062-2176888:+,73,41
NC_002516.2:2176974-2178137:+,14,14
NC_002516.2:2178121-2179815:+,28,10
NC_002516.2:2179848-2181056:-,3,11
NC_002516.2:2181181-2181744:-,13,10
NC_002516.2:2181741-2182097:-,6,3
NC_002516.2:2182116-2182394:-,7,2
NC_002516.2:2182452-2184407:-,26,16
NC_002516.2:2184475-2185395:-,6,9
NC_002516.2:2185527-2186225:+,6,2
NC_002516.2:2186260-2186916:+,2,0
NC_002516.2:2187065-2188246:+,32,11
NC_002516.2:2188459-2189883:+,8,13
NC_002516.2:2190084-2190854:-,10,1
NC_002516.2:2190891-2192282:-,2,2
NC_002516.2:2192544-2193989:-,13,17
NC_002516.2:2194058-2195410:-,5,2
NC_002516.2:2195494-2196132:-,8,4
NC_002516.2:2196129-2197427:-,19,9
NC_002516.2:2197432-2198730:-,29,31
NC_002516.2:2198891-2199694:+,9,9
NC_002516.2:2199762-2200664:-,18,13
NC_002516.2:2200685-2202652:-,28,13
NC_002516.2:2202649-2203446:-,9,4
NC_002516.2:2203460-2205067:-,24,4
NC_002516.2:2205190-2206353:-,28,5
NC_002516.2:2206402-2206806:-,1,2
NC_002516.2:2206999-2207928:+,37,21
NC_002516.2:2208169-2211306:-,43,36
NC_002516.2:2211322-2212512:-,33,35
NC_002516.2:2212677-2213309:+,26,12
NC_002516.2:2213315-2213539:-,6,6
NC_002516.2:2213693-2215054:+,9,31
NC_002516.2:2215102-2215941:+,141,100
NC_002516.2:2216121-2216543:-,10,6
NC_002516.2:2216688-2218043:+,481,40
NC_002516.2:2218098-2219099:-,1,1
NC_002516.2:2219253-2219645:-,1,2
NC_002516.2:2219778-2220251:+,6,2
NC_002516.2:2220275-2220574:+,11,2
NC_002516.2:2220649-2220906:-,14,2
NC_002516.2:2220903-2221157:-,18,5
NC_002516.2:2221337-2222761:+,37,8
NC_002516.2:2222896-2223804:+,4,4
NC_002516.2:2223804-2224478:+,2,0
NC_002516.2:2224486-2226144:-,7,5
NC_002516.2:2226879-2227400:+,11,6
NC_002516.2:2227541-2229001:+,52,18
NC_002516.2:2229126-2229440:-,7,2
NC_002516.2:2229425-2230183:-,5,6
NC_002516.2:2230689-2232065:+,13,7
NC_002516.2:2232222-2233592:+,2,7
NC_002516.2:2234080-2235309:+,71,31
NC_002516.2:2235430-2236332:+,14,10
NC_002516.2:2236492-2238366:-,44,14
NC_002516.2:2238541-2238801:-,5,2
NC_002516.2:2240302-2241291:-,14,9
NC_002516.2:2241816-2242112:+,9,6
NC_002516.2:2242170-2244164:-,45,30
NC_002516.2:2244492-2244998:+,2,1
NC_002516.2:2244995-2245948:+,2,1
NC_002516.2:2245986-2246456:-,11,3
NC_002516.2:2246496-2247158:-,3,3
NC_002516.2:2247273-2248160:+,4,5
NC_002516.2:2248167-2249582:-,4,1
NC_002516.2:2249693-2250595:+,22,5
NC_002516.2:2251275-2253815:+,5,9
NC_002516.2:2253819-2255627:+,2,4
NC_002516.2:2255629-2256702:+,1,1
NC_002516.2:2256704-2257720:+,4,2
NC_002516.2:2257722-2259332:+,3,5
NC_002516.2:2259478-2260659:+,26,17
NC_002516.2:2260862-2262085:+,22,10
NC_002516.2:2262105-2263082:-,0,0
NC_002516.2:2263079-2264977:-,8,9
NC_002516.2:2265126-2265764:-,3,1
NC_002516.2:2265761-2266429:-,5,3
NC_002516.2:2266431-2267594:-,1,2
NC_002516.2:2267638-2269362:-,3,3
NC_002516.2:2269542-2272184:-,2,3
NC_002516.2:2272460-2274568:+,105,47
NC_002516.2:2274740-2277334:+,11,13
NC_002516.2:2277552-2278982:+,1,4
NC_002516.2:2278982-2279794:+,3,4
NC_002516.2:2279917-2281578:-,3,6
NC_002516.2:2282480-2283382:+,24,7
NC_002516.2:2283419-2285323:-,4,0
NC_002516.2:2285363-2287237:-,3,1
NC_002516.2:2287523-2288929:-,16,3
NC_002516.2:2289085-2290335:-,30,6
NC_002516.2:2290339-2290980:-,24,1
NC_002516.2:2291113-2291589:+,5,3
NC_002516.2:2291791-2293065:+,7,4
NC_002516.2:2293153-2294985:+,6,10
NC_002516.2:2295013-2295522:+,0,3
NC_002516.2:2295533-2296435:+,1,0
NC_002516.2:2296432-2297088:+,1,0
NC_002516.2:2297072-2297920:+,2,0
NC_002516.2:2298012-2300663:+,6,3
NC_002516.2:2300676-2301755:+,4,1
NC_002516.2:2301752-2303035:+,3,0
NC_002516.2:2303022-2304215:+,0,0
NC_002516.2:2304318-2304827:+,13,1
NC_002516.2:2304824-2305780:+,1,3
NC_002516.2:2305782-2306627:-,5,3
NC_002516.2:2306776-2307810:-,3,3
NC_002516.2:2307957-2309432:+,6,11
NC_002516.2:2309443-2310372:+,2,7
NC_002516.2:2310357-2311112:+,3,0
NC_002516.2:2311333-2312766:-,25,10
NC_002516.2:2312899-2313789:+,5,2
NC_002516.2:2313791-2314249:+,19,5
NC_002516.2:2314512-2315690:+,29,9
NC_002516.2:2315709-2316626:+,22,11
NC_002516.2:2316708-2317403:+,7,11
NC_002516.2:2317400-2318134:+,7,10
NC_002516.2:2318226-2318624:-,0,1
NC_002516.2:2318795-2320567:+,5,1
NC_002516.2:2320586-2321062:-,0,1
NC_002516.2:2321130-2322071:-,1,2
NC_002516.2:2322068-2322781:-,2,1
NC_002516.2:2322778-2323521:-,1,2
NC_002516.2:2323554-2324783:-,3,2
NC_002516.2:2324808-2326079:-,1,2
NC_002516.2:2326334-2327287:+,14,10
NC_002516.2:2327394-2328191:+,3,2
NC_002516.2:2328176-2329156:-,10,3
NC_002516.2:2329348-2330424:+,16,6
NC_002516.2:2330591-2330833:-,2,18
NC_002516.2:2330959-2332059:-,4,66
NC_002516.2:2332392-2332820:-,2,0
NC_002516.2:2332968-2333873:-,13,2
NC_002516.2:2333999-2335135:+,4,3
NC_002516.2:2335172-2336104:+,10,10
NC_002516.2:2336209-2337846:+,4,2
NC_002516.2:2337868-2339316:+,2,3
NC_002516.2:2339352-2339987:-,14,11
NC_002516.2:2340414-2341640:-,8,25
NC_002516.2:2342493-2343044:+,11,2
NC_002516.2:2343132-2343878:+,0,0
NC_002516.2:2343862-2346480:+,5,6
NC_002516.2:2346477-2347838:+,5,3
NC_002516.2:2347828-2348541:+,3,0
NC_002516.2:2348538-2349395:+,3,2
NC_002516.2:2349488-2350060:+,3,1
NC_002516.2:2350089-2351453:+,1,3
NC_002516.2:2351906-2352430:-,2,2
NC_002516.2:2352532-2353068:+,16,3
NC_002516.2:2353086-2355608:+,6,23
NC_002516.2:2355918-2356157:+,0,2
NC_002516.2:2356168-2356716:+,2,1
NC_002516.2:2356713-2357573:+,1,3
NC_002516.2:2357593-2357781:-,2,1
NC_002516.2:2358024-2358311:+,5,2
NC_002516.2:2358364-2360802:+,5,8
NC_002516.2:2360809-2361207:-,4,0
NC_002516.2:2361706-2361873:+,22,1
NC_002516.2:2361954-2364083:+,7,2
NC_002516.2:2364311-2364802:+,3,6
NC_002516.2:2364816-2365058:+,3,2
NC_002516.2:2365081-2365962:+,5,0
NC_002516.2:2366106-2368100:+,13,10
NC_002516.2:2368111-2371413:+,6,11
NC_002516.2:2371410-2373608:+,10,6
NC_002516.2:2373610-2374605:-,0,1
NC_002516.2:2374602-2375807:-,0,2
NC_002516.2:2375804-2376541:-,2,1
NC_002516.2:2376538-2377476:-,2,0
NC_002516.2:2377480-2378727:-,2,2
NC_002516.2:2378794-2379210:-,2,8
NC_002516.2:2379310-2381460:-,8,6
NC_002516.2:2381473-2381778:-,1,0
NC_002516.2:2381775-2384555:-,5,9
NC_002516.2:2384548-2386602:-,2,4
NC_002516.2:2386595-2388346:-,7,5
NC_002516.2:2388346-2389887:-,12,11
NC_002516.2:2390255-2390620:+,17,8
NC_002516.2:2390949-2392046:+,2,9
NC_002516.2:2392043-2392819:+,2,2
NC_002516.2:2392945-2393397:+,3,2
NC_002516.2:2393424-2393633:+,0,2
NC_002516.2:2393708-2394178:+,12,1
NC_002516.2:2394182-2395258:+,4,3
NC_002516.2:2395285-2395635:+,22,2
NC_002516.2:2395691-2395912:+,1,0
NC_002516.2:2395944-2396252:-,9,7
NC_002516.2:2396536-2396883:-,1,1
NC_002516.2:2396896-2397486:-,1,7
NC_002516.2:2397569-2399668:+,5,12
NC_002516.2:2399672-2400280:-,1,0
NC_002516.2:2400655-2401605:-,2,3
NC_002516.2:2401589-2402965:-,2,1
NC_002516.2:2403151-2404284:+,1,1
NC_002516.2:2404386-2404655:-,1,1
NC_002516.2:2404949-2405233:-,0,0
NC_002516.2:2405230-2405739:-,4,4
NC_002516.2:2405993-2406877:+,3,3
NC_002516.2:2407236-2407661:+,1,1
NC_002516.2:2407681-2408847:-,3,1
NC_002516.2:2409107-2409661:+,0,0
NC_002516.2:2409837-2410181:+,4,4
NC_002516.2:2410344-2411480:-,1,6
NC_002516.2:2411709-2412122:+,4,1
NC_002516.2:2412546-2412860:+,6,2
NC_002516.2:2412857-2414251:+,22,14
NC_002516.2:2414254-2415507:+,32,17
NC_002516.2:2415661-2416245:+,11,5
NC_002516.2:2416376-2417413:+,37,6
NC_002516.2:2417410-2417754:+,16,1
NC_002516.2:2417760-2418635:+,68,20
NC_002516.2:2418723-2420318:+,10,19
NC_002516.2:2420443-2421327:+,10,1
NC_002516.2:2421343-2422020:-,3,1
NC_002516.2:2422022-2422738:-,3,4
NC_002516.2:2422819-2423625:-,43,54
NC_002516.2:2423924-2424400:-,13,1
NC_002516.2:2424482-2425429:-,9,9
NC_002516.2:2425497-2427017:-,7,1
NC_002516.2:2427014-2427544:-,2,0
NC_002516.2:2427572-2428669:-,2,2
NC_002516.2:2428852-2430177:+,3,6
NC_002516.2:2430170-2431129:+,4,1
NC_002516.2:2431126-2432139:+,10,3
NC_002516.2:2432312-2433562:+,1,2
NC_002516.2:2433748-2435070:+,1,0
NC_002516.2:2435101-2436276:+,4,0
NC_002516.2:2436304-2437299:+,4,1
NC_002516.2:2437428-2439011:+,4,0
NC_002516.2:2439150-2440253:-,7,9
NC_002516.2:2440347-2441555:-,2,4
NC_002516.2:2441771-2442691:+,3,2
NC_002516.2:2443161-2444366:+,1,3
NC_002516.2:2444886-2445533:-,35,4
NC_002516.2:2445545-2446564:-,59,16
NC_002516.2:2446597-2447325:-,15,17
NC_002516.2:2447573-2447989:-,6,3
NC_002516.2:2448033-2448533:-,33,8
NC_002516.2:2448568-2449545:-,49,15
NC_002516.2:2449554-2450765:-,18,3
NC_002516.2:2451707-2452426:+,9,4
NC_002516.2:2452469-2453140:+,4,4
NC_002516.2:2453667-2455103:+,52,50
NC_002516.2:2455103-2456569:+,112,33
NC_002516.2:2456569-2457480:+,21,11
NC_002516.2:2457510-2458280:+,64,23
NC_002516.2:2458295-2460283:+,98,53
NC_002516.2:2460283-2461470:+,33,25
NC_002516.2:2461460-2462788:+,52,23
NC_002516.2:2462797-2464005:+,19,13
NC_002516.2:2463996-2465099:+,18,12
NC_002516.2:2465102-2466538:+,33,21
NC_002516.2:2466540-2467949:+,8,11
NC_002516.2:2468032-2469099:+,30,22
NC_002516.2:2469286-2471019:+,5,2
NC_002516.2:2471075-2472076:+,3,1
NC_002516.2:2472442-2472903:-,4,3
NC_002516.2:2473213-2474445:+,6,1
NC_002516.2:2474442-2475494:+,14,3
NC_002516.2:2475495-2476781:+,13,2
NC_002516.2:2476785-2478179:+,11,3
NC_002516.2:2478312-2479130:-,9,1
NC_002516.2:2479299-2480744:+,3,1
NC_002516.2:2480844-2481830:+,13,9
NC_002516.2:2482045-2483031:+,0,1
NC_002516.2:2483049-2483924:+,0,0
NC_002516.2:2483976-2485478:+,7,1
NC_002516.2:2485471-2486118:+,1,2
NC_002516.2:2486355-2487293:-,0,1
NC_002516.2:2487856-2488878:+,15,12
NC_002516.2:2488950-2489732:+,2,2
NC_002516.2:2489725-2490675:+,2,0
NC_002516.2:2490738-2492045:+,2,2
NC_002516.2:2492064-2493050:+,4,2
NC_002516.2:2493218-2493934:+,23,5
NC_002516.2:2493937-2495712:+,27,8
NC_002516.2:2495724-2497043:+,26,9
NC_002516.2:2497116-2498012:-,10,4
NC_002516.2:2498099-2499169:+,5,0
NC_002516.2:2499133-2500338:-,4,1
NC_002516.2:2500485-2501075:+,7,5
NC_002516.2:2501083-2501598:+,3,1
NC_002516.2:2501720-2503417:+,26,8
NC_002516.2:2503425-2503895:-,8,2
NC_002516.2:2503973-2504350:+,1,1
NC_002516.2:2504375-2505436:-,50,6
NC_002516.2:2505645-2506535:+,36,14
NC_002516.2:2506614-2506964:+,3,4
NC_002516.2:2506978-2508261:+,2,1
NC_002516.2:2508293-2508763:+,4,0
NC_002516.2:2508775-2509467:+,8,4
NC_002516.2:2509480-2510334:-,7,11
NC_002516.2:2510622-2511050:+,5,3
NC_002516.2:2511057-2512514:+,1,7
NC_002516.2:2512511-2513182:+,1,2
NC_002516.2:2513179-2513841:+,2,6
NC_002516.2:2513842-2515386:+,2,5
NC_002516.2:2515373-2516008:+,1,1
NC_002516.2:2516021-2516308:-,5,3
NC_002516.2:2516429-2518561:-,17,14
NC_002516.2:2518693-2521104:-,171,55
NC_002516.2:2521258-2522616:-,13,6
NC_002516.2:2522958-2523239:-,0,1
NC_002516.2:2523236-2524201:-,2,0
NC_002516.2:2524198-2525052:-,0,1
NC_002516.2:2525049-2525846:-,2,0
NC_002516.2:2525871-2527277:-,5,3
NC_002516.2:2527412-2527657:-,1,0
NC_002516.2:2527743-2529467:-,8,8
NC_002516.2:2529464-2530213:-,5,6
NC_002516.2:2530389-2531840:-,7,12
NC_002516.2:2532059-2532601:-,21,10
NC_002516.2:2532669-2539043:-,758,213
NC_002516.2:2539063-2540082:-,85,17
NC_002516.2:2540079-2541167:-,93,18
NC_002516.2:2541197-2544946:-,280,90
NC_002516.2:2545042-2545659:-,98,33
NC_002516.2:2545769-2546635:-,3,12
NC_002516.2:2546652-2547500:-,1,3
NC_002516.2:2547508-2548530:-,0,2
NC_002516.2:2548571-2549458:-,0,2
NC_002516.2:2549748-2549906:+,0,5
NC_002516.2:2549961-2550542:+,3,4
NC_002516.2:2550619-2551122:-,119,46
NC_002516.2:2551422-2552675:-,2,2
NC_002516.2:2552675-2553850:-,1,3
NC_002516.2:2553965-2554858:+,6,9
NC_002516.2:2554962-2556260:+,8,4
NC_002516.2:2556293-2556658:+,6,1
NC_002516.2:2556948-2557964:+,0,0
NC_002516.2:2558918-2559949:-,28,6
NC_002516.2:2560144-2560665:+,7,2
NC_002516.2:2560762-2562114:+,3,0
NC_002516.2:2562447-2564072:+,83,23
NC_002516.2:2564290-2565549:+,4,10
NC_002516.2:2565580-2566815:+,3,6
NC_002516.2:2566875-2568284:-,3,2
NC_002516.2:2568929-2569693:-,6,3
NC_002516.2:2569690-2570889:-,1,3
NC_002516.2:2570855-2571691:-,3,1
NC_002516.2:2571688-2572755:-,6,1
NC_002516.2:2572805-2573365:-,5,2
NC_002516.2:2573470-2574375:+,12,9
NC_002516.2:2574376-2575992:-,2,3
NC_002516.2:2576089-2577000:-,1,0
NC_002516.2:2577150-2579519:+,6,4
NC_002516.2:2579542-2580882:+,5,2
NC_002516.2:2581034-2581939:+,12,10
NC_002516.2:2582097-2583407:+,143,57
NC_002516.2:2583483-2584415:+,71,21
NC_002516.2:2584426-2585259:+,96,13
NC_002516.2:2585299-2586411:+,120,25
NC_002516.2:2586434-2587909:+,72,15
NC_002516.2:2587906-2589414:+,47,19
NC_002516.2:2589455-2590387:+,29,28
NC_002516.2:2590430-2591665:-,41,4
NC_002516.2:2592084-2593319:+,3,3
NC_002516.2:2593330-2594547:+,2,3
NC_002516.2:2594565-2595953:+,1,0
NC_002516.2:2595985-2596779:+,4,3
NC_002516.2:2596776-2597885:+,5,6
NC_002516.2:2597869-2598522:+,3,0
NC_002516.2:2598700-2599827:+,9,5
NC_002516.2:2599893-2601047:-,13,5
NC_002516.2:2601219-2602349:-,2,5
NC_002516.2:2602346-2603530:-,5,2
NC_002516.2:2603560-2604705:-,2,3
NC_002516.2:2604715-2605275:-,0,1
NC_002516.2:2605435-2605824:-,5,6
NC_002516.2:2605937-2607022:-,6,7
NC_002516.2:2607132-2608232:-,7,8
NC_002516.2:2608229-2612044:-,26,24
NC_002516.2:2612041-2612799:-,15,5
NC_002516.2:2612817-2614148:-,19,23
NC_002516.2:2614208-2614684:-,12,11
NC_002516.2:2614893-2615438:+,20,18
NC_002516.2:2615461-2616945:+,79,41
NC_002516.2:2617019-2617516:+,23,7
NC_002516.2:2617529-2617954:+,5,3
NC_002516.2:2617938-2619731:+,19,11
NC_002516.2:2619695-2620711:+,7,7
NC_002516.2:2620713-2623262:+,15,29
NC_002516.2:2624204-2626210:+,14,17
NC_002516.2:2626221-2626757:+,3,0
NC_002516.2:2626780-2627175:-,5,3
NC_002516.2:2627452-2628093:+,5,2
NC_002516.2:2628225-2629499:+,3,2
NC_002516.2:2629916-2632231:-,632,95
NC_002516.2:2632228-2632698:-,272,48
NC_002516.2:2632963-2633199:-,19,10
NC_002516.2:2633494-2633736:+,15,6
NC_002516.2:2633803-2634954:-,89,9
NC_002516.2:2635051-2635971:-,14,7
NC_002516.2:2636013-2636336:-,4,0
NC_002516.2:2636517-2638805:-,6,7
NC_002516.2:2638928-2640259:-,2,0
NC_002516.2:2640392-2640871:-,21,4
NC_002516.2:2641035-2642030:+,38,12
NC_002516.2:2642131-2643306:+,6,4
NC_002516.2:2643306-2645297:+,3,6
NC_002516.2:2645303-2646727:+,9,7
NC_002516.2:2646776-2648410:-,5,4
NC_002516.2:2648626-2649972:+,4,7
NC_002516.2:2649995-2651278:+,3,0
NC_002516.2:2651307-2652161:+,5,2
NC_002516.2:2652230-2653057:-,11,6
NC_002516.2:2653435-2655084:+,1,1
NC_002516.2:2655187-2657634:+,20,9
NC_002516.2:2657798-2665144:-,9,16
NC_002516.2:2665156-2671629:-,22,23
NC_002516.2:2671729-2687178:-,32,63
NC_002516.2:2687497-2688708:+,2,2
NC_002516.2:2688705-2689244:+,1,2
NC_002516.2:2689241-2689570:+,0,0
NC_002516.2:2689567-2690127:+,0,0
NC_002516.2:2690160-2691113:+,4,0
NC_002516.2:2691110-2691865:+,2,2
NC_002516.2:2691862-2692767:+,2,0
NC_002516.2:2692764-2693681:+,9,5
NC_002516.2:2693781-2694545:-,1,1
NC_002516.2:2694546-2694764:-,4,0
NC_002516.2:2694842-2696251:-,8,1
NC_002516.2:2696430-2697749:-,21,11
NC_002516.2:2697742-2698167:-,8,2
NC_002516.2:2698526-2700163:+,6,9
NC_002516.2:2700167-2701105:-,11,24
NC_002516.2:2701206-2702066:+,8,4
NC_002516.2:2702164-2702844:+,6,0
NC_002516.2:2702926-2704344:+,1,2
NC_002516.2:2704377-2705297:+,2,19
NC_002516.2:2705773-2706087:+,2,0
NC_002516.2:2706387-2707181:+,32,12
NC_002516.2:2707666-2720694:-,24,34
NC_002516.2:2720767-2721531:-,3,2
NC_002516.2:2722175-2722738:+,2,0
NC_002516.2:2722755-2723222:-,0,2
NC_002516.2:2723309-2724223:-,5,4
NC_002516.2:2724485-2724730:+,3,2
NC_002516.2:2724767-2725771:-,14,5
NC_002516.2:2725967-2728141:-,9,10
NC_002516.2:2728542-2729456:+,5,8
NC_002516.2:2729571-2729840:+,19,18
NC_002516.2:2729976-2730521:-,14,7
NC_002516.2:2730518-2732503:-,96,41
NC_002516.2:2732532-2732966:-,34,13
NC_002516.2:2733120-2734160:-,25,14
NC_002516.2:2734157-2735182:-,44,7
NC_002516.2:2735194-2737194:-,105,39
NC_002516.2:2737882-2738844:+,51,44
NC_002516.2:2738841-2739716:+,51,19
NC_002516.2:2739762-2740883:-,11,3
NC_002516.2:2740977-2742353:-,13,6
NC_002516.2:2742401-2743657:-,23,6
NC_002516.2:2743800-2746679:-,62,21
NC_002516.2:2746690-2747073:-,14,10
NC_002516.2:2747332-2748255:-,5,3
NC_002516.2:2748378-2750120:+,12,5
NC_002516.2:2750128-2751663:-,24,27
NC_002516.2:2751745-2752662:-,13,25
NC_002516.2:2754602-2754823:+,12,0
NC_002516.2:2754877-2755728:+,10,3
NC_002516.2:2755725-2756252:+,8,0
NC_002516.2:2756918-2757898:+,5,5
NC_002516.2:2758061-2759182:+,2,6
NC_002516.2:2759482-2760087:-,91,37
NC_002516.2:2760323-2760619:-,5,9
NC_002516.2:2760872-2761351:-,57,32
NC_002516.2:2761921-2778804:-,352,320
NC_002516.2:2778917-2780614:-,11,10
NC_002516.2:2780927-2781451:-,68,27
NC_002516.2:2781498-2782646:-,12,3
NC_002516.2:2782764-2785226:-,6,2
NC_002516.2:2785370-2786356:-,5,3
NC_002516.2:2786365-2786883:-,9,3
NC_002516.2:2786972-2787886:-,0,2
NC_002516.2:2788011-2789072:+,4,0
NC_002516.2:2789085-2789783:+,1,0
NC_002516.2:2789861-2791207:+,2,2
NC_002516.2:2791220-2791864:+,0,1
NC_002516.2:2791906-2792817:+,5,3
NC_002516.2:2792799-2794133:-,10,7
NC_002516.2:2794206-2794976:-,18,8
NC_002516.2:2794973-2795809:-,9,7
NC_002516.2:2795809-2797572:-,15,5
NC_002516.2:2797735-2798415:+,8,3
NC_002516.2:2798412-2799734:+,9,7
NC_002516.2:2799910-2800785:-,43,5
NC_002516.2:2800782-2801435:-,14,7
NC_002516.2:2801550-2802551:-,54,15
NC_002516.2:2802702-2803316:-,14,21
NC_002516.2:2803345-2803623:+,4,5
NC_002516.2:2803640-2803834:+,9,5
NC_002516.2:2803860-2804132:-,7,2
NC_002516.2:2804230-2804994:+,4,2
NC_002516.2:2805021-2805836:+,4,3
NC_002516.2:2805917-2806291:+,3,1
NC_002516.2:2806350-2807369:-,294,122
NC_002516.2:2807469-2808512:+,32,22
NC_002516.2:2808743-2809987:+,243,21
NC_002516.2:2810009-2813197:+,477,95
NC_002516.2:2813194-2814612:+,116,58
NC_002516.2:2814767-2815282:-,8,6
NC_002516.2:2815341-2816219:-,10,1
NC_002516.2:2816347-2816979:+,4,2
NC_002516.2:2816997-2817452:+,0,0
NC_002516.2:2817449-2818675:+,3,1
NC_002516.2:2818719-2818886:-,11,5
NC_002516.2:2818990-2820489:-,17,8
NC_002516.2:2820448-2821701:+,30,9
NC_002516.2:2821705-2822322:-,10,10
NC_002516.2:2822574-2823920:-,10,2
NC_002516.2:2824283-2824501:+,0,0
NC_002516.2:2824659-2825591:-,4,3
NC_002516.2:2825636-2825926:-,1,0
NC_002516.2:2825958-2827079:-,0,3
NC_002516.2:2827241-2828113:+,3,1
NC_002516.2:2828122-2829123:-,10,15
NC_002516.2:2829440-2830834:+,91,14
NC_002516.2:2830831-2831322:+,14,5
NC_002516.2:2831341-2832363:+,19,2
NC_002516.2:2832369-2833130:-,2,0
NC_002516.2:2833155-2834168:-,2,6
NC_002516.2:2834202-2834690:-,0,0
NC_002516.2:2834687-2836054:-,2,0
NC_002516.2:2836171-2837127:-,21,22
NC_002516.2:2837334-2840489:-,4,4
NC_002516.2:2840512-2841966:-,2,0
NC_002516.2:2842019-2843305:-,2,0
NC_002516.2:2843818-2844492:+,4,2
NC_002516.2:2844489-2845907:+,4,2
NC_002516.2:2846283-2847779:-,36,10
NC_002516.2:2847776-2850886:-,42,29
NC_002516.2:2850883-2854014:-,37,25
NC_002516.2:2854011-2855291:-,24,19
NC_002516.2:2855548-2856981:+,55,17
NC_002516.2:2856981-2858306:+,39,12
NC_002516.2:2858503-2859627:+,5,2
NC_002516.2:2859777-2860274:-,291,29
NC_002516.2:2860409-2861758:-,163,30
NC_002516.2:2861914-2862825:-,6,3
NC_002516.2:2862944-2863939:+,5,6
NC_002516.2:2864170-2865105:-,62,32
NC_002516.2:2865107-2865736:-,48,12
NC_002516.2:2865748-2866200:-,12,11
NC_002516.2:2866193-2867506:-,41,32
NC_002516.2:2867542-2869302:-,92,28
NC_002516.2:2869392-2870027:-,53,41
NC_002516.2:2870162-2873827:-,62,53
NC_002516.2:2873824-2875563:-,42,27
NC_002516.2:2875697-2876410:-,21,16
NC_002516.2:2876555-2877367:+,115,17
NC_002516.2:2877477-2877908:-,4,1
NC_002516.2:2877999-2878916:+,0,3
NC_002516.2:2878976-2880370:+,0,3
NC_002516.2:2880520-2881563:+,7,9
NC_002516.2:2881754-2882983:-,5,9
NC_002516.2:2883157-2884089:+,24,13
NC_002516.2:2884206-2885333:-,8,9
NC_002516.2:2885362-2886552:-,24,11
NC_002516.2:2886570-2887337:-,11,2
NC_002516.2:2887357-2889024:-,18,7
NC_002516.2:2889202-2890287:-,7,6
NC_002516.2:2890356-2892050:-,2,5
NC_002516.2:2892271-2892963:+,10,10
NC_002516.2:2893286-2893828:-,28,22
NC_002516.2:2894147-2894377:+,5,2
NC_002516.2:2894452-2894739:-,33,32
NC_002516.2:2894908-2896614:+,14,5
NC_002516.2:2896741-2897253:-,107,30
NC_002516.2:2897610-2899097:+,5,5
NC_002516.2:2899107-2899934:-,6,10
NC_002516.2:2899924-2900349:-,1,4
NC_002516.2:2900372-2901559:-,6,12
NC_002516.2:2902218-2903981:+,18,41
NC_002516.2:2904040-2904447:-,33,21
NC_002516.2:2904566-2904907:-,8,7
NC_002516.2:2905182-2905550:-,2,2
NC_002516.2:2906166-2907578:-,11,42
NC_002516.2:2907656-2908999:+,34,34
NC_002516.2:2909010-2910617:-,45,24
NC_002516.2:2910729-2911877:-,10,5
NC_002516.2:2912225-2912827:+,45,5
NC_002516.2:2912890-2913789:-,17,17
NC_002516.2:2913922-2914359:+,4,3
NC_002516.2:2914374-2914934:+,10,3
NC_002516.2:2914966-2915832:-,38,14
NC_002516.2:2916158-2916748:-,4,3
NC_002516.2:2917172-2918212:+,156,34
NC_002516.2:2918967-2919500:-,380,93
NC_002516.2:2919591-2922569:-,78,98
NC_002516.2:2923367-2923927:-,39,39
NC_002516.2:2923961-2925787:-,74,85
NC_002516.2:2925788-2926432:-,95,195
NC_002516.2:2926773-2927921:-,104,30
NC_002516.2:2928539-2929567:+,35,6
NC_002516.2:2929583-2930797:-,4,3
NC_002516.2:2930808-2933462:-,5,4
NC_002516.2:2933582-2934388:-,62,31
NC_002516.2:2934541-2935644:+,116,31
NC_002516.2:2935851-2936423:+,10,2
NC_002516.2:2936490-2937449:-,10,3
NC_002516.2:2937585-2938541:-,4,1
NC_002516.2:2938553-2939539:-,2,2
NC_002516.2:2939646-2940797:-,7,5
NC_002516.2:2940802-2941884:-,10,4
NC_002516.2:2941894-2942838:-,12,4
NC_002516.2:2942848-2943915:-,5,7
NC_002516.2:2944255-2945151:-,8,5
NC_002516.2:2945264-2945869:+,3,1
NC_002516.2:2945866-2947449:+,14,9
NC_002516.2:2947803-2948471:+,217,68
NC_002516.2:2948582-2948977:+,9,13
NC_002516.2:2948974-2949333:+,7,7
NC_002516.2:2949333-2949638:+,13,5
NC_002516.2:2949635-2949970:+,16,12
NC_002516.2:2949967-2950950:+,20,21
NC_002516.2:2951038-2952012:+,6,7
NC_002516.2:2952017-2953414:-,75,50
NC_002516.2:2953416-2954696:-,125,44
NC_002516.2:2954818-2956143:-,46,57
NC_002516.2:2956153-2956779:-,147,39
NC_002516.2:2956805-2959240:-,144,116
NC_002516.2:2959468-2960418:+,182,28
NC_002516.2:2960456-2961136:+,9,11
NC_002516.2:2961191-2961898:+,13,10
NC_002516.2:2962003-2962221:+,227,53
NC_002516.2:2962303-2964579:-,496,303
NC_002516.2:2964607-2964975:-,216,170
NC_002516.2:2965201-2965473:+,260,62
NC_002516.2:2965546-2966802:-,2539,608
NC_002516.2:2967161-2969386:+,733,464
NC_002516.2:2969473-2969943:+,8,8
NC_002516.2:2969987-2971114:+,67,55
NC_002516.2:2971111-2971731:+,36,14
NC_002516.2:2971734-2972624:+,9,6
NC_002516.2:2972699-2974069:+,105,47
NC_002516.2:2974129-2975298:+,229,37
NC_002516.2:2975291-2975716:+,235,61
NC_002516.2:2975723-2976343:+,11,13
NC_002516.2:2976340-2977161:+,16,11
NC_002516.2:2977756-2979351:+,241,80
NC_002516.2:2979530-2981548:+,3,4
NC_002516.2:2981627-2982181:+,2,3
NC_002516.2:2982781-2983194:+,319,67
NC_002516.2:2983205-2983882:+,741,202
NC_002516.2:2983963-2985744:+,572,221
NC_002516.2:2985746-2986246:+,113,51
NC_002516.2:2986243-2987589:+,281,118
NC_002516.2:2987721-2990438:+,445,230
NC_002516.2:2990435-2991430:+,173,115
NC_002516.2:2991442-2991990:+,143,60
NC_002516.2:2992002-2992502:+,87,41
NC_002516.2:2992548-2992856:+,71,46
NC_002516.2:2992853-2994700:+,204,129
NC_002516.2:2994728-2996257:+,184,112
NC_002516.2:2996265-2997725:+,155,103
NC_002516.2:2997840-2998649:+,24,6
NC_002516.2:2998856-2999914:-,41,87
NC_002516.2:3000074-3001759:-,54,27
NC_002516.2:3001873-3003198:-,11,5
NC_002516.2:3003457-3005601:+,49,49
NC_002516.2:3005606-3005914:-,1,2
NC_002516.2:3006005-3007342:-,16,10
NC_002516.2:3007339-3008010:-,19,12
NC_002516.2:3008010-3008324:-,50,21
NC_002516.2:3008324-3008632:-,91,24
NC_002516.2:3008847-3009929:+,26,5
NC_002516.2:3009956-3010849:+,21,2
NC_002516.2:3011100-3012293:-,8,12
NC_002516.2:3012280-3012537:-,15,16
NC_002516.2:3012592-3013773:-,4,22
NC_002516.2:3013928-3015481:+,14,8
NC_002516.2:3015582-3015938:+,34,11
NC_002516.2:3016246-3016599:+,340,31
NC_002516.2:3017234-3017818:-,4,3
NC_002516.2:3017818-3018804:-,5,4
NC_002516.2:3018848-3019927:-,1,2
NC_002516.2:3019917-3020507:-,1,5
NC_002516.2:3020504-3020929:-,4,3
NC_002516.2:3020929-3021339:-,2,2
NC_002516.2:3021308-3021742:-,2,2
NC_002516.2:3021796-3022983:-,1,10
NC_002516.2:3022988-3024715:-,4,6
NC_002516.2:3024705-3025508:-,0,3
NC_002516.2:3026100-3026852:-,127,33
NC_002516.2:3027078-3028052:+,6,7
NC_002516.2:3028075-3029004:+,7,3
NC_002516.2:3029187-3030428:+,159,11
NC_002516.2:3030436-3031398:-,18,5
NC_002516.2:3031749-3035702:-,132,35
NC_002516.2:3035752-3037932:-,81,44
NC_002516.2:3037886-3038803:+,9,1
NC_002516.2:3038803-3040143:+,5,6
NC_002516.2:3040242-3042482:+,4,2
NC_002516.2:3042502-3043416:+,2,2
NC_002516.2:3043750-3044766:-,0,0
NC_002516.2:3044947-3046152:-,7,3
NC_002516.2:3046421-3046945:+,7,1
NC_002516.2:3047116-3047616:+,2,3
NC_002516.2:3047644-3047970:-,6,4
NC_002516.2:3048051-3049154:-,16,11
NC_002516.2:3049268-3050161:-,20,7
NC_002516.2:3050331-3050612:-,9,3
NC_002516.2:3050669-3051349:-,39,5
NC_002516.2:3051957-3053795:+,13,4
NC_002516.2:3053844-3055151:+,3,3
NC_002516.2:3055154-3056743:+,6,4
NC_002516.2:3056890-3057366:+,36,10
NC_002516.2:3057376-3057609:+,32,4
NC_002516.2:3057902-3058921:-,9,3
NC_002516.2:3059035-3060216:-,49,14
NC_002516.2:3060265-3060660:-,5,8
NC_002516.2:3060725-3061570:-,82,18
NC_002516.2:3061733-3062818:-,11,28
NC_002516.2:3062939-3063913:+,114,25
NC_002516.2:3063972-3064586:+,8,7
NC_002516.2:3064785-3065876:+,6,3
NC_002516.2:3066296-3067159:+,8,5
NC_002516.2:3067207-3067686:-,6,2
NC_002516.2:3068040-3070349:+,12,7
NC_002516.2:3070366-3070704:+,1,0
NC_002516.2:3070719-3071954:-,1,5
NC_002516.2:3072081-3072911:-,31,5
NC_002516.2:3073144-3073632:+,14,8
NC_002516.2:3073732-3074418:+,1,6
NC_002516.2:3074580-3075218:-,43,16
NC_002516.2:3075411-3075890:+,2,3
NC_002516.2:3075922-3076314:+,5,5
NC_002516.2:3076344-3076622:+,6,5
NC_002516.2:3076697-3077236:+,3,0
NC_002516.2:3077312-3079195:+,39,12
NC_002516.2:3079197-3079835:+,6,3
NC_002516.2:3086142-3087491:+,16,8
NC_002516.2:3088660-3089613:-,200,107
NC_002516.2:3090221-3093661:-,395,258
NC_002516.2:3093658-3094185:-,140,58
NC_002516.2:3094757-3096052:-,155,96
NC_002516.2:3096130-3098508:-,293,106
NC_002516.2:3098626-3098979:-,15,20
NC_002516.2:3099473-3099829:-,94,78
NC_002516.2:3099810-3100112:-,485,250
NC_002516.2:3100116-3102494:-,632,239
NC_002516.2:3102529-3103545:-,139,58
NC_002516.2:3103643-3103999:-,2029,1198
NC_002516.2:3104023-3104217:-,1875,937
NC_002516.2:3104279-3104830:-,1040,1110
NC_002516.2:3104830-3106752:-,1142,516
NC_002516.2:3107002-3107865:-,23,30
NC_002516.2:3108057-3108383:+,6,5
NC_002516.2:3108468-3108644:+,57,14
NC_002516.2:3108970-3109257:-,276,84
NC_002516.2:3109456-3109689:-,6,12
NC_002516.2:3109743-3110525:-,15,3
NC_002516.2:3110901-3111614:+,1,0
NC_002516.2:3111633-3112151:+,3,1
NC_002516.2:3112126-3112356:-,3,5
NC_002516.2:3112878-3113777:+,11,30
NC_002516.2:3114240-3114683:-,7,8
NC_002516.2:3114819-3115193:+,4,16
NC_002516.2:3115304-3115633:+,46,64
NC_002516.2:3115699-3115896:-,10,2
NC_002516.2:3116075-3116305:+,4,4
NC_002516.2:3116654-3117124:+,152,48
NC_002516.2:3117177-3117611:-,60,48
NC_002516.2:3117750-3118193:-,4,1
NC_002516.2:3118296-3119183:+,6,2
NC_002516.2:3119394-3119708:-,56,5
NC_002516.2:3120073-3121350:+,1286,480
NC_002516.2:3121462-3121878:+,1,1
NC_002516.2:3121921-3122265:-,4,4
NC_002516.2:3122377-3122586:-,3,3
NC_002516.2:3122856-3123044:+,0,0
NC_002516.2:3123599-3124294:+,92,17
NC_002516.2:3124342-3125241:-,85,17
NC_002516.2:3125583-3126164:-,7,3
NC_002516.2:3126252-3127220:+,2,3
NC_002516.2:3127226-3127708:+,1,0
NC_002516.2:3127860-3128270:-,11,2
NC_002516.2:3128292-3129071:-,189,32
NC_002516.2:3129729-3130754:+,10,4
NC_002516.2:3130761-3131159:-,17,6
NC_002516.2:3131246-3131416:+,5,5
NC_002516.2:3131509-3132030:-,4,1
NC_002516.2:3132229-3132816:-,36,3
NC_002516.2:3132821-3133258:-,28,10
NC_002516.2:3133710-3134993:+,6,7
NC_002516.2:3135044-3136000:-,3,25
NC_002516.2:3136082-3136963:-,10,7
NC_002516.2:3137044-3137442:-,45,11
NC_002516.2:3137850-3138194:+,93,19
NC_002516.2:3138191-3138532:+,117,22
NC_002516.2:3139011-3139670:+,8,0
NC_002516.2:3139748-3141547:+,6,2
NC_002516.2:3141719-3142276:+,3,1
NC_002516.2:3142285-3142503:+,2,0
NC_002516.2:3142618-3143085:+,3,18
NC_002516.2:3143152-3144390:+,8,8
NC_002516.2:3144412-3146007:-,52,36
NC_002516.2:3146251-3147330:+,19,7
NC_002516.2:3147765-3148250:+,16,26
NC_002516.2:3148339-3148629:-,4,1
NC_002516.2:3148723-3149319:-,34,15
NC_002516.2:3149400-3150434:-,74,42
NC_002516.2:3152504-3153502:+,26,39
NC_002516.2:3153582-3154505:+,190,55
NC_002516.2:3154593-3155075:-,37,67
NC_002516.2:3155072-3156256:-,124,124
NC_002516.2:3156503-3156802:+,11,6
NC_002516.2:3156860-3157564:-,247,90
NC_002516.2:3157667-3158071:+,16,11
NC_002516.2:3158073-3158792:-,16,11
NC_002516.2:3158926-3159669:+,2,0
NC_002516.2:3159666-3160247:+,3,0
NC_002516.2:3160321-3160584:+,138,44
NC_002516.2:3160651-3161481:-,7,11
NC_002516.2:3161599-3162216:-,0,1
NC_002516.2:3162388-3162579:-,0,1
NC_002516.2:3162705-3163385:+,9,10
NC_002516.2:3163382-3164713:+,13,5
NC_002516.2:3164763-3165542:-,63,14
NC_002516.2:3165539-3166471:-,87,23
NC_002516.2:3166547-3167167:-,103,45
NC_002516.2:3167282-3167953:-,1,3
NC_002516.2:3168106-3170553:+,139,73
NC_002516.2:3170682-3171062:+,1,4
NC_002516.2:3171121-3171531:+,26,7
NC_002516.2:3171598-3173175:-,13,15
NC_002516.2:3174131-3174904:+,47,27
NC_002516.2:3174966-3175628:+,32,18
NC_002516.2:3175638-3176120:-,42,7
NC_002516.2:3176117-3177007:-,101,28
NC_002516.2:3177090-3179450:+,17,35
NC_002516.2:3179469-3179960:-,14,8
NC_002516.2:3179957-3180442:-,50,6
NC_002516.2:3180554-3180952:-,136,20
NC_002516.2:3181137-3182348:+,98,33
NC_002516.2:3182400-3182852:+,5,3
NC_002516.2:3182986-3183861:+,20,33
NC_002516.2:3184002-3185129:+,65,15
NC_002516.2:3185161-3185817:-,51,10
NC_002516.2:3185873-3186319:-,4,1
NC_002516.2:3186449-3187408:+,18,8
NC_002516.2:3187546-3189138:+,2,3
NC_002516.2:3189150-3190214:+,0,1
NC_002516.2:3190211-3191650:+,0,1
NC_002516.2:3191687-3192658:+,2,12
NC_002516.2:3192749-3193519:+,2,0
NC_002516.2:3193886-3195589:-,100,127
NC_002516.2:3195900-3196691:+,6,3
NC_002516.2:3196717-3197466:-,19,20
NC_002516.2:3197642-3198988:+,30,12
NC_002516.2:3199029-3200237:-,15,5
NC_002516.2:3200320-3200553:-,11,0
NC_002516.2:3200650-3201504:+,9,1
NC_002516.2:3201506-3202255:-,1,1
NC_002516.2:3202293-3203312:+,0,3
NC_002516.2:3203398-3203853:+,13,3
NC_002516.2:3203998-3204426:+,58,3
NC_002516.2:3204514-3205080:-,592,128
NC_002516.2:3205123-3206253:-,22,8
NC_002516.2:3206915-3207166:+,9932,2747
NC_002516.2:3207290-3208261:-,188,45
NC_002516.2:3208339-3208617:-,11,12
NC_002516.2:3208673-3209278:-,39,10
NC_002516.2:3209289-3209972:+,22,20
NC_002516.2:3209981-3212473:+,20,12
NC_002516.2:3212525-3213031:+,15,14
NC_002516.2:3213044-3213484:-,13,27
NC_002516.2:3213538-3214086:+,1,2
NC_002516.2:3214282-3215217:+,17,11
NC_002516.2:3215423-3216289:+,3,2
NC_002516.2:3216456-3216890:-,33,15
NC_002516.2:3216989-3218419:-,25,20
NC_002516.2:3218666-3219469:+,15,2
NC_002516.2:3219608-3221080:+,50,24
NC_002516.2:3221206-3221565:+,9,4
NC_002516.2:3221652-3222140:+,9,6
NC_002516.2:3222150-3223727:+,7,21
NC_002516.2:3223736-3224533:-,33,6
NC_002516.2:3224614-3225384:-,21,10
NC_002516.2:3225381-3227387:-,11,10
NC_002516.2:3227384-3228337:-,5,3
NC_002516.2:3228337-3229254:-,11,11
NC_002516.2:3229484-3230182:-,32,14
NC_002516.2:3230279-3231172:-,11,8
NC_002516.2:3231218-3231859:+,0,1
NC_002516.2:3231882-3232772:-,8,6
NC_002516.2:3232819-3233334:+,4,5
NC_002516.2:3233343-3234254:-,2,2
NC_002516.2:3234256-3235371:-,4,4
NC_002516.2:3235794-3235961:+,36,31
NC_002516.2:3236194-3236958:+,19,25
NC_002516.2:3236959-3237555:-,13,6
NC_002516.2:3237836-3239638:+,6,3
NC_002516.2:3239711-3240589:+,14,3
NC_002516.2:3240591-3242207:+,12,9
NC_002516.2:3242324-3243484:+,23,8
NC_002516.2:3243505-3244299:+,4,1
NC_002516.2:3244345-3246330:+,18,5
NC_002516.2:3246382-3247206:+,4,2
NC_002516.2:3247369-3249195:+,9,6
NC_002516.2:3249209-3249631:-,4,6
NC_002516.2:3249977-3250741:-,25,10
NC_002516.2:3250738-3251322:-,4,12
NC_002516.2:3251651-3253090:-,76,41
NC_002516.2:3253312-3253680:-,0,0
NC_002516.2:3253766-3254404:-,12,9
NC_002516.2:3254598-3255407:-,28,15
NC_002516.2:3255407-3255766:-,33,19
NC_002516.2:3255763-3256611:-,44,19
NC_002516.2:3256681-3258360:-,66,34
NC_002516.2:3258353-3259105:-,35,11
NC_002516.2:3259102-3259728:-,40,12
NC_002516.2:3259725-3261185:-,30,32
NC_002516.2:3261522-3262769:+,15,10
NC_002516.2:3262762-3263862:+,7,6
NC_002516.2:3263859-3264587:+,5,2
NC_002516.2:3264642-3265211:-,3,4
NC_002516.2:3265848-3268004:+,276,112
NC_002516.2:3268057-3268830:+,47,19
NC_002516.2:3268827-3269798:+,82,39
NC_002516.2:3269795-3270826:+,62,43
NC_002516.2:3270827-3271693:-,6,2
NC_002516.2:3271813-3272406:-,2,2
NC_002516.2:3272457-3273293:-,23,6
NC_002516.2:3273504-3274277:+,10,5
NC_002516.2:3274328-3274585:+,0,0
NC_002516.2:3274597-3276234:-,13,10
NC_002516.2:3276319-3277308:-,3,3
NC_002516.2:3277409-3278578:+,6,0
NC_002516.2:3278638-3279423:+,0,0
NC_002516.2:3279479-3280168:+,0,0
NC_002516.2:3280165-3280878:+,0,0
NC_002516.2:3280899-3281666:+,0,2
NC_002516.2:3281988-3283319:+,8,7
NC_002516.2:3283375-3284598:-,73,60
NC_002516.2:3285007-3285621:-,150,65
NC_002516.2:3285687-3286613:+,5,7
NC_002516.2:3286624-3287214:-,11,7
NC_002516.2:3287340-3288449:+,5,0
NC_002516.2:3288515-3289693:+,2,0
NC_002516.2:3289715-3290674:+,2,3
NC_002516.2:3290694-3291173:-,3,1
NC_002516.2:3291283-3291864:+,2,1
NC_002516.2:3291960-3292268:+,4,4
NC_002516.2:3292324-3293781:-,11,5
NC_002516.2:3294282-3295892:+,123,20
NC_002516.2:3295979-3297118:-,12,3
NC_002516.2:3297240-3297884:-,14,7
NC_002516.2:3297905-3298921:-,21,8
NC_002516.2:3299492-3300586:+,9,1
NC_002516.2:3300615-3304361:-,193,104
NC_002516.2:3304437-3305564:-,226,45
NC_002516.2:3306312-3307013:+,204,35
NC_002516.2:3307085-3307513:+,23,13
NC_002516.2:3307510-3308262:+,42,15
NC_002516.2:3308391-3309338:+,36,14
NC_002516.2:3309411-3310607:-,298,165
NC_002516.2:3310792-3311721:-,936,220
NC_002516.2:3311721-3312470:-,912,175
NC_002516.2:3312791-3314446:+,324,39
NC_002516.2:3314495-3315064:-,16,11
NC_002516.2:3315057-3315689:-,42,19
NC_002516.2:3315754-3316650:-,23,18
NC_002516.2:3316800-3317438:-,71,34
NC_002516.2:3317524-3318657:+,32,15
NC_002516.2:3318883-3319659:-,28,18
NC_002516.2:3319674-3320030:-,59,25
NC_002516.2:3320064-3321050:-,59,26
NC_002516.2:3321043-3321675:-,27,8
NC_002516.2:3321704-3322753:-,29,21
NC_002516.2:3322759-3323574:-,53,56
NC_002516.2:3323574-3324818:-,175,119
NC_002516.2:3324947-3325183:-,4312,933
NC_002516.2:3325379-3326122:-,172,259
NC_002516.2:3326145-3327083:-,76,123
NC_002516.2:3327189-3328169:-,26,78
NC_002516.2:3328203-3328385:-,1561,300
NC_002516.2:3328399-3328935:-,228,194
NC_002516.2:3329045-3329623:+,9,4
NC_002516.2:3329690-3330670:-,209,137
NC_002516.2:3330663-3331355:-,102,63
NC_002516.2:3331348-3332304:-,116,68
NC_002516.2:3332881-3336054:+,621,469
NC_002516.2:3336212-3337231:-,73,58
NC_002516.2:3337228-3337692:-,46,44
NC_002516.2:3337692-3338456:-,235,40
NC_002516.2:3338456-3338641:-,299,18
NC_002516.2:3338679-3339677:-,39,49
NC_002516.2:3339677-3340117:-,37,15
NC_002516.2:3340114-3340749:-,54,23
NC_002516.2:3340822-3343047:-,8,15
NC_002516.2:3343178-3343711:+,4,9
NC_002516.2:3343799-3345100:-,34,57
NC_002516.2:3345113-3345796:-,44,53
NC_002516.2:3345789-3347039:-,56,84
NC_002516.2:3347142-3347741:+,6,15
NC_002516.2:3348073-3348795:+,60,7
NC_002516.2:3348838-3350232:-,389,206
NC_002516.2:3350411-3350638:-,32,4
NC_002516.2:3350635-3351663:-,81,35
NC_002516.2:3351656-3352879:-,141,53
NC_002516.2:3352890-3353498:-,34,16
NC_002516.2:3353498-3354172:-,51,19
NC_002516.2:3354169-3354954:-,77,18
NC_002516.2:3354947-3356158:-,94,23
NC_002516.2:3356162-3357499:-,183,40
NC_002516.2:3357758-3359167:-,53,54
NC_002516.2:3359269-3360654:-,604,231
NC_002516.2:3360875-3364321:+,127,57
NC_002516.2:3364332-3364961:+,44,19
NC_002516.2:3365007-3365744:-,143,15
NC_002516.2:3365756-3366754:-,102,18
NC_002516.2:3366970-3367671:-,27,21
NC_002516.2:3367903-3368517:+,48,28
NC_002516.2:3368529-3369014:+,21,4
NC_002516.2:3369036-3369269:-,185,72
NC_002516.2:3369475-3369993:-,44,33
NC_002516.2:3370100-3372706:-,341,138
NC_002516.2:3372797-3373171:-,27,22
NC_002516.2:3373254-3374429:-,183,74
NC_002516.2:3374460-3376607:-,205,64
NC_002516.2:3377035-3377853:+,12,14
NC_002516.2:3377870-3378304:-,5,14
NC_002516.2:3378512-3378949:+,52,19
NC_002516.2:3378979-3379665:-,5,3
NC_002516.2:3379815-3381737:-,118,60
NC_002516.2:3381963-3383891:+,65,30
NC_002516.2:3383948-3384334:+,214,24
NC_002516.2:3384378-3385184:-,41,14
NC_002516.2:3385287-3386195:-,28,18
NC_002516.2:3386270-3387829:-,21,5
NC_002516.2:3387850-3389430:-,12,6
NC_002516.2:3389436-3391031:-,18,8
NC_002516.2:3391208-3392239:+,22,8
NC_002516.2:3392268-3393485:-,51,24
NC_002516.2:3393482-3394021:-,34,9
NC_002516.2:3394088-3394684:+,12,5
NC_002516.2:3394816-3395037:+,1066,304
NC_002516.2:3395325-3396728:-,25,8
NC_002516.2:3397096-3397374:-,8,13
NC_002516.2:3397381-3397938:-,27,10
NC_002516.2:3398104-3398700:+,4,0
NC_002516.2:3398717-3399649:+,3,2
NC_002516.2:3399649-3400515:+,5,1
NC_002516.2:3400684-3401949:+,473,118
NC_002516.2:3402134-3403516:-,5,4
NC_002516.2:3403812-3404141:+,165,108
NC_002516.2:3404145-3404525:+,23,110
NC_002516.2:3404539-3404862:+,10,22
NC_002516.2:3404979-3406310:+,52,33
NC_002516.2:3406321-3408546:-,4,8
NC_002516.2:3408560-3409183:-,3,4
NC_002516.2:3409609-3409953:-,101,27
NC_002516.2:3410264-3411694:+,53,40
NC_002516.2:3411763-3413940:-,56,30
NC_002516.2:3414401-3414613:+,400,82
NC_002516.2:3414701-3415729:-,35,33
NC_002516.2:3415786-3416067:-,0,4
NC_002516.2:3416061-3417041:+,38,29
NC_002516.2:3417113-3418120:+,26,14
NC_002516.2:3418288-3420192:+,26,12
NC_002516.2:3420309-3420785:-,12,3
NC_002516.2:3420823-3421299:-,18,28
NC_002516.2:3421425-3421655:+,1,0
NC_002516.2:3421696-3423066:-,19,13
NC_002516.2:3423068-3424591:-,29,9
NC_002516.2:3424588-3425577:-,10,8
NC_002516.2:3425555-3426922:-,9,9
NC_002516.2:3426928-3427446:-,16,1
NC_002516.2:3427486-3431067:-,29,18
NC_002516.2:3431045-3433891:-,30,13
NC_002516.2:3434373-3435359:-,4,4
NC_002516.2:3435372-3435944:-,7,9
NC_002516.2:3435987-3436430:-,8,2
NC_002516.2:3436578-3441440:-,724,226
NC_002516.2:3441713-3442483:-,5,15
NC_002516.2:3442823-3443803:+,30,32
NC_002516.2:3443814-3444752:+,17,7
NC_002516.2:3444749-3445243:+,3,4
NC_002516.2:3445236-3446258:+,11,7
NC_002516.2:3446255-3448015:+,14,5
NC_002516.2:3448012-3449643:+,14,12
NC_002516.2:3449697-3450776:+,8,9
NC_002516.2:3450838-3451509:+,3,2
NC_002516.2:3451506-3452801:+,13,12
NC_002516.2:3452872-3455253:-,25,11
NC_002516.2:3455266-3456363:-,21,6
NC_002516.2:3456543-3457910:-,22,4
NC_002516.2:3457969-3459933:-,23,8
NC_002516.2:3460380-3463037:-,220,79
NC_002516.2:3463056-3463856:-,14,17
NC_002516.2:3463889-3464152:-,61,10
NC_002516.2:3464236-3465096:-,28,11
NC_002516.2:3465093-3466073:-,23,14
NC_002516.2:3466073-3466960:-,40,30
NC_002516.2:3467085-3468050:+,2,4
NC_002516.2:3468051-3468950:-,9,7
NC_002516.2:3468988-3470427:-,17,5
NC_002516.2:3470764-3472803:-,18,10
NC_002516.2:3473018-3474136:+,13,8
NC_002516.2:3474133-3475170:+,9,3
NC_002516.2:3475956-3476480:-,11,5
NC_002516.2:3476482-3477630:-,53,26
NC_002516.2:3477627-3478628:-,38,16
NC_002516.2:3478625-3479338:-,14,22
NC_002516.2:3479335-3479724:-,4,7
NC_002516.2:3479721-3480239:-,33,24
NC_002516.2:3480246-3480692:-,100,25
NC_002516.2:3480697-3481914:-,52,22
NC_002516.2:3481914-3483422:-,84,33
NC_002516.2:3483642-3484349:+,40,64
NC_002516.2:3484354-3486330:+,116,69
NC_002516.2:3486417-3487184:-,39,26
NC_002516.2:3487181-3488392:-,146,44
NC_002516.2:3488409-3489914:-,361,93
NC_002516.2:3490136-3490678:-,23,47
NC_002516.2:3490752-3491411:-,50,35
NC_002516.2:3491415-3492704:-,132,140
NC_002516.2:3492701-3493573:-,248,234
NC_002516.2:3493842-3494477:-,65,50
NC_002516.2:3494567-3495424:-,24,15
NC_002516.2:3495446-3498205:-,277,177
NC_002516.2:3498374-3499384:-,49,25
NC_002516.2:3499486-3500598:-,299,106
NC_002516.2:3500668-3501750:-,158,57
NC_002516.2:3501809-3502570:-,23,16
NC_002516.2:3502642-3503280:-,216,28
NC_002516.2:3503292-3504716:-,274,44
NC_002516.2:3504879-3505772:+,8,4
NC_002516.2:3505865-3506242:-,36,7
NC_002516.2:3506322-3507233:-,13,5
NC_002516.2:3507345-3508673:+,5,4
NC_002516.2:3508717-3509166:-,35,17
NC_002516.2:3509324-3510127:+,19,6
NC_002516.2:3510144-3510890:+,23,6
NC_002516.2:3510905-3511864:-,17,10
NC_002516.2:3511957-3512394:-,33,8
NC_002516.2:3512394-3513041:-,54,16
NC_002516.2:3513154-3514011:-,9,3
NC_002516.2:3514023-3514565:-,5,3
NC_002516.2:3515416-3516900:-,234,75
NC_002516.2:3516938-3517858:-,15,8
NC_002516.2:3517928-3518995:+,0,5
NC_002516.2:3519045-3520544:+,1,2
NC_002516.2:3520548-3522560:-,105,40
NC_002516.2:3522748-3523944:+,235,173
NC_002516.2:3524161-3524490:-,12,3
NC_002516.2:3524681-3526678:-,455,261
NC_002516.2:3527429-3527734:-,8,36
NC_002516.2:3527670-3528212:-,9,35
NC_002516.2:3528428-3529447:-,124,65
NC_002516.2:3529508-3530458:-,96,91
NC_002516.2:3530467-3531708:-,202,181
NC_002516.2:3531751-3532815:-,618,242
NC_002516.2:3532812-3533933:-,310,228
NC_002516.2:3533948-3535081:-,746,258
NC_002516.2:3535216-3535971:-,327,180
NC_002516.2:3535971-3536579:-,174,87
NC_002516.2:3536576-3537811:-,149,141
NC_002516.2:3537808-3539124:-,284,225
NC_002516.2:3539128-3540207:-,1105,395
NC_002516.2:3540210-3540785:-,569,350
NC_002516.2:3540782-3542671:-,205,249
NC_002516.2:3542740-3543690:-,992,306
NC_002516.2:3543764-3545074:-,1575,854
NC_002516.2:3545881-3546927:-,521,473
NC_002516.2:3547689-3547973:-,170,41
NC_002516.2:3548110-3549789:-,4474,2936
NC_002516.2:3550057-3550746:-,161,75
NC_002516.2:3552979-3554088:-,79,77
NC_002516.2:3554157-3555254:-,272,104
NC_002516.2:3555254-3556339:-,273,89
NC_002516.2:3556427-3559198:-,676,378
NC_002516.2:3559435-3560511:-,67,23
NC_002516.2:3560621-3561955:+,59,35
NC_002516.2:3562106-3562804:+,94,24
NC_002516.2:3562801-3563481:+,75,28
NC_002516.2:3563546-3564286:+,43,9
NC_002516.2:3564445-3565173:+,6,5
NC_002516.2:3565189-3566124:+,4,3
NC_002516.2:3566163-3567377:+,3,5
NC_002516.2:3567606-3568529:+,34,64
NC_002516.2:3568636-3569013:-,20,16
NC_002516.2:3569106-3570266:-,89,34
NC_002516.2:3570414-3570851:+,15,4
NC_002516.2:3570941-3571603:-,692,434
NC_002516.2:3571621-3572337:-,1004,144
NC_002516.2:3572324-3573793:-,2121,627
NC_002516.2:3573980-3574837:+,49,32
NC_002516.2:3574846-3575697:-,54,46
NC_002516.2:3575912-3577276:-,121,34
NC_002516.2:3577320-3578480:-,68,26
NC_002516.2:3578513-3579358:-,45,16
NC_002516.2:3579351-3580283:-,35,19
NC_002516.2:3580384-3581646:-,188,96
NC_002516.2:3582171-3583592:-,100,94
NC_002516.2:3583616-3584344:-,254,88
NC_002516.2:3584379-3585374:-,340,124
NC_002516.2:3585477-3587303:-,1348,296
NC_002516.2:3587433-3588437:+,940,131
NC_002516.2:3588741-3589271:-,12,7
NC_002516.2:3589352-3590350:-,20,21
NC_002516.2:3590490-3591242:-,39,27
NC_002516.2:3591415-3592044:-,53,18
NC_002516.2:3592041-3592928:-,22,14
NC_002516.2:3593144-3593731:+,132,41
NC_002516.2:3593733-3594032:+,91,20
NC_002516.2:3594208-3594570:+,57,8
NC_002516.2:3594581-3595258:+,29,32
NC_002516.2:3595387-3595827:+,44,10
NC_002516.2:3595942-3597279:+,8,13
NC_002516.2:3597319-3597798:+,7,1
NC_002516.2:3597779-3598339:-,46,14
NC_002516.2:3598404-3598775:-,1,2
NC_002516.2:3598933-3600387:+,25,13
NC_002516.2:3600454-3601599:+,52,24
NC_002516.2:3601596-3602390:+,19,11
NC_002516.2:3602392-3603330:+,64,10
NC_002516.2:3603327-3603971:+,17,4
NC_002516.2:3603994-3605007:-,10,8
NC_002516.2:3605150-3605467:+,10,7
NC_002516.2:3605684-3607075:+,42,18
NC_002516.2:3608117-3608929:-,2,0
NC_002516.2:3609076-3609840:+,7,9
NC_002516.2:3609905-3610240:+,29,6
NC_002516.2:3610250-3611149:+,19,5
NC_002516.2:3611254-3611895:-,4,0
NC_002516.2:3612042-3612359:-,8,9
NC_002516.2:3612559-3613488:+,29,16
NC_002516.2:3613495-3614322:+,51,12
NC_002516.2:3614304-3614867:+,156,39
NC_002516.2:3614930-3616762:+,63,55
NC_002516.2:3617044-3617310:+,138,9
NC_002516.2:3617343-3618467:-,16,13
NC_002516.2:3618726-3618884:-,5,11
NC_002516.2:3618993-3619619:-,8,4
NC_002516.2:3619616-3621415:-,29,31
NC_002516.2:3621505-3623160:-,536,137
NC_002516.2:3623157-3623468:-,1066,107
NC_002516.2:3623686-3624543:-,4,10
NC_002516.2:3624837-3625058:+,1,0
NC_002516.2:3625201-3626562:+,87,33
NC_002516.2:3626566-3627369:+,72,30
NC_002516.2:3627509-3628366:+,7,6
NC_002516.2:3628430-3629599:-,12,10
NC_002516.2:3629667-3630605:-,23,27
NC_002516.2:3630765-3631556:+,36,23
NC_002516.2:3631618-3632433:+,1880,183
NC_002516.2:3632430-3632684:+,1466,156
NC_002516.2:3632788-3633423:+,21,12
NC_002516.2:3633592-3634881:+,39,23
NC_002516.2:3634924-3635475:-,9,5
NC_002516.2:3635541-3636257:-,9,4
NC_002516.2:3636621-3637679:+,18,14
NC_002516.2:3637734-3638543:+,1,3
NC_002516.2:3638540-3639379:+,1,3
NC_002516.2:3639366-3640163:+,5,5
NC_002516.2:3640166-3641161:+,31,9
NC_002516.2:3641233-3641811:+,48,6
NC_002516.2:3641872-3642834:-,90,24
NC_002516.2:3642964-3645060:+,606,325
NC_002516.2:3645099-3646904:+,5,13
NC_002516.2:3646918-3647397:-,26,7
NC_002516.2:3647755-3648066:-,37,14
NC_002516.2:3648170-3648916:+,12,32
NC_002516.2:3649705-3650466:-,360,97
NC_002516.2:3651056-3651976:+,75,17
NC_002516.2:3652063-3652998:+,6,7
NC_002516.2:3653138-3653452:+,5,6
NC_002516.2:3653667-3653876:+,1819,235
NC_002516.2:3653937-3655811:-,75,52
NC_002516.2:3655986-3658151:-,34,12
NC_002516.2:3658248-3659102:-,18,18
NC_002516.2:3659169-3659756:-,47,32
NC_002516.2:3660022-3663501:+,82,42
NC_002516.2:3663509-3667855:-,55,25
NC_002516.2:3667924-3668307:-,0,3
NC_002516.2:3668474-3668761:+,3,1
NC_002516.2:3668840-3669169:-,4,5
NC_002516.2:3669166-3669588:-,19,11
NC_002516.2:3669821-3670633:-,10,16
NC_002516.2:3670759-3671058:-,9,46
NC_002516.2:3671227-3672549:-,4,3
NC_002516.2:3673008-3674324:-,1,6
NC_002516.2:3674570-3675160:-,18,12
NC_002516.2:3675163-3675897:-,22,6
NC_002516.2:3675894-3676748:-,45,11
NC_002516.2:3676767-3677081:-,51,11
NC_002516.2:3677720-3678331:-,50,50
NC_002516.2:3678334-3679386:-,75,26
NC_002516.2:3679946-3680461:+,5,5
NC_002516.2:3680465-3680968:-,10,10
NC_002516.2:3681048-3681461:+,4,1
NC_002516.2:3681500-3684148:-,67,49
NC_002516.2:3684163-3684717:-,40,12
NC_002516.2:3684905-3685762:-,19,9
NC_002516.2:3685759-3686574:-,5,1
NC_002516.2:3686584-3688650:-,8,5
NC_002516.2:3688879-3689316:-,86,17
NC_002516.2:3689521-3690951:+,3,4
NC_002516.2:3691024-3695004:-,94,57
NC_002516.2:3695179-3695481:-,2,2
NC_002516.2:3695511-3697199:-,274,69
NC_002516.2:3697434-3699122:-,93,25
NC_002516.2:3699369-3700319:+,66,23
NC_002516.2:3700316-3700786:+,85,25
NC_002516.2:3700937-3702112:+,5,9
NC_002516.2:3702093-3702950:-,3,9
NC_002516.2:3702977-3703180:-,2,1
NC_002516.2:3703167-3705161:-,9,31
NC_002516.2:3705890-3706492:-,7,16
NC_002516.2:3706546-3706854:-,6,5
NC_002516.2:3707090-3709942:+,103,49
NC_002516.2:3710225-3710680:+,50,233
NC_002516.2:3710749-3712404:-,21,10
NC_002516.2:3712560-3714911:+,12,21
NC_002516.2:3714915-3715805:-,23,4
NC_002516.2:3715804-3716811:+,96,8
NC_002516.2:3716808-3717611:+,14,6
NC_002516.2:3717605-3718438:+,10,4
NC_002516.2:3718435-3719205:+,2,11
NC_002516.2:3719329-3720057:+,49,16
NC_002516.2:3720123-3720623:+,8,1
NC_002516.2:3720681-3722759:-,4,11
NC_002516.2:3722990-3723445:-,2,0
NC_002516.2:3723534-3724448:+,4,2
NC_002516.2:3724456-3725154:-,19,14
NC_002516.2:3725580-3726455:+,3,1
NC_002516.2:3726452-3728230:+,2,1
NC_002516.2:3728240-3729127:+,0,0
NC_002516.2:3729471-3730076:-,524,171
NC_002516.2:3730557-3737615:+,821,232
NC_002516.2:3737612-3738778:+,118,38
NC_002516.2:3738775-3740103:+,248,35
NC_002516.2:3740105-3741019:+,255,30
NC_002516.2:3741012-3742268:+,577,112
NC_002516.2:3742265-3742690:+,171,27
NC_002516.2:3742694-3743686:+,355,78
NC_002516.2:3743700-3743939:+,251,50
NC_002516.2:3744057-3744809:+,154,90
NC_002516.2:3744901-3746067:+,84,19
NC_002516.2:3746078-3747076:-,2,55
NC_002516.2:3747166-3747456:-,4,4
NC_002516.2:3747525-3749711:+,26,16
NC_002516.2:3749719-3751767:-,107,31
NC_002516.2:3752044-3752478:-,34,36
NC_002516.2:3752596-3753612:-,12,4
NC_002516.2:3753763-3754932:-,6,21
NC_002516.2:3755021-3757159:-,81,83
NC_002516.2:3757243-3757593:-,43,20
NC_002516.2:3757659-3759374:-,37,33
NC_002516.2:3759376-3759681:-,25,12
NC_002516.2:3759996-3760820:-,86,82
NC_002516.2:3760897-3761829:-,377,297
NC_002516.2:3761961-3762659:+,30,89
NC_002516.2:3762804-3763127:+,132,90
NC_002516.2:3763182-3763652:+,35,73
NC_002516.2:3763681-3764472:+,44,51
NC_002516.2:3764476-3765087:-,12,11
NC_002516.2:3765129-3766433:-,19,23
NC_002516.2:3766617-3767858:-,32,17
NC_002516.2:3768184-3769530:+,38,4
NC_002516.2:3769587-3770465:+,6,2
NC_002516.2:3770470-3771480:-,4,6
NC_002516.2:3771503-3772561:-,3,0
NC_002516.2:3773029-3773376:+,8,2
NC_002516.2:3773430-3773948:-,10,10
NC_002516.2:3773991-3774581:-,12,2
NC_002516.2:3774578-3775735:-,14,7
NC_002516.2:3775761-3776876:-,9,2
NC_002516.2:3776959-3777999:-,16,21
NC_002516.2:3778266-3778604:+,7,5
NC_002516.2:3778704-3779369:+,4,1
NC_002516.2:3779562-3779840:+,101,38
NC_002516.2:3779930-3780076:+,105,31
NC_002516.2:3780128-3780313:+,10,5
NC_002516.2:3780362-3781132:-,7,1
NC_002516.2:3781123-3781680:-,9,9
NC_002516.2:3781680-3782843:-,5,19
NC_002516.2:3782833-3783549:-,2,0
NC_002516.2:3783599-3784414:-,2,0
NC_002516.2:3784411-3785295:-,3,3
NC_002516.2:3785292-3786392:-,2,2
NC_002516.2:3786392-3787021:-,0,0
NC_002516.2:3787021-3787479:-,0,1
NC_002516.2:3787489-3788211:-,1,2
NC_002516.2:3788232-3789026:-,1,0
NC_002516.2:3789093-3790097:-,1,1
NC_002516.2:3790150-3790986:-,3,5
NC_002516.2:3791347-3791673:+,85,75
NC_002516.2:3791827-3792192:+,2,10
NC_002516.2:3792290-3793060:+,3,2
NC_002516.2:3793113-3793808:+,9,7
NC_002516.2:3793815-3794117:-,0,0
NC_002516.2:3794178-3794591:+,4,1
NC_002516.2:3794819-3796966:+,4,9
NC_002516.2:3797009-3798919:+,1,3
NC_002516.2:3798916-3800202:+,5,2
NC_002516.2:3800199-3801113:+,2,0
NC_002516.2:3801104-3801931:+,2,0
NC_002516.2:3801948-3802484:+,0,1
NC_002516.2:3802567-3803343:-,279,55
NC_002516.2:3803617-3804543:+,11,6
NC_002516.2:3804545-3804886:-,22,3
NC_002516.2:3804940-3806073:-,8,4
NC_002516.2:3806070-3807242:-,14,8
NC_002516.2:3807246-3808217:-,26,12
NC_002516.2:3808318-3808803:-,4,5
NC_002516.2:3808978-3809265:+,1,0
NC_002516.2:3809258-3810613:-,2,1
NC_002516.2:3810610-3811941:-,2,0
NC_002516.2:3811938-3813740:-,0,3
NC_002516.2:3813958-3814575:-,13,3
NC_002516.2:3814661-3817336:-,7,7
NC_002516.2:3817546-3818532:-,4,2
NC_002516.2:3818597-3819112:-,0,1
NC_002516.2:3819189-3819407:-,0,2
NC_002516.2:3819527-3819796:-,2,3
NC_002516.2:3820006-3820272:+,20,7
NC_002516.2:3820308-3820892:+,3,7
NC_002516.2:3821385-3822497:-,2,1
NC_002516.2:3822515-3823516:-,1,2
NC_002516.2:3823509-3824606:-,4,3
NC_002516.2:3824748-3825773:-,12,15
NC_002516.2:3826019-3826831:+,13,3
NC_002516.2:3826838-3829321:-,4,3
NC_002516.2:3829471-3830841:-,6,4
NC_002516.2:3830898-3832655:-,3,3
NC_002516.2:3832940-3833683:+,10,5
NC_002516.2:3833774-3835180:+,5,1
NC_002516.2:3835215-3835559:+,1,2
NC_002516.2:3835579-3836349:-,22,10
NC_002516.2:3836466-3837377:-,29,15
NC_002516.2:3837493-3837786:-,3,1
NC_002516.2:3837885-3838781:-,5,8
NC_002516.2:3838778-3839557:-,4,6
NC_002516.2:3839686-3840372:-,2,15
NC_002516.2:3840359-3840748:-,2,5
NC_002516.2:3840844-3841737:+,4,2
NC_002516.2:3842274-3843290:-,0,0
NC_002516.2:3843653-3844105:-,42,9
NC_002516.2:3844385-3844942:+,2,1
NC_002516.2:3845053-3845757:+,26,11
NC_002516.2:3845775-3846335:+,117,29
NC_002516.2:3846337-3846708:+,108,18
NC_002516.2:3846837-3847148:+,49,19
NC_002516.2:3847200-3847538:+,23,5
NC_002516.2:3847718-3847933:-,18,5
NC_002516.2:3847974-3848798:-,2,2
NC_002516.2:3848795-3849583:-,2,1
NC_002516.2:3849604-3850752:-,3,4
NC_002516.2:3850830-3851801:-,0,9
NC_002516.2:3851920-3852513:-,2,13
NC_002516.2:3852667-3853416:-,2,4
NC_002516.2:3853413-3854237:-,3,2
NC_002516.2:3854241-3855242:-,7,8
NC_002516.2:3855493-3856131:-,32,62
NC_002516.2:3856337-3856546:+,1,7
NC_002516.2:3856749-3858320:+,68,48
NC_002516.2:3858544-3859209:-,32,8
NC_002516.2:3859338-3860522:-,16,7
NC_002516.2:3860675-3862165:-,77,31
NC_002516.2:3862309-3864273:+,25,8
NC_002516.2:3864374-3865126:+,4,5
NC_002516.2:3865281-3865754:-,7,12
NC_002516.2:3865897-3867666:+,39,58
NC_002516.2:3867707-3869464:+,17,15
NC_002516.2:3869461-3870657:+,14,11
NC_002516.2:3870795-3873554:+,19,16
NC_002516.2:3873606-3873836:+,7,1
NC_002516.2:3874654-3875979:-,6,11
NC_002516.2:3876196-3877911:+,13,28
NC_002516.2:3878033-3879373:-,92,32
NC_002516.2:3879559-3880926:+,2,3
NC_002516.2:3881093-3882421:+,40,9
NC_002516.2:3882441-3882983:+,15,10
NC_002516.2:3882980-3883438:+,9,5
NC_002516.2:3883560-3885254:-,285,50
NC_002516.2:3885711-3886307:+,37,24
NC_002516.2:3886328-3887227:-,11,8
NC_002516.2:3887224-3888084:-,6,10
NC_002516.2:3888178-3888984:-,26,7
NC_002516.2:3889139-3889744:-,176,149
NC_002516.2:3889925-3890650:-,653,286
NC_002516.2:3890775-3892055:-,18,4
NC_002516.2:3892121-3893008:-,28,5
NC_002516.2:3893432-3893998:-,133,25
NC_002516.2:3894099-3895193:-,91,32
NC_002516.2:3895324-3897357:+,268,76
NC_002516.2:3897391-3898191:+,34,38
NC_002516.2:3898278-3899504:+,39,11
NC_002516.2:3899501-3899938:+,8,6
NC_002516.2:3900233-3902659:+,19,5
NC_002516.2:3902663-3905962:+,55,25
NC_002516.2:3906055-3907089:+,26,8
NC_002516.2:3907268-3907852:+,5,10
NC_002516.2:3907849-3908415:+,4,8
NC_002516.2:3908412-3910736:+,18,15
NC_002516.2:3910739-3911773:+,5,4
NC_002516.2:3911773-3912417:+,4,6
NC_002516.2:3912410-3913132:+,8,9
NC_002516.2:3913129-3913767:+,25,15
NC_002516.2:3913876-3914055:+,68,19
NC_002516.2:3914117-3915337:-,3,2
NC_002516.2:3915807-3916763:-,15,4
NC_002516.2:3916778-3917212:-,8,0
NC_002516.2:3917209-3918228:-,8,10
NC_002516.2:3918251-3918469:-,2,2
NC_002516.2:3918471-3918788:-,4,0
NC_002516.2:3919774-3921258:-,6,3
NC_002516.2:3921270-3922073:-,5,2
NC_002516.2:3922084-3923766:-,3,4
NC_002516.2:3923759-3924556:-,4,2
NC_002516.2:3924543-3925376:-,6,1
NC_002516.2:3925369-3926238:-,10,0
NC_002516.2:3926247-3926777:-,16,0
NC_002516.2:3926791-3927552:-,3,3
NC_002516.2:3927558-3928334:-,5,4
NC_002516.2:3928331-3929338:-,5,1
NC_002516.2:3929379-3930230:-,3,4
NC_002516.2:3930743-3931816:-,10,10
NC_002516.2:3931866-3933317:-,4,1
NC_002516.2:3933317-3934750:-,3,7
NC_002516.2:3934781-3935767:-,6,3
NC_002516.2:3935800-3936837:-,4,0
NC_002516.2:3937238-3937432:-,4,1
NC_002516.2:3938020-3939495:-,2,6
NC_002516.2:3939492-3942653:-,5,11
NC_002516.2:3942650-3943807:-,2,4
NC_002516.2:3944184-3944570:+,86,12
NC_002516.2:3944662-3945879:-,431,246
NC_002516.2:3945997-3946962:-,16,24
NC_002516.2:3947095-3948141:+,57,40
NC_002516.2:3948138-3948812:+,101,30
NC_002516.2:3948991-3949593:-,965,180
NC_002516.2:3949853-3950074:+,9,1
NC_002516.2:3950284-3950760:+,840,668
NC_002516.2:3950827-3951978:-,15,9
NC_002516.2:3952061-3952387:-,339,61
NC_002516.2:3952500-3954608:-,19,9
NC_002516.2:3954907-3957894:+,61,22
NC_002516.2:3958288-3958755:-,19,8
NC_002516.2:3959033-3959950:+,34,19
NC_002516.2:3959955-3961037:+,40,30
NC_002516.2:3961144-3961923:+,76,19
NC_002516.2:3962825-3964135:+,5,1
NC_002516.2:3964275-3965759:+,1,3
NC_002516.2:3965842-3967011:+,6,2
NC_002516.2:3967025-3968452:+,4,5
NC_002516.2:3968449-3969921:+,2,2
NC_002516.2:3969942-3971573:+,4,0
NC_002516.2:3971586-3973010:+,4,4
NC_002516.2:3973014-3974117:+,33,3
NC_002516.2:3974359-3975921:+,5,2
NC_002516.2:3975936-3977111:+,2,1
NC_002516.2:3977184-3977834:+,3,0
NC_002516.2:3978031-3979476:+,6,4
NC_002516.2:3979860-3981008:+,10,3
NC_002516.2:3981005-3982024:+,5,5
NC_002516.2:3982021-3984009:+,22,14
NC_002516.2:3984006-3984893:+,9,16
NC_002516.2:3984890-3986539:+,8,6
NC_002516.2:3986536-3986883:+,2,2
NC_002516.2:3986880-3987293:+,1,2
NC_002516.2:3987290-3988684:+,9,9
NC_002516.2:3988838-3990595:-,18,7
NC_002516.2:3990597-3991541:-,12,3
NC_002516.2:3991541-3994411:-,29,11
NC_002516.2:3994739-3995728:+,30,10
NC_002516.2:3995841-3996518:+,12,5
NC_002516.2:3996806-3997726:-,7,1
NC_002516.2:3997822-3998115:+,14,3
NC_002516.2:3998137-3999150:+,27,2
NC_002516.2:3999208-4001094:-,66,22
NC_002516.2:4001196-4002092:-,2,0
NC_002516.2:4002108-4003601:-,6,8
NC_002516.2:4003733-4004656:+,5,2
NC_002516.2:4004783-4004959:+,5,20
NC_002516.2:4004967-4006145:-,11,16
NC_002516.2:4006510-4007148:+,17,13
NC_002516.2:4007127-4007324:-,5,4
NC_002516.2:4007507-4008037:+,6,3
NC_002516.2:4008136-4008558:+,9,5
NC_002516.2:4008938-4009051:-,3,0
NC_002516.2:4009542-4010327:-,31,15
NC_002516.2:4010523-4012007:-,126,45
NC_002516.2:4012071-4012541:-,21,14
NC_002516.2:4012806-4013645:+,216,82
NC_002516.2:4013685-4015202:+,1434,259
NC_002516.2:4015408-4016163:+,64,25
NC_002516.2:4016441-4017979:+,1847,659
NC_002516.2:4018112-4018441:+,5,5
NC_002516.2:4018458-4019444:-,1,2
NC_002516.2:4019743-4020663:+,60,16
NC_002516.2:4020669-4021919:-,4,5
NC_002516.2:4021972-4023177:-,0,1
NC_002516.2:4023200-4024732:-,6,4
NC_002516.2:4024729-4025526:-,2,9
NC_002516.2:4025586-4026773:-,3,2
NC_002516.2:4026812-4028539:-,1,2
NC_002516.2:4028653-4029540:+,2,3
NC_002516.2:4029759-4031168:+,8,2
NC_002516.2:4031165-4032238:-,3,2
NC_002516.2:4032328-4033650:-,8,2
NC_002516.2:4033850-4034665:-,7,7
NC_002516.2:4034793-4035578:+,32,10
NC_002516.2:4035606-4035758:-,184,18
NC_002516.2:4035758-4036021:-,616,36
NC_002516.2:4036265-4037875:+,292,109
NC_002516.2:4037945-4038316:-,8,6
NC_002516.2:4038388-4039041:-,52,22
NC_002516.2:4039174-4040100:+,10,5
NC_002516.2:4040104-4040820:-,3,8
NC_002516.2:4041079-4042170:+,9,9
NC_002516.2:4042175-4043068:+,3,2
NC_002516.2:4043061-4043831:+,1,2
NC_002516.2:4043920-4044984:+,5,5
NC_002516.2:4045160-4045570:+,73,28
NC_002516.2:4045589-4045810:+,33,36
NC_002516.2:4045934-4048339:-,10,44
NC_002516.2:4048519-4049922:+,95,81
NC_002516.2:4050005-4051075:+,26,19
NC_002516.2:4051097-4051558:-,52,13
NC_002516.2:4051564-4052604:-,325,122
NC_002516.2:4052738-4053244:-,19,9
NC_002516.2:4053392-4054399:+,40,7
NC_002516.2:4054525-4057092:+,152,60
NC_002516.2:4057159-4057482:+,230,67
NC_002516.2:4057909-4058913:-,910,411
NC_002516.2:4059018-4059911:-,187,236
NC_002516.2:4059957-4060592:-,58,27
NC_002516.2:4060625-4061374:-,139,54
NC_002516.2:4061362-4062429:-,24,23
NC_002516.2:4062426-4062899:-,52,18
NC_002516.2:4062970-4063821:-,5,1
NC_002516.2:4063875-4064987:-,22,4
NC_002516.2:4065119-4066027:+,4,5
NC_002516.2:4066103-4067329:+,24,24
NC_002516.2:4067295-4067543:+,8,5
NC_002516.2:4067604-4068308:-,15,20
NC_002516.2:4068328-4068612:-,25,28
NC_002516.2:4068677-4069966:-,753,239
NC_002516.2:4070012-4070857:-,182,76
NC_002516.2:4070860-4072488:-,512,190
NC_002516.2:4072659-4073987:-,23,17
NC_002516.2:4074057-4075007:-,220,196
NC_002516.2:4075157-4078678:-,295,153
NC_002516.2:4078808-4080223:-,42,17
NC_002516.2:4080440-4081045:-,23,35
NC_002516.2:4081045-4082181:-,48,110
NC_002516.2:4082185-4082961:-,162,160
NC_002516.2:4082958-4083398:-,292,88
NC_002516.2:4083444-4084505:-,246,161
NC_002516.2:4084505-4085011:-,357,88
NC_002516.2:4085062-4087455:-,431,180
NC_002516.2:4087526-4088878:-,144,178
NC_002516.2:4088904-4090094:-,50,41
NC_002516.2:4090091-4090906:-,33,34
NC_002516.2:4090900-4091655:-,48,77
NC_002516.2:4091671-4092228:-,399,98
NC_002516.2:4092231-4092968:-,230,66
NC_002516.2:4093167-4094036:-,1074,269
NC_002516.2:4094167-4094907:-,1892,392
NC_002516.2:4095172-4095957:+,102,46
NC_002516.2:4096124-4098826:+,60,49
NC_002516.2:4098844-4100052:+,29,23
NC_002516.2:4100104-4101849:-,43,27
NC_002516.2:4102087-4102446:+,79,16
NC_002516.2:4102768-4103061:+,11,16
NC_002516.2:4103076-4103429:-,12,6
NC_002516.2:4103732-4104079:+,94,13
NC_002516.2:4104092-4104715:+,19,6
NC_002516.2:4104745-4105779:+,157,43
NC_002516.2:4105874-4107079:+,14,18
NC_002516.2:4107076-4107498:+,8,3
NC_002516.2:4107505-4108485:-,14,15
NC_002516.2:4108489-4110336:-,9,10
NC_002516.2:4110347-4111081:-,2,2
NC_002516.2:4111078-4112001:-,11,2
NC_002516.2:4112285-4114789:+,91,55
NC_002516.2:4114933-4115331:+,36,9
NC_002516.2:4115468-4116148:+,27,16
NC_002516.2:4116188-4119265:-,17,18
NC_002516.2:4119270-4120373:-,11,3
NC_002516.2:4120469-4121107:+,8,7
NC_002516.2:4121114-4122391:-,15,6
NC_002516.2:4122420-4123205:-,7,5
NC_002516.2:4123261-4123956:-,7,6
NC_002516.2:4123961-4124785:-,13,3
NC_002516.2:4124858-4125724:-,14,12
NC_002516.2:4125743-4126090:-,9,17
NC_002516.2:4126164-4126844:-,29,22
NC_002516.2:4126948-4127595:-,357,121
NC_002516.2:4127756-4130392:-,66,34
NC_002516.2:4130599-4130943:+,41,22
NC_002516.2:4130952-4131422:-,13,4
NC_002516.2:4131536-4133758:+,10,19
NC_002516.2:4134138-4134542:+,69,79
NC_002516.2:4134591-4135376:+,122,197
NC_002516.2:4135452-4135973:-,10,7
NC_002516.2:4135970-4136293:-,31,12
NC_002516.2:4136290-4137195:-,22,18
NC_002516.2:4137192-4137938:-,59,23
NC_002516.2:4138007-4139302:-,61,19
NC_002516.2:4139311-4139862:-,46,24
NC_002516.2:4139959-4140672:-,37,23
NC_002516.2:4140884-4142389:-,250,85
NC_002516.2:4143595-4143665:-,62,6
NC_002516.2:4142570-4143593:-,165,96
NC_002516.2:4143788-4144831:-,26,21
NC_002516.2:4144939-4145946:-,16,24
NC_002516.2:4145943-4148252:-,27,21
NC_002516.2:4148249-4148938:-,10,2
NC_002516.2:4148931-4150199:-,14,7
NC_002516.2:4150196-4150711:-,5,7
NC_002516.2:4150716-4152344:-,51,27
NC_002516.2:4152611-4154230:-,4,3
NC_002516.2:4154339-4156012:-,6,31
NC_002516.2:4156184-4157089:+,5,1
NC_002516.2:4157126-4157821:-,21,4
NC_002516.2:4158143-4160005:+,18,8
NC_002516.2:4160329-4160970:+,1,0
NC_002516.2:4161091-4161894:+,21,7
NC_002516.2:4161973-4163679:-,314,63
NC_002516.2:4163890-4164231:+,14,5
NC_002516.2:4164330-4165571:-,2,0
NC_002516.2:4165719-4165880:-,4,0
NC_002516.2:4165888-4166313:-,4,4
NC_002516.2:4166518-4167159:+,10,1
NC_002516.2:4167172-4167522:-,23,16
NC_002516.2:4167711-4168817:-,50,8
NC_002516.2:4168987-4170483:-,335,43
NC_002516.2:4170770-4172485:-,47,30
NC_002516.2:4172529-4173068:-,48,50
NC_002516.2:4173175-4173867:-,63,46
NC_002516.2:4173886-4179126:-,339,193
NC_002516.2:4179276-4181342:-,588,92
NC_002516.2:4181378-4182019:-,38,14
NC_002516.2:4182075-4182770:-,199,25
NC_002516.2:4182785-4183405:-,185,33
NC_002516.2:4183710-4184939:+,17,11
NC_002516.2:4185125-4185481:-,18,27
NC_002516.2:4185522-4186727:+,6,2
NC_002516.2:4186781-4188190:-,160,53
NC_002516.2:4188243-4189547:-,149,43
NC_002516.2:4189761-4190489:-,173,48
NC_002516.2:4190616-4191512:-,14,14
NC_002516.2:4191727-4193562:+,17,28
NC_002516.2:4193675-4194361:+,14,12
NC_002516.2:4194431-4194856:-,10,3
NC_002516.2:4195008-4195358:-,658,229
NC_002516.2:4195400-4196158:-,135,681
NC_002516.2:4196165-4196692:-,184,777
NC_002516.2:4196708-4196959:-,642,195
NC_002516.2:4197169-4198542:-,250,95
NC_002516.2:4198843-4199643:+,37,28
NC_002516.2:4199656-4200948:+,20,20
NC_002516.2:4201252-4202565:+,24,10
NC_002516.2:4202573-4203322:-,14,9
NC_002516.2:4203324-4204505:-,98,18
NC_002516.2:4204543-4204737:-,9,18
NC_002516.2:4204734-4205258:-,57,16
NC_002516.2:4205296-4205907:-,56,31
NC_002516.2:4206048-4206602:+,15,17
NC_002516.2:4206665-4207165:+,25,24
NC_002516.2:4207408-4208151:+,2,1
NC_002516.2:4208168-4209259:+,9,2
NC_002516.2:4209256-4210278:+,6,3
NC_002516.2:4210295-4212823:+,18,7
NC_002516.2:4212848-4214560:+,8,4
NC_002516.2:4214762-4215079:-,17,9
NC_002516.2:4215544-4219440:-,558,157
NC_002516.2:4219841-4221199:+,51,46
NC_002516.2:4221213-4221797:-,2,2
NC_002516.2:4221923-4223179:-,4,4
NC_002516.2:4223568-4224116:-,15,14
NC_002516.2:4224107-4225498:-,45,20
NC_002516.2:4225660-4227237:-,450,99
NC_002516.2:4227317-4228786:-,323,113
NC_002516.2:4229050-4230027:+,13,2
NC_002516.2:4230162-4231058:+,2,1
NC_002516.2:4231071-4232228:+,2,0
NC_002516.2:4232258-4233400:+,3,2
NC_002516.2:4233385-4234167:-,4,1
NC_002516.2:4234275-4235183:+,2,0
NC_002516.2:4235220-4236599:+,21,18
NC_002516.2:4236606-4237541:+,26,8
NC_002516.2:4237693-4238733:+,8,6
NC_002516.2:4238808-4239302:+,1,0
NC_002516.2:4239299-4240579:+,3,2
NC_002516.2:4241342-4242295:-,6,5
NC_002516.2:4242416-4243045:+,6,0
NC_002516.2:4243080-4243652:-,63,12
NC_002516.2:4243709-4244185:-,85,5
NC_002516.2:4244315-4244704:-,18,21
NC_002516.2:4244876-4245724:+,16,24
NC_002516.2:4245810-4246205:+,6,11
NC_002516.2:4246223-4247638:-,84,15
NC_002516.2:4247703-4249874:-,174,20
NC_002516.2:4249995-4250456:-,48,37
NC_002516.2:4250828-4252606:+,343,206
NC_002516.2:4252677-4253009:-,33,15
NC_002516.2:4253063-4253518:-,33,4
NC_002516.2:4253699-4254649:+,116,52
NC_002516.2:4254737-4255324:-,130,25
NC_002516.2:4255458-4256252:-,68,24
NC_002516.2:4256240-4257388:-,71,26
NC_002516.2:4257696-4259177:-,117,92
NC_002516.2:4259255-4260397:-,229,215
NC_002516.2:4260399-4261043:-,205,82
NC_002516.2:4261070-4262359:-,176,108
NC_002516.2:4262378-4263493:-,215,130
NC_002516.2:4263490-4264533:-,94,62
NC_002516.2:4264530-4265288:-,140,65
NC_002516.2:4265306-4266445:-,255,244
NC_002516.2:4266470-4266901:-,645,158
NC_002516.2:4267145-4267345:-,56,32
NC_002516.2:4267372-4267710:-,66,35
NC_002516.2:4267717-4269576:-,217,110
NC_002516.2:4269619-4270140:-,46,46
NC_002516.2:4270148-4270471:-,99,49
NC_002516.2:4270499-4270885:-,318,84
NC_002516.2:4270921-4272135:-,458,129
NC_002516.2:4272165-4272656:-,100,34
NC_002516.2:4272801-4273577:-,162,62
NC_002516.2:4273577-4274350:-,101,70
NC_002516.2:4274502-4275317:+,128,40
NC_002516.2:4275422-4275970:-,287,185
NC_002516.2:4276154-4277074:-,296,134
NC_002516.2:4277085-4278947:-,404,125
NC_002516.2:4279007-4279345:-,184,27
NC_002516.2:4279389-4280507:-,90,58
NC_002516.2:4280520-4281563:-,45,32
NC_002516.2:4282078-4283658:-,31,29
NC_002516.2:4283788-4284285:+,12,8
NC_002516.2:4284417-4285484:-,66,57
NC_002516.2:4285477-4286595:-,47,66
NC_002516.2:4286787-4287710:-,5,6
NC_002516.2:4287794-4288606:-,11,4
NC_002516.2:4288943-4290430:+,284,76
NC_002516.2:4290427-4290855:+,17,9
NC_002516.2:4290867-4291235:+,32,17
NC_002516.2:4291356-4294208:+,292,156
NC_002516.2:4294255-4294605:-,12,3
NC_002516.2:4297250-4298227:+,211,39
NC_002516.2:4298311-4299201:+,38,15
NC_002516.2:4299204-4299998:+,21,18
NC_002516.2:4300117-4301949:+,9,69
NC_002516.2:4302041-4303051:+,11,8
NC_002516.2:4303141-4304502:-,16,19
NC_002516.2:4304690-4305040:+,1,3
NC_002516.2:4305645-4306256:-,7,3
NC_002516.2:4306380-4307276:+,2,1
NC_002516.2:4307266-4307808:-,36,11
NC_002516.2:4307912-4308382:+,2,3
NC_002516.2:4308456-4309811:+,46,15
NC_002516.2:4309904-4310908:+,56,25
NC_002516.2:4310951-4311862:-,167,37
NC_002516.2:4311951-4312703:-,26,8
NC_002516.2:4312707-4313642:-,59,22
NC_002516.2:4313763-4314452:-,27,15
NC_002516.2:4314481-4314795:-,15,11
NC_002516.2:4314788-4315489:-,26,23
NC_002516.2:4315556-4316038:-,27,21
NC_002516.2:4316109-4316825:-,82,43
NC_002516.2:4316937-4317962:-,41,30
NC_002516.2:4318259-4318906:+,29,10
NC_002516.2:4318922-4320820:-,17,9
NC_002516.2:4321434-4322627:+,181,97
NC_002516.2:4322788-4323735:+,10,3
NC_002516.2:4323758-4324885:+,4,2
NC_002516.2:4324948-4325580:+,9,5
NC_002516.2:4325604-4326395:-,12,6
NC_002516.2:4327395-4327559:+,0,1
NC_002516.2:4327697-4329991:-,182,95
NC_002516.2:4330321-4330896:+,5,12
NC_002516.2:4331452-4332462:+,5,10
NC_002516.2:4332653-4333036:+,0,2
NC_002516.2:4333357-4334346:-,5,2
NC_002516.2:4334403-4335221:-,4,1
NC_002516.2:4335276-4335959:-,1,0
NC_002516.2:4335962-4336702:-,4,1
NC_002516.2:4336708-4338249:-,6,2
NC_002516.2:4338261-4342046:-,12,5
NC_002516.2:4342122-4343528:-,3,2
NC_002516.2:4343540-4344835:-,3,0
NC_002516.2:4345010-4346878:+,20,13
NC_002516.2:4346875-4347534:+,11,30
NC_002516.2:4347619-4348014:+,1,12
NC_002516.2:4348186-4348650:+,10,8
NC_002516.2:4348666-4349415:+,13,11
NC_002516.2:4349502-4350332:+,12,3
NC_002516.2:4350353-4350739:+,4,1
NC_002516.2:4350834-4351490:+,2,3
NC_002516.2:4351595-4352494:+,16,11
NC_002516.2:4352524-4352769:+,8,5
NC_002516.2:4352828-4354102:-,89,28
NC_002516.2:4354544-4355266:+,8,21
NC_002516.2:4355266-4356201:+,8,24
NC_002516.2:4356201-4356863:+,4,9
NC_002516.2:4356876-4358039:+,28,25
NC_002516.2:4358167-4359075:-,10,0
NC_002516.2:4359302-4361497:-,3,18
NC_002516.2:4361494-4362984:-,3,1
NC_002516.2:4363230-4364183:+,25,7
NC_002516.2:4364278-4365255:+,16,7
NC_002516.2:4365273-4366175:-,7,6
NC_002516.2:4366301-4367182:+,11,6
NC_002516.2:4367283-4367792:+,0,0
NC_002516.2:4367789-4368742:+,1,6
NC_002516.2:4368837-4371191:+,4,5
NC_002516.2:4371287-4371748:-,33,21
NC_002516.2:4371969-4373552:+,309,93
NC_002516.2:4373938-4374333:+,56,46
NC_002516.2:4374330-4374857:+,64,23
NC_002516.2:4374850-4375233:+,71,17
NC_002516.2:4375230-4376015:+,131,32
NC_002516.2:4376012-4376731:+,262,62
NC_002516.2:4377311-4379650:-,5,2
NC_002516.2:4379687-4381249:-,4,2
NC_002516.2:4381501-4382016:-,0,1
NC_002516.2:4382010-4382900:-,3,2
NC_002516.2:4382912-4383907:-,1,8
NC_002516.2:4384022-4385245:-,9,5
NC_002516.2:4385242-4385799:-,4,3
NC_002516.2:4385900-4386352:-,18,6
NC_002516.2:4386357-4386608:-,15,6
NC_002516.2:4386605-4387087:-,36,7
NC_002516.2:4387336-4388727:-,142,64
NC_002516.2:4389231-4391609:+,24,14
NC_002516.2:4391641-4394361:-,44,40
NC_002516.2:4394694-4396061:-,536,76
NC_002516.2:4396122-4398047:-,338,122
NC_002516.2:4398259-4399941:-,166,65
NC_002516.2:4400123-4401298:+,50,7
NC_002516.2:4401355-4402536:-,4,3
NC_002516.2:4402638-4403426:+,3,1
NC_002516.2:4403707-4403877:-,8,5
NC_002516.2:4403891-4404898:-,83,67
NC_002516.2:4404902-4406368:-,91,100
NC_002516.2:4406806-4407585:+,31,33
NC_002516.2:4407760-4408734:+,5,8
NC_002516.2:4408924-4410885:+,5,16
NC_002516.2:4410993-4413029:-,40,27
NC_002516.2:4413192-4414025:-,1,3
NC_002516.2:4414132-4414950:-,3,2
NC_002516.2:4414940-4415731:-,1,2
NC_002516.2:4415796-4416809:-,4,5
NC_002516.2:4417014-4417934:-,3,10
NC_002516.2:4418303-4418584:+,244,43
NC_002516.2:4418708-4419304:-,44,4
NC_002516.2:4419301-4420170:-,82,23
NC_002516.2:4420204-4421799:-,15,24
NC_002516.2:4421802-4422380:-,29,17
NC_002516.2:4422407-4422997:-,27,48
NC_002516.2:4423212-4426850:-,9,15
NC_002516.2:4426952-4428130:-,5,5
NC_002516.2:4428412-4429041:+,32,24
NC_002516.2:4429401-4430576:+,11,18
NC_002516.2:4430599-4431948:-,26,24
NC_002516.2:4432026-4432529:-,15,15
NC_002516.2:4432595-4433311:-,48,14
NC_002516.2:4433411-4433992:+,5,2
NC_002516.2:4434150-4435244:+,2,6
NC_002516.2:4435328-4435984:+,11,8
NC_002516.2:4436051-4436485:+,10,9
NC_002516.2:4436492-4437328:-,5,7
NC_002516.2:4437390-4438529:+,16,13
NC_002516.2:4438619-4439353:+,5,3
NC_002516.2:4439377-4439784:+,3,4
NC_002516.2:4439795-4442311:-,35,20
NC_002516.2:4442453-4442869:+,24,15
NC_002516.2:4442958-4443854:+,6,8
NC_002516.2:4443847-4444530:-,3,3
NC_002516.2:4444978-4445487:+,32,13
NC_002516.2:4445689-4445898:+,125,51
NC_002516.2:4445999-4446391:+,30,13
NC_002516.2:4446425-4446994:-,19,8
NC_002516.2:4447133-4448218:+,10,6
NC_002516.2:4448176-4448742:-,3,5
NC_002516.2:4448893-4450392:-,88,26
NC_002516.2:4450447-4450878:-,7,1
NC_002516.2:4450890-4452539:-,20,11
NC_002516.2:4452536-4453183:-,7,7
NC_002516.2:4453289-4455676:-,24,34
NC_002516.2:4455887-4456684:+,50,23
NC_002516.2:4456695-4457324:+,41,13
NC_002516.2:4457362-4458645:+,253,45
NC_002516.2:4458854-4459402:+,48,42
NC_002516.2:4459418-4459750:-,16,20
NC_002516.2:4459879-4461219:+,63,42
NC_002516.2:4461388-4462410:+,112,69
NC_002516.2:4462400-4462882:+,101,74
NC_002516.2:4462879-4463718:+,272,138
NC_002516.2:4463904-4465439:+,64,37
NC_002516.2:4465489-4466250:-,12,13
NC_002516.2:4466323-4466754:-,21,29
NC_002516.2:4466925-4469546:+,577,268
NC_002516.2:4469613-4470236:+,195,45
NC_002516.2:4470274-4471311:+,26,30
NC_002516.2:4471403-4471555:+,15,10
NC_002516.2:4472131-4473477:+,44,30
NC_002516.2:4473623-4474639:+,0,0
NC_002516.2:4474959-4475849:-,2,12
NC_002516.2:4475955-4476848:+,4,9
NC_002516.2:4476994-4477977:-,339,193
NC_002516.2:4477974-4478627:-,150,139
NC_002516.2:4478627-4478908:-,60,73
NC_002516.2:4478979-4480139:-,406,133
NC_002516.2:4480205-4481233:-,87,50
NC_002516.2:4481230-4482252:-,57,53
NC_002516.2:4482261-4483364:-,56,55
NC_002516.2:4483396-4485336:-,32,48
NC_002516.2:4485349-4485816:-,45,27
NC_002516.2:4485824-4486180:-,98,23
NC_002516.2:4486203-4486847:-,52,42
NC_002516.2:4486847-4488112:-,214,54
NC_002516.2:4488410-4489633:+,1,2
NC_002516.2:4489641-4490498:-,5,5
NC_002516.2:4490562-4491281:+,40,11
NC_002516.2:4491278-4492591:+,32,14
NC_002516.2:4492602-4493195:-,17,12
NC_002516.2:4493215-4493925:-,23,5
NC_002516.2:4493925-4494335:-,28,18
NC_002516.2:4494481-4494936:+,68,16
NC_002516.2:4495126-4496865:+,35,31
NC_002516.2:4496912-4497553:+,38,24
NC_002516.2:4497573-4497848:-,11,6
NC_002516.2:4497850-4498479:-,18,9
NC_002516.2:4498488-4499843:-,72,28
NC_002516.2:4500001-4501932:-,46,14
NC_002516.2:4502271-4503791:+,19,5
NC_002516.2:4504001-4505449:+,6,4
NC_002516.2:4505508-4506902:+,12,7
NC_002516.2:4506913-4507734:+,10,5
NC_002516.2:4507897-4508358:+,30,16
NC_002516.2:4508408-4509301:+,8,1
NC_002516.2:4509194-4510777:-,2,4
NC_002516.2:4510971-4511636:+,23,27
NC_002516.2:4511639-4512469:+,11,18
NC_002516.2:4512549-4513076:+,461,58
NC_002516.2:4513168-4513884:-,76,33
NC_002516.2:4514079-4514348:+,24,3
NC_002516.2:4514695-4515384:+,152,11
NC_002516.2:4515550-4516551:+,77,10
NC_002516.2:4516570-4518870:+,11,7
NC_002516.2:4519275-4520201:+,2,3
NC_002516.2:4520198-4520932:+,0,1
NC_002516.2:4520942-4522744:+,7,4
NC_002516.2:4522746-4523753:+,9,4
NC_002516.2:4523985-4525154:-,8,8
NC_002516.2:4525312-4525554:+,13,11
NC_002516.2:4525551-4526438:+,20,13
NC_002516.2:4526547-4528430:+,106,71
NC_002516.2:4528782-4529579:-,17,36
NC_002516.2:4529579-4529998:-,13,11
NC_002516.2:4529995-4530612:-,35,28
NC_002516.2:4530743-4531387:-,4,9
NC_002516.2:4531390-4532136:-,12,14
NC_002516.2:4532145-4532660:-,23,21
NC_002516.2:4532653-4533621:-,28,22
NC_002516.2:4533640-4534119:-,86,25
NC_002516.2:4534116-4534592:-,117,37
NC_002516.2:4534710-4535807:-,138,25
NC_002516.2:4535834-4536493:-,24,14
NC_002516.2:4536921-4538042:-,45,25
NC_002516.2:4538039-4538503:-,13,14
NC_002516.2:4539539-4539817:+,9,6
NC_002516.2:4539889-4540758:+,68,28
NC_002516.2:4540783-4541139:-,21,13
NC_002516.2:4541272-4541862:+,1130,177
NC_002516.2:4541951-4542655:+,117,40
NC_002516.2:4542658-4543923:+,265,94
NC_002516.2:4543941-4544459:+,230,40
NC_002516.2:4544607-4545305:+,182,656
NC_002516.2:4545746-4546675:-,64,10
NC_002516.2:4546668-4547552:-,49,27
NC_002516.2:4547821-4548771:-,4,0
NC_002516.2:4548932-4549510:-,1,0
NC_002516.2:4549485-4550975:-,2,0
NC_002516.2:4551143-4552630:-,6,4
NC_002516.2:4552859-4553527:+,9,7
NC_002516.2:4553524-4554360:-,23,13
NC_002516.2:4554467-4554841:+,11,2
NC_002516.2:4554838-4555044:+,5,6
NC_002516.2:4555254-4558229:+,8,8
NC_002516.2:4558302-4558991:+,65,25
NC_002516.2:4559006-4559650:-,8,3
NC_002516.2:4560295-4561440:-,3,1
NC_002516.2:4561540-4564596:-,16,10
NC_002516.2:4564684-4565424:-,1,2
NC_002516.2:4565421-4567955:-,6,5
NC_002516.2:4568277-4569023:-,1,3
NC_002516.2:4569054-4569623:-,11,8
NC_002516.2:4570096-4570920:+,0,1
NC_002516.2:4570929-4572314:+,4,6
NC_002516.2:4572311-4573072:+,0,2
NC_002516.2:4573285-4573575:+,34,1
NC_002516.2:4573741-4575303:+,20,8
NC_002516.2:4575332-4575844:+,2,1
NC_002516.2:4575908-4576324:-,10,2
NC_002516.2:4576372-4577331:-,9,3
NC_002516.2:4577650-4578183:+,1,0
NC_002516.2:4578254-4579513:+,2,5
NC_002516.2:4579510-4580568:+,1,0
NC_002516.2:4580583-4581308:+,1,1
NC_002516.2:4581393-4582697:+,0,2
NC_002516.2:4582852-4584531:+,2,4
NC_002516.2:4585149-4585889:+,6,4
NC_002516.2:4585886-4587190:+,5,2
NC_002516.2:4587320-4587949:+,2,0
NC_002516.2:4587981-4588490:+,2,4
NC_002516.2:4588743-4589498:-,2,0
NC_002516.2:4589491-4590321:-,2,1
NC_002516.2:4590396-4590863:-,2,3
NC_002516.2:4591187-4592431:+,14,6
NC_002516.2:4592752-4592973:+,5,1
NC_002516.2:4592990-4593880:-,8,0
NC_002516.2:4594029-4595222:+,6,2
NC_002516.2:4595287-4595685:+,11,2
NC_002516.2:4595849-4600102:-,34,44
NC_002516.2:4600230-4601420:-,13,12
NC_002516.2:4601574-4602083:-,74,18
NC_002516.2:4602503-4603888:+,50,32
NC_002516.2:4604006-4604593:+,27,46
NC_002516.2:4604621-4606807:+,101,126
NC_002516.2:4606885-4607454:+,3,10
NC_002516.2:4607578-4608384:-,15,5
NC_002516.2:4608436-4609347:-,2,2
NC_002516.2:4609567-4610226:+,0,0
NC_002516.2:4610237-4611016:+,0,1
NC_002516.2:4611013-4612473:+,1,7
NC_002516.2:4612605-4613528:+,8,1
NC_002516.2:4613539-4613931:+,1,0
NC_002516.2:4614024-4615328:+,3,1
NC_002516.2:4615346-4616149:+,2,0
NC_002516.2:4616162-4616968:+,0,1
NC_002516.2:4617050-4617538:-,12,4
NC_002516.2:4617535-4619208:-,27,11
NC_002516.2:4619314-4621035:+,8,15
NC_002516.2:4621133-4622548:+,16,12
NC_002516.2:4622812-4624239:+,21,12
NC_002516.2:4624323-4624565:+,3,0
NC_002516.2:4624581-4625003:-,7,9
NC_002516.2:4625089-4626297:-,6,2
NC_002516.2:4626662-4627918:+,3,1
NC_002516.2:4627947-4629185:-,7,7
NC_002516.2:4629944-4630243:+,15505,1189
NC_002516.2:4630375-4632168:+,1171,353
NC_002516.2:4632477-4632776:+,2398,276
NC_002516.2:4632873-4634129:+,83,62
NC_002516.2:4634139-4636298:+,110,72
NC_002516.2:4636298-4637713:+,24,25
NC_002516.2:4637809-4638699:+,12,13
NC_002516.2:4638686-4639432:-,1,0
NC_002516.2:4639502-4641379:-,30,34
NC_002516.2:4641711-4642511:+,3,8
NC_002516.2:4642508-4643548:+,2,1
NC_002516.2:4643571-4644545:+,6,3
NC_002516.2:4644578-4645597:+,14,3
NC_002516.2:4645594-4646706:+,6,6
NC_002516.2:4646720-4647811:+,6,5
NC_002516.2:4647895-4648563:-,4,14
NC_002516.2:4648999-4650306:-,5,1
NC_002516.2:4650374-4652458:-,5,4
NC_002516.2:4652714-4653502:+,11,6
NC_002516.2:4653509-4654306:-,2,0
NC_002516.2:4654432-4655337:+,1,1
NC_002516.2:4655368-4656390:+,1,6
NC_002516.2:4656387-4657418:+,6,2
NC_002516.2:4657429-4658145:-,23,7
NC_002516.2:4658450-4660159:+,76,18
NC_002516.2:4660221-4660547:+,7,2
NC_002516.2:4660563-4662053:-,4,2
NC_002516.2:4662185-4662643:+,3,1
NC_002516.2:4662693-4663511:-,1,2
NC_002516.2:4663854-4666262:+,4,10
NC_002516.2:4666327-4666755:-,18,7
NC_002516.2:4666836-4667768:+,124,22
NC_002516.2:4667904-4668467:+,10,5
NC_002516.2:4668490-4669290:+,1,4
NC_002516.2:4669322-4669720:-,0,0
NC_002516.2:4669861-4670784:+,11,3
NC_002516.2:4671319-4672707:+,148,12
NC_002516.2:4673038-4673319:-,98,29
NC_002516.2:4673462-4673863:+,2,1
NC_002516.2:4673963-4674706:+,4,6
NC_002516.2:4674944-4676239:+,5,5
NC_002516.2:4676282-4677925:-,99,31
NC_002516.2:4678210-4678929:+,3,3
NC_002516.2:4678957-4679595:+,9,1
NC_002516.2:4679599-4680066:-,7,2
NC_002516.2:4680092-4681114:-,10,6
NC_002516.2:4681421-4682149:+,21,3
NC_002516.2:4682242-4683561:+,3,2
NC_002516.2:4683697-4685025:+,2,2
NC_002516.2:4685090-4686001:+,8,1
NC_002516.2:4685994-4687484:+,2,4
NC_002516.2:4687652-4688848:+,127,28
NC_002516.2:4688889-4689893:-,4,11
NC_002516.2:4689902-4690645:-,3,8
NC_002516.2:4690642-4691346:-,1,5
NC_002516.2:4691343-4692041:-,1,2
NC_002516.2:4692126-4692956:-,6,6
NC_002516.2:4693112-4693756:-,7,4
NC_002516.2:4693759-4696035:-,11,9
NC_002516.2:4696281-4697903:+,33,13
NC_002516.2:4698021-4699802:+,29,6
NC_002516.2:4700000-4700866:+,7,1
NC_002516.2:4700906-4701946:-,104,16
NC_002516.2:4702042-4703097:-,21,3
NC_002516.2:4703205-4704059:+,4,2
NC_002516.2:4704139-4705305:+,19,9
NC_002516.2:4705956-4706402:+,8,1
NC_002516.2:4706410-4707522:+,4,2
NC_002516.2:4707535-4710624:+,12,5
NC_002516.2:4710621-4712084:+,3,6
NC_002516.2:4712095-4713099:-,16,10
NC_002516.2:4713796-4714284:+,0,0
NC_002516.2:4714314-4714802:+,2,0
NC_002516.2:4714826-4716043:+,0,0
NC_002516.2:4716040-4716663:+,0,0
NC_002516.2:4716660-4718543:+,0,0
NC_002516.2:4718557-4719393:+,0,0
NC_002516.2:4719419-4720063:+,0,0
NC_002516.2:4720301-4721509:+,9,2
NC_002516.2:4721614-4722858:-,52,11
NC_002516.2:4722851-4724356:-,23,10
NC_002516.2:4724358-4724639:-,6,3
NC_002516.2:4724639-4726801:-,142,34
NC_002516.2:4726893-4728617:-,27,17
NC_002516.2:4728614-4730326:-,30,11
NC_002516.2:4730323-4731372:-,38,8
NC_002516.2:4731369-4736798:-,112,35
NC_002516.2:4736795-4741111:-,106,28
NC_002516.2:4741305-4742195:-,19,2
NC_002516.2:4742424-4744067:+,33,6
NC_002516.2:4744064-4744819:+,7,1
NC_002516.2:4744819-4745124:+,19,0
NC_002516.2:4745121-4746551:+,28,10
NC_002516.2:4746640-4747137:-,220,49
NC_002516.2:4747154-4748542:-,50,26
NC_002516.2:4748756-4751593:+,293,89
NC_002516.2:4751665-4752129:-,55,32
NC_002516.2:4752260-4753708:-,323,189
NC_002516.2:4753990-4754379:-,1574,573
NC_002516.2:4754423-4755424:-,2271,1715
NC_002516.2:4755447-4756067:-,1640,841
NC_002516.2:4756084-4756473:-,1114,589
NC_002516.2:4756492-4756848:-,1379,583
NC_002516.2:4756979-4757095:-,463,212
NC_002516.2:4757124-4758452:-,1508,2786
NC_002516.2:4758453-4758887:-,1485,803
NC_002516.2:4758891-4759067:-,1139,355
NC_002516.2:4759070-4759570:-,1361,900
NC_002516.2:4759574-4759924:-,1105,682
NC_002516.2:4759935-4760468:-,717,656
NC_002516.2:4760480-4760872:-,989,898
NC_002516.2:4761062-4761367:-,2454,503
NC_002516.2:4761381-4761920:-,3051,1181
NC_002516.2:4761940-4762254:-,2231,851
NC_002516.2:4762267-4762635:-,1362,478
NC_002516.2:4762659-4762925:-,1112,474
NC_002516.2:4762928-4763119:-,1184,404
NC_002516.2:4763119-4763532:-,1327,613
NC_002516.2:4763544-4764230:-,2058,1003
NC_002516.2:4764243-4764575:-,1425,688
NC_002516.2:4764588-4764863:-,964,403
NC_002516.2:4764880-4765701:-,1300,688
NC_002516.2:4765713-4766012:-,1416,581
NC_002516.2:4766009-4766611:-,3281,1806
NC_002516.2:4766625-4767260:-,2857,1687
NC_002516.2:4767343-4767654:-,2173,602
NC_002516.2:4767811-4769004:-,2749,1072
NC_002516.2:4769035-4771155:-,5890,4271
NC_002516.2:4771186-4771656:-,1662,661
NC_002516.2:4771756-4772127:-,1453,467
NC_002516.2:4772279-4776478:-,3734,2548
NC_002516.2:4776544-4780617:-,4873,2541
NC_002516.2:4780839-4781207:-,3473,932
NC_002516.2:4781286-4781786:-,2155,833
NC_002516.2:4781985-4782680:-,1686,795
NC_002516.2:4782680-4783111:-,1494,752
NC_002516.2:4783228-4783761:-,644,669
NC_002516.2:4783771-4784139:-,317,361
NC_002516.2:4784316-4785509:-,795,304
NC_002516.2:4786021-4786725:-,53,23
NC_002516.2:4786734-4787480:-,53,38
NC_002516.2:4787477-4788415:-,76,58
NC_002516.2:4794404-4795633:+,19,9
NC_002516.2:4795642-4799277:+,52,30
NC_002516.2:4799299-4801464:-,33,31
NC_002516.2:4801461-4805198:-,80,29
NC_002516.2:4805195-4808710:-,80,39
NC_002516.2:4808751-4809434:-,16,26
NC_002516.2:4809547-4810437:-,2,0
NC_002516.2:4810538-4811341:+,3,3
NC_002516.2:4811396-4812601:+,16,5
NC_002516.2:4812598-4814214:-,89,27
NC_002516.2:4814213-4814899:+,69,105
NC_002516.2:4815043-4816512:+,75,69
NC_002516.2:4816580-4819348:-,10,12
NC_002516.2:4819358-4819864:-,0,5
NC_002516.2:4819928-4820410:+,1,4
NC_002516.2:4820532-4821359:+,30,7
NC_002516.2:4821385-4823055:-,7,6
NC_002516.2:4823080-4823364:-,0,1
NC_002516.2:4823387-4824124:-,1,0
NC_002516.2:4824121-4825032:-,1,4
NC_002516.2:4825042-4825926:-,38,18
NC_002516.2:4825923-4827188:-,4,3
NC_002516.2:4827185-4828369:-,6,4
NC_002516.2:4828379-4829629:-,8,0
NC_002516.2:4829643-4830554:-,4,1
NC_002516.2:4830964-4831182:+,17,6
NC_002516.2:4831372-4833270:+,8,8
NC_002516.2:4833374-4834864:-,136,23
NC_002516.2:4835264-4837153:+,44,28
NC_002516.2:4837390-4839279:+,91,64
NC_002516.2:4839597-4840712:+,16,26
NC_002516.2:4840705-4841466:+,20,14
NC_002516.2:4841463-4842464:+,12,15
NC_002516.2:4842439-4842651:-,24,8
NC_002516.2:4842701-4843552:-,152,32
NC_002516.2:4843812-4844186:+,724,166
NC_002516.2:4844271-4845713:-,151,45
NC_002516.2:4845938-4846675:+,102,42
NC_002516.2:4846713-4847510:+,14,6
NC_002516.2:4847507-4848487:+,18,11
NC_002516.2:4848474-4850045:+,59,43
NC_002516.2:4850042-4851313:+,38,19
NC_002516.2:4851310-4852317:+,93,30
NC_002516.2:4852314-4853645:+,31,23
NC_002516.2:4853650-4854009:-,47,20
NC_002516.2:4854070-4854492:-,23,32
NC_002516.2:4854595-4854978:-,10,7
NC_002516.2:4855072-4855878:+,5,3
NC_002516.2:4855963-4856877:+,9,27
NC_002516.2:4856960-4858411:+,233,89
NC_002516.2:4858490-4859263:-,28,9
NC_002516.2:4859329-4860255:-,30,10
NC_002516.2:4860248-4861375:-,30,29
NC_002516.2:4861653-4863176:+,439,89
NC_002516.2:4863273-4864529:-,43,28
NC_002516.2:4864665-4864973:-,225,70
NC_002516.2:4864994-4865578:-,1252,103
NC_002516.2:4865682-4866293:-,7,15
NC_002516.2:4866387-4867667:-,22,17
NC_002516.2:4867767-4868846:-,24,9
NC_002516.2:4868921-4869493:-,23,14
NC_002516.2:4869558-4870328:-,7,5
NC_002516.2:4870428-4871912:-,9,5
NC_002516.2:4871913-4873232:-,1,8
NC_002516.2:4873270-4874490:-,7,7
NC_002516.2:4874655-4875245:-,10,22
NC_002516.2:4875306-4875641:-,6,11
NC_002516.2:4875638-4876792:-,17,25
NC_002516.2:4876821-4877606:-,5,84
NC_002516.2:4877691-4878587:-,19,12
NC_002516.2:4878790-4879545:+,1,1
NC_002516.2:4879545-4880321:+,2,2
NC_002516.2:4880318-4881178:-,38,100
NC_002516.2:4881328-4881900:-,10,12
NC_002516.2:4882053-4882355:+,2,5
NC_002516.2:4882404-4883570:+,7,3
NC_002516.2:4883607-4884659:+,61,5
NC_002516.2:4884719-4884961:-,1,7
NC_002516.2:4884961-4887261:-,5,13
NC_002516.2:4887279-4887506:-,1,0
NC_002516.2:4888848-4889111:+,2,2
NC_002516.2:4889112-4890101:-,18,19
NC_002516.2:4890286-4891344:+,15,7
NC_002516.2:4891345-4892247:-,7,1
NC_002516.2:4892345-4892746:+,1,0
NC_002516.2:4892748-4893350:+,1,2
NC_002516.2:4893697-4894278:+,1703,331
NC_002516.2:4894459-4896522:+,36,38
NC_002516.2:4896523-4897425:-,12,9
NC_002516.2:4897427-4897999:-,31,14
NC_002516.2:4898193-4899533:+,577,17
NC_002516.2:4899696-4901117:+,32,5
NC_002516.2:4901127-4902191:+,55,10
NC_002516.2:4902202-4903296:+,36,11
NC_002516.2:4903466-4904596:+,36,23
NC_002516.2:4904647-4907703:+,65,29
NC_002516.2:4907841-4909037:+,39,21
NC_002516.2:4909162-4909404:-,81,44
NC_002516.2:4909401-4910105:-,107,48
NC_002516.2:4910108-4910791:-,18,61
NC_002516.2:4910871-4912151:-,14,13
NC_002516.2:4912141-4912824:-,53,12
NC_002516.2:4913041-4913835:+,1,1
NC_002516.2:4914127-4914510:-,23,15
NC_002516.2:4914739-4915425:+,4,1
NC_002516.2:4915481-4917124:-,2005,1037
NC_002516.2:4917175-4917468:-,822,195
NC_002516.2:4917663-4918130:-,38,16
NC_002516.2:4918199-4918933:-,61,11
NC_002516.2:4919042-4919800:+,192,22
NC_002516.2:4919859-4920866:-,16,31
NC_002516.2:4920981-4921982:-,17,9
NC_002516.2:4921981-4922364:+,14,6
NC_002516.2:4922407-4924191:+,26,25
NC_002516.2:4924247-4925083:-,57,44
NC_002516.2:4925316-4925795:-,200,51
NC_002516.2:4925899-4926999:+,6,14
NC_002516.2:4927036-4927947:+,5,9
NC_002516.2:4927998-4930094:+,26,16
NC_002516.2:4930099-4930677:+,53,12
NC_002516.2:4930748-4931695:-,127,18
NC_002516.2:4931746-4932381:-,34,14
NC_002516.2:4932502-4933719:-,148,36
NC_002516.2:4933866-4936616:-,928,367
NC_002516.2:4936750-4937673:-,31,15
NC_002516.2:4937820-4938215:+,4,6
NC_002516.2:4938276-4939187:-,656,641
NC_002516.2:4939300-4940484:-,1461,471
NC_002516.2:4940535-4941788:-,275,253
NC_002516.2:4941810-4942673:-,84,114
NC_002516.2:4942677-4943636:-,119,104
NC_002516.2:4943633-4945075:-,272,129
NC_002516.2:4945068-4946141:-,132,98
NC_002516.2:4946131-4947330:-,132,134
NC_002516.2:4947330-4948676:-,207,205
NC_002516.2:4948690-4949772:-,228,178
NC_002516.2:4949772-4951148:-,206,159
NC_002516.2:4951141-4952604:-,225,138
NC_002516.2:4952604-4954343:-,223,200
NC_002516.2:4954340-4954633:-,54,20
NC_002516.2:4954630-4955571:-,108,127
NC_002516.2:4955574-4956029:-,92,161
NC_002516.2:4956734-4957582:-,32,9
NC_002516.2:4957709-4959523:+,101,41
NC_002516.2:4959520-4959897:+,29,34
NC_002516.2:4959926-4960519:+,197,30
NC_002516.2:4960516-4961094:+,237,74
NC_002516.2:4961151-4961558:-,86,28
NC_002516.2:4961570-4962187:-,81,29
NC_002516.2:4962273-4963055:-,954,213
NC_002516.2:4963055-4964266:-,1261,306
NC_002516.2:4964266-4964859:-,793,215
NC_002516.2:4965109-4965501:-,997,504
NC_002516.2:4965516-4965944:-,682,337
NC_002516.2:4966190-4967227:+,103,23
NC_002516.2:4967313-4968458:-,13,2
NC_002516.2:4968712-4969611:+,9,3
NC_002516.2:4969770-4970732:+,7,5
NC_002516.2:4970797-4971891:-,92,55
NC_002516.2:4971986-4973332:-,81,29
NC_002516.2:4973400-4974029:-,59,23
NC_002516.2:4974174-4974620:+,132,60
NC_002516.2:4974694-4976595:-,254,214
NC_002516.2:4976607-4977524:-,218,164
NC_002516.2:4977869-4978972:+,43,27
NC_002516.2:4978959-4979717:-,26,8
NC_002516.2:4979834-4981003:+,42,21
NC_002516.2:4981046-4982101:-,202,42
NC_002516.2:4982104-4983426:-,224,65
NC_002516.2:4983552-4984187:-,167,86
NC_002516.2:4984205-4985470:-,415,155
NC_002516.2:4985491-4985730:-,132,49
NC_002516.2:4985847-4986155:-,17,25
NC_002516.2:4986152-4986799:-,74,19
NC_002516.2:4986811-4987284:-,133,85
NC_002516.2:4987285-4988082:-,84,56
NC_002516.2:4988082-4988891:-,126,80
NC_002516.2:4989305-4990285:+,160,139
NC_002516.2:4990285-4990824:+,74,54
NC_002516.2:4990833-4991405:+,132,121
NC_002516.2:4991392-4991919:+,170,143
NC_002516.2:4991919-4992644:+,101,106
NC_002516.2:4992870-4994363:+,152,111
NC_002516.2:4994441-4994749:+,1540,432
NC_002516.2:4994763-4995227:+,169,190
NC_002516.2:4995229-4996089:+,194,186
NC_002516.2:4996119-4996391:+,27,51
NC_002516.2:4996488-4997420:-,8,1
NC_002516.2:4997439-4998050:-,8,4
NC_002516.2:4998063-4998512:-,4,0
NC_002516.2:4998540-4999916:-,3,1
NC_002516.2:4999909-5000304:-,0,0
NC_002516.2:5000452-5001801:-,70,28
NC_002516.2:5001822-5002424:+,34,20
NC_002516.2:5002455-5003897:-,111,40
NC_002516.2:5003900-5004748:-,37,44
NC_002516.2:5004798-5008628:-,164,116
NC_002516.2:5008643-5010100:-,205,90
NC_002516.2:5010134-5010739:-,28,22
NC_002516.2:5010828-5011322:-,12,5
NC_002516.2:5011322-5012314:-,11,17
NC_002516.2:5012394-5013431:-,210,77
NC_002516.2:5013671-5013961:+,60,26
NC_002516.2:5013974-5015428:+,102,59
NC_002516.2:5015535-5016980:+,216,67
NC_002516.2:5017040-5017417:+,3,3
NC_002516.2:5017449-5017835:+,53,4
NC_002516.2:5017960-5018751:-,43,26
NC_002516.2:5018756-5020405:-,75,63
NC_002516.2:5020402-5024952:-,530,162
NC_002516.2:5024979-5025617:-,75,24
NC_002516.2:5025614-5027383:-,234,73
NC_002516.2:5027422-5028231:-,64,102
NC_002516.2:5028394-5028954:-,60,87
NC_002516.2:5028980-5030248:-,30,149
NC_002516.2:5030525-5031235:+,63,49
NC_002516.2:5031488-5033101:+,133,34
NC_002516.2:5033194-5034792:+,18,11
NC_002516.2:5034860-5036077:-,18,11
NC_002516.2:5036245-5036808:+,23,10
NC_002516.2:5037074-5038675:+,17,8
NC_002516.2:5038901-5040355:+,12,3
NC_002516.2:5040405-5042000:+,14,7
NC_002516.2:5042068-5043078:+,15,8
NC_002516.2:5043090-5044001:+,16,3
NC_002516.2:5044054-5045028:+,12,8
NC_002516.2:5045028-5045999:+,9,2
NC_002516.2:5046032-5046664:-,1,3
NC_002516.2:5046806-5047279:+,1,0
NC_002516.2:5047284-5048213:-,8,9
NC_002516.2:5048210-5048887:-,8,5
NC_002516.2:5048884-5049639:-,21,14
NC_002516.2:5049769-5050668:+,70,40
NC_002516.2:5050848-5053400:-,24,11
NC_002516.2:5053616-5055877:-,35,8
NC_002516.2:5056095-5056775:+,33,3
NC_002516.2:5056778-5057593:+,20,6
NC_002516.2:5057716-5059518:+,8,11
NC_002516.2:5059574-5059999:-,21,7
NC_002516.2:5060115-5061278:-,276,75
NC_002516.2:5061730-5063751:-,49,32
NC_002516.2:5063941-5064777:-,29,8
NC_002516.2:5064774-5065340:-,34,13
NC_002516.2:5065491-5067746:-,57,42
NC_002516.2:5068032-5068880:+,50,11
NC_002516.2:5069082-5069531:-,1583,710
NC_002516.2:5069763-5071463:+,76,43
NC_002516.2:5072695-5073567:+,23,22
NC_002516.2:5073564-5074175:+,48,22
NC_002516.2:5074172-5074372:+,16,5
NC_002516.2:5074409-5074618:-,4,3
NC_002516.2:5074724-5075413:-,20,26
NC_002516.2:5075410-5075880:-,135,14
NC_002516.2:5075877-5076302:-,133,17
NC_002516.2:5076435-5077064:+,29,27
NC_002516.2:5077061-5077510:+,7,8
NC_002516.2:5077536-5077706:+,12,8
NC_002516.2:5077770-5079077:+,73,28
NC_002516.2:5079117-5080208:-,15,16
NC_002516.2:5080757-5082394:+,4,0
NC_002516.2:5082443-5086696:+,40,34
NC_002516.2:5087408-5089972:-,288,187
NC_002516.2:5090128-5090856:-,40,26
NC_002516.2:5090853-5091815:-,68,52
NC_002516.2:5091961-5092986:+,255,87
NC_002516.2:5093378-5094970:+,14,13
NC_002516.2:5094985-5096322:+,36,13
NC_002516.2:5096368-5097462:-,110,22
NC_002516.2:5097597-5098106:+,0,1
NC_002516.2:5098212-5098718:+,12,8
NC_002516.2:5098709-5099266:+,6,3
NC_002516.2:5099263-5100087:+,4,6
NC_002516.2:5100084-5100671:+,6,4
NC_002516.2:5100683-5104168:+,110,83
NC_002516.2:5104170-5104517:+,9,5
NC_002516.2:5104514-5104939:+,17,12
NC_002516.2:5104986-5105930:-,125,65
NC_002516.2:5106016-5106456:-,71,43
NC_002516.2:5106449-5106958:-,110,66
NC_002516.2:5106951-5109782:-,715,301
NC_002516.2:5109806-5110744:-,92,111
NC_002516.2:5110841-5112379:-,17,14
NC_002516.2:5112663-5112938:+,867,97
NC_002516.2:5113005-5113469:-,106,38
NC_002516.2:5113481-5114599:-,147,82
NC_002516.2:5114670-5115890:-,299,112
NC_002516.2:5116032-5116289:-,1771,397
NC_002516.2:5116313-5116624:-,1489,411
NC_002516.2:5116865-5117833:+,42,38
NC_002516.2:5117971-5118195:+,4,1
NC_002516.2:5118538-5120565:+,11,63
NC_002516.2:5120635-5121252:-,78,13
NC_002516.2:5121337-5121642:-,13,21
NC_002516.2:5121899-5122387:-,27,20
NC_002516.2:5122561-5122902:-,13,19
NC_002516.2:5123053-5125506:-,271,133
NC_002516.2:5125605-5125931:-,2,20
NC_002516.2:5126166-5126654:+,516,102
NC_002516.2:5126713-5128569:+,27,25
NC_002516.2:5128563-5129117:-,38,14
NC_002516.2:5129173-5130768:-,14,7
NC_002516.2:5131428-5132573:+,65,18
NC_002516.2:5132629-5133843:+,26,15
NC_002516.2:5133880-5134692:+,19,7
NC_002516.2:5134689-5135714:+,16,9
NC_002516.2:5135816-5136193:+,3,1
NC_002516.2:5136317-5137357:+,4,15
NC_002516.2:5137417-5138754:-,297,40
NC_002516.2:5139050-5140441:-,13,4
NC_002516.2:5140701-5141189:-,38,3
NC_002516.2:5141786-5143063:-,28,18
NC_002516.2:5143053-5144534:-,16,5
NC_002516.2:5144527-5145720:-,19,1
NC_002516.2:5145717-5146403:-,12,9
NC_002516.2:5146907-5148571:-,227,39
NC_002516.2:5149064-5149582:+,3,4
NC_002516.2:5149633-5151072:-,4,1
NC_002516.2:5151078-5154209:-,14,7
NC_002516.2:5154237-5155400:-,2,1
NC_002516.2:5155561-5156124:+,16,7
NC_002516.2:5156368-5160615:+,60,51
NC_002516.2:5160738-5161991:+,1461,198
NC_002516.2:5162069-5162449:-,21,21
NC_002516.2:5162472-5163476:-,37,38
NC_002516.2:5163536-5163739:-,19,3
NC_002516.2:5163788-5165854:-,350,126
NC_002516.2:5166191-5166697:-,868,191
NC_002516.2:5166900-5167277:+,17,9
NC_002516.2:5167284-5168645:-,32,19
NC_002516.2:5168755-5169189:+,0,7
NC_002516.2:5169251-5169505:-,26,41
NC_002516.2:5169580-5170131:-,7,6
NC_002516.2:5170185-5171726:-,30,3
NC_002516.2:5172253-5172666:+,184,47
NC_002516.2:5172771-5173547:-,28,17
NC_002516.2:5173654-5174652:-,2,4
NC_002516.2:5174980-5176104:+,13,7
NC_002516.2:5176680-5177651:-,40,38
NC_002516.2:5177655-5178902:-,24,11
NC_002516.2:5178905-5179444:-,11,7
NC_002516.2:5179437-5182268:-,42,19
NC_002516.2:5182579-5183790:+,9,6
NC_002516.2:5183950-5184339:-,15,2
NC_002516.2:5184642-5186348:-,126,99
NC_002516.2:5186411-5192875:-,315,78
NC_002516.2:5193196-5194167:+,9,7
NC_002516.2:5194277-5195275:+,18,13
NC_002516.2:5195370-5196833:+,63,21
NC_002516.2:5197186-5197764:+,5,7
NC_002516.2:5197881-5198324:+,18,8
NC_002516.2:5198334-5199359:-,45,15
NC_002516.2:5199503-5200324:-,56,10
NC_002516.2:5200487-5202625:+,80,45
NC_002516.2:5202628-5203242:-,9,6
NC_002516.2:5203668-5204372:+,4,2
NC_002516.2:5204385-5204648:-,9,2
NC_002516.2:5204648-5204830:-,6,3
NC_002516.2:5204928-5206088:+,47,15
NC_002516.2:5206209-5206487:-,7,8
NC_002516.2:5206720-5207007:-,1,2
NC_002516.2:5207035-5207622:-,36,16
NC_002516.2:5208464-5209987:+,236,92
NC_002516.2:5210706-5210996:-,60,17
NC_002516.2:5211079-5211564:-,5,9
NC_002516.2:5211632-5212105:-,22,3
NC_002516.2:5212107-5212664:-,23,4
NC_002516.2:5212833-5213471:+,35,12
NC_002516.2:5213474-5214757:+,30,17
NC_002516.2:5215091-5215639:+,8,1
NC_002516.2:5215670-5216203:+,2,1
NC_002516.2:5216203-5216745:+,0,2
NC_002516.2:5216764-5217552:+,4,4
NC_002516.2:5217569-5219941:+,2,6
NC_002516.2:5219938-5220885:+,0,2
NC_002516.2:5220887-5222260:-,2,2
NC_002516.2:5222540-5223562:-,41,10
NC_002516.2:5223559-5224476:-,15,19
NC_002516.2:5224890-5225873:+,52,31
NC_002516.2:5226026-5226982:+,21,6
NC_002516.2:5226992-5227891:+,14,9
NC_002516.2:5227888-5229333:+,13,8
NC_002516.2:5229459-5229980:-,703,151
NC_002516.2:5230114-5230911:-,22,31
NC_002516.2:5230901-5231659:-,62,26
NC_002516.2:5231653-5232483:-,81,36
NC_002516.2:5232485-5233567:-,49,31
NC_002516.2:5233585-5234853:-,33,42
NC_002516.2:5234997-5236769:+,92,63
NC_002516.2:5236774-5237391:+,29,13
NC_002516.2:5237393-5238241:+,480,263
NC_002516.2:5238408-5239349:+,476,630
NC_002516.2:5239466-5240080:+,1518,386
NC_002516.2:5240122-5240706:+,37,171
NC_002516.2:5240747-5241847:+,127,94
NC_002516.2:5242254-5242559:-,10,5
NC_002516.2:5243178-5245406:+,41,11
NC_002516.2:5245476-5246123:-,50,14
NC_002516.2:5246185-5247423:-,11,8
NC_002516.2:5247622-5248074:-,14,8
NC_002516.2:5248071-5248772:-,15,13
NC_002516.2:5249032-5249568:-,2,3
NC_002516.2:5249599-5250618:-,1,3
NC_002516.2:5250620-5251666:-,6,2
NC_002516.2:5251871-5252473:-,1,5
NC_002516.2:5252758-5254056:+,34,15
NC_002516.2:5254046-5254741:+,17,0
NC_002516.2:5254738-5257584:+,140,60
NC_002516.2:5257696-5258703:+,85,16
NC_002516.2:5258724-5260262:+,24,5
NC_002516.2:5260343-5262649:-,75,56
NC_002516.2:5262642-5263262:-,32,19
NC_002516.2:5263249-5263956:-,22,18
NC_002516.2:5269803-5270411:-,15,9
NC_002516.2:5270411-5271424:-,56,14
NC_002516.2:5271485-5272300:-,90,51
NC_002516.2:5272455-5273471:-,2903,552
NC_002516.2:5273514-5274005:-,267,184
NC_002516.2:5274008-5275732:-,750,380
NC_002516.2:5276283-5276735:+,15,17
NC_002516.2:5276843-5277172:-,26,20
NC_002516.2:5277172-5277951:-,429,58
NC_002516.2:5277968-5280292:-,458,149
NC_002516.2:5280505-5282067:+,224,51
NC_002516.2:5282159-5282506:+,9,8
NC_002516.2:5282732-5283004:+,13,9
NC_002516.2:5283109-5283906:+,5,13
NC_002516.2:5284370-5285257:-,20,12
NC_002516.2:5285268-5286035:-,6,3
NC_002516.2:5286035-5287018:-,8,4
NC_002516.2:5287069-5287962:-,25,8
NC_002516.2:5287972-5289036:-,11,4
NC_002516.2:5289217-5291511:+,4,3
NC_002516.2:5291614-5291961:+,3,2
NC_002516.2:5292042-5292554:+,1,3
NC_002516.2:5292558-5293007:-,7,8
NC_002516.2:5293257-5293706:+,18,6
NC_002516.2:5293765-5295000:-,54,37
NC_002516.2:5295170-5296024:+,20,16
NC_002516.2:5296092-5296985:+,74,16
NC_002516.2:5297007-5297483:-,7,6
NC_002516.2:5297897-5299192:+,74,24
NC_002516.2:5299189-5300280:+,27,16
NC_002516.2:5300314-5301021:-,15,6
NC_002516.2:5301021-5302193:-,65,15
NC_002516.2:5302386-5302832:+,438,94
NC_002516.2:5302900-5303781:+,6,6
NC_002516.2:5303851-5304027:+,6,4
NC_002516.2:5304011-5306962:+,75,50
NC_002516.2:5306989-5308425:+,252,115
NC_002516.2:5309326-5310729:+,99,65
NC_002516.2:5310726-5311214:+,17,9
NC_002516.2:5311464-5312264:+,79,26
NC_002516.2:5312261-5313112:+,40,13
NC_002516.2:5313206-5313586:+,45,9
NC_002516.2:5313676-5315340:+,255,69
NC_002516.2:5315534-5317471:+,133,26
NC_002516.2:5317569-5318450:+,14,14
NC_002516.2:5318575-5321841:+,94,157
NC_002516.2:5321846-5322139:+,23,24
NC_002516.2:5322136-5322450:+,9,10
NC_002516.2:5322510-5322707:-,784,501
NC_002516.2:5322757-5323101:-,518,170
NC_002516.2:5323374-5325479:-,1749,717
NC_002516.2:5325653-5325922:-,870,426
NC_002516.2:5326018-5326932:-,88,238
NC_002516.2:5326935-5327324:-,47,45
NC_002516.2:5327427-5329949:-,1231,962
NC_002516.2:5329977-5331458:-,806,709
NC_002516.2:5331503-5331961:-,117,165
NC_002516.2:5332354-5332743:-,322,456
NC_002516.2:5332746-5333501:-,311,550
NC_002516.2:5333567-5334904:-,249,188
NC_002516.2:5334921-5335772:-,101,138
NC_002516.2:5335782-5337701:-,1195,539
NC_002516.2:5337900-5338523:-,92,75
NC_002516.2:5338618-5338932:+,182,55
NC_002516.2:5338973-5339380:-,65,33
NC_002516.2:5339391-5339867:-,91,52
NC_002516.2:5339864-5343085:-,452,246
NC_002516.2:5343105-5343755:-,38,29
NC_002516.2:5343767-5344903:-,131,46
NC_002516.2:5345086-5345892:-,134,44
NC_002516.2:5345949-5347082:-,171,46
NC_002516.2:5347198-5349111:-,940,255
NC_002516.2:5349201-5349761:-,141,50
NC_002516.2:5349929-5351605:+,40,19
NC_002516.2:5351675-5352079:-,463,230
NC_002516.2:5352177-5352707:+,113,58
NC_002516.2:5352775-5353080:-,11,12
NC_002516.2:5353073-5353507:-,33,21
NC_002516.2:5353783-5354262:+,71,35
NC_002516.2:5354285-5355058:-,46,19
NC_002516.2:5355387-5357075:+,11,51
NC_002516.2:5357230-5358375:+,13,19
NC_002516.2:5358442-5361258:+,9,16
NC_002516.2:5361586-5362068:+,5,3
NC_002516.2:5362146-5363195:+,31,9
NC_002516.2:5363198-5364058:+,12,5
NC_002516.2:5364071-5364736:+,11,4
NC_002516.2:5364760-5366193:+,15,7
NC_002516.2:5366257-5366655:+,215,48
NC_002516.2:5367187-5368080:-,4,8
NC_002516.2:5368170-5369063:-,18,18
NC_002516.2:5369187-5370368:-,13,19
NC_002516.2:5370476-5370721:-,13,3
NC_002516.2:5370755-5371645:-,16,10
NC_002516.2:5371800-5372267:+,5,2
NC_002516.2:5372591-5373868:-,23,13
NC_002516.2:5374123-5375478:+,19,10
NC_002516.2:5375590-5376591:-,37,45
NC_002516.2:5376852-5377709:+,6,7
NC_002516.2:5377791-5378096:+,6,3
NC_002516.2:5378093-5378842:+,7,2
NC_002516.2:5378908-5379528:+,10,4
NC_002516.2:5379513-5380448:-,8,8
NC_002516.2:5380580-5381143:+,29,15
NC_002516.2:5381145-5381627:+,7,6
NC_002516.2:5381617-5381994:+,17,14
NC_002516.2:5381991-5382458:+,6,9
NC_002516.2:5382796-5383812:-,0,0
NC_002516.2:5383947-5384675:+,44,12
NC_002516.2:5384698-5385276:-,3,2
NC_002516.2:5385273-5386073:-,7,1
NC_002516.2:5386369-5386737:-,4,3
NC_002516.2:5387000-5387722:+,4,2
NC_002516.2:5387990-5388607:-,17,6
NC_002516.2:5388702-5390099:-,6,11
NC_002516.2:5390148-5391554:-,5,1
NC_002516.2:5391836-5392519:+,5,4
NC_002516.2:5392523-5394448:-,22,19
NC_002516.2:5394445-5395851:-,18,8
NC_002516.2:5395930-5396859:-,9,7
NC_002516.2:5396992-5397618:-,20,17
NC_002516.2:5397690-5398619:-,20,22
NC_002516.2:5398628-5401708:-,144,144
NC_002516.2:5402016-5402945:-,15,3
NC_002516.2:5403305-5405350:+,3,6
NC_002516.2:5405559-5406008:+,11,4
NC_002516.2:5406165-5407400:+,7,16
NC_002516.2:5407376-5407870:+,4,4
NC_002516.2:5407873-5409309:-,5,5
NC_002516.2:5409306-5410280:-,1,1
NC_002516.2:5410277-5410639:-,1,0
NC_002516.2:5410876-5412237:+,7,6
NC_002516.2:5412569-5414236:-,3,0
NC_002516.2:5414279-5414488:-,0,1
NC_002516.2:5414539-5415315:-,2,0
NC_002516.2:5415413-5418124:-,7,7
NC_002516.2:5418351-5418569:-,3,15
NC_002516.2:5418899-5419738:-,18,8
NC_002516.2:5419863-5420318:+,6,2
NC_002516.2:5420323-5421726:-,25,8
NC_002516.2:5421899-5422438:+,11,2
NC_002516.2:5422506-5423066:+,11,3
NC_002516.2:5423071-5423868:-,13,4
NC_002516.2:5424099-5424716:+,15,15
NC_002516.2:5424761-5425615:-,89,41
NC_002516.2:5425597-5426898:-,164,102
NC_002516.2:5426895-5427686:-,235,74
NC_002516.2:5427716-5429842:-,497,53
NC_002516.2:5429984-5431138:+,35,9
NC_002516.2:5431381-5433291:-,126,45
NC_002516.2:5433541-5433912:-,20,13
NC_002516.2:5434116-5434652:-,61,20
NC_002516.2:5434656-5435726:-,162,91
NC_002516.2:5436079-5437707:+,19,40
NC_002516.2:5437785-5439758:+,3,1
NC_002516.2:5439918-5441693:+,25,21
NC_002516.2:5441837-5442280:+,157,117
NC_002516.2:5442304-5442774:+,716,215
NC_002516.2:5442792-5444141:+,408,295
NC_002516.2:5444252-5445118:+,8,9
NC_002516.2:5445199-5446083:+,27,12
NC_002516.2:5446179-5447444:+,59,29
NC_002516.2:5447648-5448646:+,132,122
NC_002516.2:5448643-5448966:+,106,22
NC_002516.2:5449046-5450653:+,248,41
NC_002516.2:5450757-5452046:+,99,30
NC_002516.2:5452150-5454978:+,95,88
NC_002516.2:5455434-5456027:+,9,5
NC_002516.2:5456452-5457717:+,2,2
NC_002516.2:5457864-5459453:+,12,6
NC_002516.2:5459450-5460529:+,3,0
NC_002516.2:5460526-5461383:+,0,0
NC_002516.2:5461520-5462218:+,1,0
NC_002516.2:5462302-5462754:+,12,6
NC_002516.2:5462763-5463605:+,11,1
NC_002516.2:5463607-5463909:+,13,3
NC_002516.2:5463918-5464436:+,2,6
NC_002516.2:5464453-5464758:+,4,13
NC_002516.2:5464821-5466521:+,29,6
NC_002516.2:5466790-5468007:+,20,19
NC_002516.2:5468017-5468283:-,14,6
NC_002516.2:5468409-5469023:+,8,1
NC_002516.2:5469115-5469978:-,59,17
NC_002516.2:5470186-5471451:+,13,5
NC_002516.2:5471626-5472042:-,27,9
NC_002516.2:5472824-5473168:+,30,32
NC_002516.2:5473212-5473619:-,3,3
NC_002516.2:5473766-5474578:+,29,18
NC_002516.2:5474580-5476649:-,18,54
NC_002516.2:5476945-5477478:+,34,107
NC_002516.2:5477754-5478095:+,17,5
NC_002516.2:5478209-5478976:-,8,11
NC_002516.2:5478973-5479587:-,6,6
NC_002516.2:5479641-5480264:-,26,5
NC_002516.2:5480402-5481091:+,11,13
NC_002516.2:5481070-5482461:+,4,9
NC_002516.2:5482452-5483768:-,26,6
NC_002516.2:5483988-5485100:-,9,5
NC_002516.2:5485097-5486197:-,13,7
NC_002516.2:5486356-5486985:+,10,9
NC_002516.2:5487215-5487718:+,4,1
NC_002516.2:5487715-5488386:+,9,0
NC_002516.2:5488397-5489011:+,15,4
NC_002516.2:5489041-5489613:+,11,1
NC_002516.2:5489630-5490652:-,0,2
NC_002516.2:5490645-5491181:-,2,1
NC_002516.2:5491346-5494315:+,10,7
NC_002516.2:5494460-5495713:-,2,5
NC_002516.2:5495821-5497290:-,24,4
NC_002516.2:5497313-5498653:-,5,7
NC_002516.2:5498740-5500326:-,3,4
NC_002516.2:5500427-5501323:+,3,3
NC_002516.2:5501338-5502672:-,0,1
NC_002516.2:5503051-5504106:+,4,2
NC_002516.2:5504121-5505074:+,2,1
NC_002516.2:5505071-5505784:-,7,15
NC_002516.2:5505848-5506609:-,89,12
NC_002516.2:5506966-5507898:-,1,4
NC_002516.2:5507969-5508685:-,16,11
NC_002516.2:5508682-5509554:-,12,4
NC_002516.2:5509551-5510828:-,9,11
NC_002516.2:5510839-5511753:-,10,3
NC_002516.2:5511988-5513112:-,35,31
NC_002516.2:5513732-5514670:+,13,6
NC_002516.2:5514727-5516352:+,11,9
NC_002516.2:5516399-5517094:-,76,26
NC_002516.2:5517109-5517711:-,24,46
NC_002516.2:5517821-5518480:+,199,45
NC_002516.2:5518483-5519682:+,297,57
NC_002516.2:5519711-5520538:+,359,78
NC_002516.2:5520672-5521595:+,21,24
NC_002516.2:5521664-5522110:-,698,265
NC_002516.2:5522386-5522973:+,15,7
NC_002516.2:5522986-5523681:-,18,8
NC_002516.2:5523868-5524719:-,6,9
NC_002516.2:5524970-5525905:-,8,4
NC_002516.2:5525905-5528397:-,22,15
NC_002516.2:5528659-5530902:-,103,29
NC_002516.2:5530973-5533015:+,6,15
NC_002516.2:5533017-5534093:-,33,17
NC_002516.2:5534162-5535556:-,94,50
NC_002516.2:5535685-5536131:-,374,357
NC_002516.2:5536153-5537022:-,475,732
NC_002516.2:5537059-5537289:-,712,213
NC_002516.2:5537319-5537738:-,1461,601
NC_002516.2:5537953-5538699:-,45,54
NC_002516.2:5538696-5541410:-,344,205
NC_002516.2:5542073-5543365:-,670,246
NC_002516.2:5543417-5544601:-,264,194
NC_002516.2:5544636-5544821:-,7,27
NC_002516.2:5544917-5545786:-,209,190
NC_002516.2:5545786-5546988:-,354,375
NC_002516.2:5547083-5548384:-,166,492
NC_002516.2:5548397-5548645:-,158,135
NC_002516.2:5548751-5549722:-,50,147
NC_002516.2:5549780-5551681:-,83,70
NC_002516.2:5551681-5553108:-,92,88
NC_002516.2:5553117-5553584:-,38,29
NC_002516.2:5553572-5555080:-,58,44
NC_002516.2:5555162-5556247:+,13,10
NC_002516.2:5556281-5556823:-,53,18
NC_002516.2:5556935-5557954:+,51,31
NC_002516.2:5557958-5559001:-,53,57
NC_002516.2:5559021-5559872:-,77,58
NC_002516.2:5560013-5561524:+,34,18
NC_002516.2:5561599-5562414:+,96,23
NC_002516.2:5562418-5563287:+,92,21
NC_002516.2:5563605-5565428:+,62,36
NC_002516.2:5565493-5567568:+,84,68
NC_002516.2:5567655-5568944:-,113,50
NC_002516.2:5569090-5570628:+,52,39
NC_002516.2:5570625-5571161:+,10,7
NC_002516.2:5571219-5571929:-,128,102
NC_002516.2:5572222-5574486:-,216,118
NC_002516.2:5574494-5575018:-,28,8
NC_002516.2:5575015-5576028:-,50,18
NC_002516.2:5576028-5577917:-,197,55
NC_002516.2:5577929-5578549:-,34,18
NC_002516.2:5578681-5579499:-,15,8
NC_002516.2:5579653-5580111:-,41,17
NC_002516.2:5580102-5580719:-,209,60
NC_002516.2:5580962-5581708:+,38,33
NC_002516.2:5581762-5583645:-,318,37
NC_002516.2:5584101-5585549:+,66,24
NC_002516.2:5585615-5586319:-,5,1
NC_002516.2:5586370-5587551:-,3,10
NC_002516.2:5587574-5589253:-,4,8
NC_002516.2:5589295-5591385:-,4,2
NC_002516.2:5591452-5592612:-,3,4
NC_002516.2:5592633-5593424:-,1,0
NC_002516.2:5593683-5595095:-,6,3
NC_002516.2:5595279-5597531:-,10,11
NC_002516.2:5598308-5599042:-,8,2
NC_002516.2:5599160-5599807:-,12,10
NC_002516.2:5599884-5600975:-,1,3
NC_002516.2:5601149-5603095:+,2,1
NC_002516.2:5603173-5603772:+,8,2
NC_002516.2:5603821-5605098:-,19,13
NC_002516.2:5605134-5606018:-,12,7
NC_002516.2:5606103-5606435:+,2,1
NC_002516.2:5606496-5607671:+,38,23
NC_002516.2:5607668-5608480:+,28,15
NC_002516.2:5608649-5609569:+,25,11
NC_002516.2:5609594-5610802:-,14,4
NC_002516.2:5610851-5612140:-,10,8
NC_002516.2:5612268-5613692:-,86,61
NC_002516.2:5613733-5615544:-,92,95
NC_002516.2:5615652-5616302:+,21,15
NC_002516.2:5616310-5617515:+,25,25
NC_002516.2:5617534-5618418:-,49,69
NC_002516.2:5618579-5619535:-,76,69
NC_002516.2:5619608-5621026:-,49,88
NC_002516.2:5621030-5621926:-,33,53
NC_002516.2:5621920-5623056:-,93,102
NC_002516.2:5623040-5624797:-,443,204
NC_002516.2:5624901-5626379:-,56,57
NC_002516.2:5626376-5627134:-,35,41
NC_002516.2:5627131-5627865:-,44,29
NC_002516.2:5627865-5628671:-,78,52
NC_002516.2:5628668-5629789:-,101,42
NC_002516.2:5629786-5630853:-,51,21
NC_002516.2:5630850-5631887:-,83,62
NC_002516.2:5631947-5632870:-,1247,178
NC_002516.2:5632926-5635874:-,276,165
NC_002516.2:5636156-5638804:+,861,467
NC_002516.2:5638949-5640592:+,435,156
NC_002516.2:5641010-5643709:+,56,56
NC_002516.2:5643803-5644450:+,65,14
NC_002516.2:5644454-5645290:-,21,6
NC_002516.2:5645593-5647395:+,7,10
NC_002516.2:5647814-5649430:+,38,10
NC_002516.2:5649522-5652878:+,65,43
NC_002516.2:5652945-5654405:+,21,6
NC_002516.2:5654556-5655527:+,9,25
NC_002516.2:5655648-5656925:+,66,17
NC_002516.2:5657016-5657468:+,1,6
NC_002516.2:5657581-5658396:+,0,30
NC_002516.2:5658418-5659185:-,76,31
NC_002516.2:5659276-5660181:-,8,2
NC_002516.2:5660357-5661673:+,16,9
NC_002516.2:5661701-5662630:-,3,5
NC_002516.2:5662742-5663815:+,1,3
NC_002516.2:5663889-5664869:+,10,6
NC_002516.2:5664990-5666057:-,77,37
NC_002516.2:5666234-5667667:-,209,131
NC_002516.2:5667696-5672141:-,535,239
NC_002516.2:5672366-5674021:-,151,56
NC_002516.2:5674028-5675134:-,123,75
NC_002516.2:5675184-5675702:-,43,71
NC_002516.2:5675714-5677858:-,387,168
NC_002516.2:5677912-5678436:-,73,43
NC_002516.2:5678433-5679056:-,42,17
NC_002516.2:5679053-5679649:-,32,23
NC_002516.2:5679649-5680713:-,72,47
NC_002516.2:5680898-5683366:+,90,93
NC_002516.2:5683471-5684739:-,491,155
NC_002516.2:5684842-5686281:-,29,34
NC_002516.2:5686278-5687045:-,17,29
NC_002516.2:5687105-5687320:-,415,98
NC_002516.2:5687496-5689715:+,28,19
NC_002516.2:5689964-5691727:+,197,71
NC_002516.2:5691762-5692457:+,31,20
NC_002516.2:5692576-5693109:+,35,17
NC_002516.2:5693138-5694481:+,115,39
NC_002516.2:5694576-5694947:+,32,11
NC_002516.2:5695366-5697045:+,123,33
NC_002516.2:5697198-5698055:+,43,19
NC_002516.2:5698359-5700041:+,22,31
NC_002516.2:5700097-5700714:+,6,3
NC_002516.2:5700758-5701687:-,656,293
NC_002516.2:5701698-5702114:-,86,78
NC_002516.2:5702258-5702533:-,30,19
NC_002516.2:5702669-5703439:+,101,42
NC_002516.2:5703454-5704080:+,25,17
NC_002516.2:5704077-5705678:+,53,39
NC_002516.2:5705794-5706198:+,103,105
NC_002516.2:5706191-5706526:+,74,35
NC_002516.2:5706552-5706800:+,412,59
NC_002516.2:5706814-5707239:+,66,37
NC_002516.2:5707236-5708039:+,50,48
NC_002516.2:5708036-5708743:+,20,13
NC_002516.2:5708955-5710898:+,21,9
NC_002516.2:5711008-5711469:+,31,13
NC_002516.2:5711477-5712211:-,78,25
NC_002516.2:5712204-5713166:-,109,34
NC_002516.2:5713232-5714032:-,363,45
NC_002516.2:5714270-5716855:-,140,176
NC_002516.2:5716848-5718425:-,389,200
NC_002516.2:5718882-5719319:-,58,11
NC_002516.2:5719316-5720287:-,103,37
NC_002516.2:5720469-5720945:+,9,2
NC_002516.2:5720950-5721849:-,12,3
NC_002516.2:5721892-5722242:-,4,3
NC_002516.2:5722267-5723517:-,1,3
NC_002516.2:5723582-5724538:+,8,8
NC_002516.2:5725479-5726348:-,9,12
NC_002516.2:5726357-5727238:-,34,13
NC_002516.2:5727239-5729476:-,38,14
NC_002516.2:5729473-5731845:-,19,9
NC_002516.2:5732116-5732916:-,6,8
NC_002516.2:5732909-5734117:-,30,10
NC_002516.2:5734114-5735646:-,10,1
NC_002516.2:5735643-5736473:-,4,2
NC_002516.2:5736470-5737321:-,6,7
NC_002516.2:5737346-5738314:-,8,5
NC_002516.2:5738432-5739835:-,4,2
NC_002516.2:5739898-5741427:-,8,5
NC_002516.2:5741524-5742966:-,2,2
NC_002516.2:5743074-5744753:-,13,1
NC_002516.2:5745079-5745876:-,4,4
NC_002516.2:5745895-5746833:-,2,4
NC_002516.2:5746849-5747871:-,5,6
NC_002516.2:5748013-5748603:-,7,9
NC_002516.2:5748600-5749352:-,30,12
NC_002516.2:5749453-5750814:+,5,3
NC_002516.2:5750961-5751530:-,24,44
NC_002516.2:5751527-5751784:-,24,15
NC_002516.2:5751857-5752459:-,50,97
NC_002516.2:5752464-5753474:-,273,215
NC_002516.2:5753614-5754144:-,757,213
NC_002516.2:5754298-5756238:-,259,52
NC_002516.2:5756347-5757741:-,82,39
NC_002516.2:5757738-5761343:-,121,90
NC_002516.2:5761482-5762066:-,14,4
NC_002516.2:5762150-5762575:+,6,4
NC_002516.2:5762659-5764476:-,383,239
NC_002516.2:5764693-5766147:-,49,57
NC_002516.2:5766484-5767893:+,1150,278
NC_002516.2:5768041-5768445:+,6,4
NC_002516.2:5768442-5770649:-,35,24
NC_002516.2:5770937-5771458:+,11,5
NC_002516.2:5771455-5772027:+,8,3
NC_002516.2:5772298-5773374:+,14,4
NC_002516.2:5773377-5774807:+,53,22
NC_002516.2:5775620-5776087:-,12,22
NC_002516.2:5776086-5776547:+,15,5
NC_002516.2:5776606-5777097:-,351,46
NC_002516.2:5777134-5777388:-,22,30
NC_002516.2:5777390-5777809:-,49,22
NC_002516.2:5778134-5779681:+,153,49
NC_002516.2:5779995-5780813:+,4,5
NC_002516.2:5780963-5782249:+,68,56
NC_002516.2:5782278-5783588:+,143,26
NC_002516.2:5783588-5784361:+,19,8
NC_002516.2:5784430-5785911:+,62,15
NC_002516.2:5785948-5786703:-,41,5
NC_002516.2:5786853-5787605:-,32,12
NC_002516.2:5787696-5788442:-,16,8
NC_002516.2:5788614-5789384:-,82,27
NC_002516.2:5789395-5790132:-,91,27
NC_002516.2:5790445-5791086:-,73,29
NC_002516.2:5791083-5791676:-,125,25
NC_002516.2:5791837-5792235:+,5,1
NC_002516.2:5792505-5793611:+,9,10
NC_002516.2:5793705-5795957:+,104,34
NC_002516.2:5795954-5797021:+,59,15
NC_002516.2:5797065-5797337:+,137,23
NC_002516.2:5797365-5798447:+,11,13
NC_002516.2:5798693-5799430:-,26,11
NC_002516.2:5799589-5800278:+,10,8
NC_002516.2:5800527-5801300:+,67,33
NC_002516.2:5801315-5802067:+,293,53
NC_002516.2:5802129-5802824:+,36,16
NC_002516.2:5802821-5803513:+,28,16
NC_002516.2:5803582-5804802:+,4,8
NC_002516.2:5805206-5805676:+,1,5
NC_002516.2:5805680-5807158:+,14,4
NC_002516.2:5807173-5808357:+,13,4
NC_002516.2:5808368-5809897:+,13,7
NC_002516.2:5810281-5811339:+,152,34
NC_002516.2:5811336-5812244:+,134,32
NC_002516.2:5812241-5813122:+,139,62
NC_002516.2:5813122-5813667:+,112,50
NC_002516.2:5813727-5815565:+,30,19
NC_002516.2:5815562-5816950:+,50,15
NC_002516.2:5817191-5818186:+,27,29
NC_002516.2:5818202-5818834:+,3,11
NC_002516.2:5818831-5820114:+,19,8
NC_002516.2:5820910-5822358:+,16,522
NC_002516.2:5822380-5823636:+,35,629
NC_002516.2:5823716-5824726:+,23,159
NC_002516.2:5824787-5825719:+,11,85
NC_002516.2:5826135-5828039:+,204,386
NC_002516.2:5828086-5828907:-,37,23
NC_002516.2:5828904-5829470:-,96,34
NC_002516.2:5829596-5830261:+,11,7
NC_002516.2:5830313-5830750:-,480,139
NC_002516.2:5830924-5831805:+,8,9
NC_002516.2:5831902-5832741:+,5,3
NC_002516.2:5832749-5835070:+,15,6
NC_002516.2:5835380-5835895:+,23,20
NC_002516.2:5835994-5836401:+,12,2
NC_002516.2:5836470-5836685:-,65,46
NC_002516.2:5836910-5837467:+,22,7
NC_002516.2:5837449-5837892:-,2,2
NC_002516.2:5837915-5839078:-,7,2
NC_002516.2:5839105-5840895:-,21,9
NC_002516.2:5840897-5842132:-,18,3
NC_002516.2:5842275-5843183:+,3,8
NC_002516.2:5843198-5843800:-,23,4
NC_002516.2:5844054-5844410:+,20,6
NC_002516.2:5844468-5846009:-,467,124
NC_002516.2:5846125-5847018:-,50,9
NC_002516.2:5847131-5847934:+,65,33
NC_002516.2:5847972-5848367:-,23,6
NC_002516.2:5848577-5849011:+,1,9
NC_002516.2:5849143-5850048:+,30,11
NC_002516.2:5850239-5851162:+,41,19
NC_002516.2:5851239-5852558:-,24,21
NC_002516.2:5852653-5853396:-,58,21
NC_002516.2:5853585-5855924:+,133,31
NC_002516.2:5855936-5856325:+,28,11
NC_002516.2:5856532-5858115:+,81,35
NC_002516.2:5858158-5859456:-,70,31
NC_002516.2:5859793-5860494:+,30,1
NC_002516.2:5860467-5861621:-,41,27
NC_002516.2:5861721-5862989:-,4,40
NC_002516.2:5863034-5863711:-,6,55
NC_002516.2:5863825-5865189:+,91,36
NC_002516.2:5865227-5867011:+,44,51
NC_002516.2:5867233-5867685:+,15,7
NC_002516.2:5867817-5868146:+,28,26
NC_002516.2:5868181-5871057:-,32,25
NC_002516.2:5871231-5871620:-,112,22
NC_002516.2:5871667-5872749:-,100,34
NC_002516.2:5872900-5874519:-,8,17
NC_002516.2:5874587-5875585:-,14,0
NC_002516.2:5875653-5876567:-,10,2
NC_002516.2:5876664-5877857:+,6,0
NC_002516.2:5877896-5878717:+,49,16
NC_002516.2:5878754-5879971:-,58,18
NC_002516.2:5880000-5880482:-,20,8
NC_002516.2:5880487-5881671:-,65,35
NC_002516.2:5881679-5883013:-,249,89
NC_002516.2:5883023-5883577:-,29,14
NC_002516.2:5883664-5883975:+,33,33
NC_002516.2:5883972-5884286:+,45,23
NC_002516.2:5884508-5885119:+,22,25
NC_002516.2:5885486-5885944:+,15,1
NC_002516.2:5885954-5887078:-,38,92
NC_002516.2:5887082-5889832:-,70,173
NC_002516.2:5889829-5890902:-,49,116
NC_002516.2:5891109-5891528:-,13,4
NC_002516.2:5891683-5892660:+,22,2
NC_002516.2:5892910-5894256:+,154,48
NC_002516.2:5894293-5895261:-,69,26
NC_002516.2:5895261-5896727:-,91,64
NC_002516.2:5896806-5898794:-,6,9
NC_002516.2:5898865-5900124:-,670,860
NC_002516.2:5900369-5900695:-,1670,197
NC_002516.2:5900879-5902399:+,131,105
NC_002516.2:5902386-5904596:-,351,137
NC_002516.2:5904614-5905627:-,167,79
NC_002516.2:5905871-5906461:+,23,35
NC_002516.2:5906626-5907294:+,91,46
NC_002516.2:5907390-5907863:+,8,4
NC_002516.2:5907848-5908330:-,18,10
NC_002516.2:5908397-5910298:-,150,47
NC_002516.2:5910403-5911032:-,24,22
NC_002516.2:5911262-5912020:-,33,42
NC_002516.2:5912027-5912605:-,17,17
NC_002516.2:5912605-5914521:-,48,32
NC_002516.2:5914594-5915046:+,8,6
NC_002516.2:5915043-5916101:-,305,133
NC_002516.2:5916227-5916856:+,9,4
NC_002516.2:5916918-5917400:-,465,155
NC_002516.2:5917680-5918171:-,14,19
NC_002516.2:5918350-5919588:-,115,92
NC_002516.2:5919585-5920715:-,118,191
NC_002516.2:5920742-5921497:-,22,32
NC_002516.2:5921494-5922435:-,73,69
NC_002516.2:5922544-5923290:-,125,217
NC_002516.2:5923295-5924371:-,65,72
NC_002516.2:5924596-5925990:+,110,67
NC_002516.2:5926134-5927105:-,15,10
NC_002516.2:5927336-5930605:-,20,14
NC_002516.2:5930602-5932677:-,4,5
NC_002516.2:5932877-5933395:-,2,0
NC_002516.2:5933688-5934668:-,28,21
NC_002516.2:5934770-5935045:+,37,6
NC_002516.2:5935064-5935945:+,17,25
NC_002516.2:5935988-5936221:+,45,18
NC_002516.2:5936370-5939222:+,29,21
NC_002516.2:5939263-5939976:+,25,8
NC_002516.2:5940020-5940424:-,164,38
NC_002516.2:5940747-5941082:-,32,4
NC_002516.2:5941336-5941476:+,51,12
NC_002516.2:5941487-5942734:+,97,48
NC_002516.2:5942745-5943575:+,43,17
NC_002516.2:5943606-5944307:+,65,36
NC_002516.2:5944327-5945238:+,18,13
NC_002516.2:5945235-5945933:+,20,2
NC_002516.2:5945963-5947132:-,6,3
NC_002516.2:5947295-5948671:+,16,7
NC_002516.2:5948696-5949610:-,3,3
NC_002516.2:5950034-5950351:-,149,62
NC_002516.2:5950429-5950854:-,8,12
NC_002516.2:5951115-5952443:-,29,29
NC_002516.2:5952483-5952821:-,311,81
NC_002516.2:5953261-5953521:+,18,10
NC_002516.2:5953562-5955055:+,18,16
NC_002516.2:5955180-5957165:+,73,49
NC_002516.2:5957208-5958257:-,23,5
NC_002516.2:5958408-5959325:-,13,5
NC_002516.2:5959474-5960940:+,3,1
NC_002516.2:5960852-5962528:-,58,62
NC_002516.2:5962716-5964725:+,50,66
NC_002516.2:5964859-5966577:+,6,8
NC_002516.2:5966706-5967278:+,23,9
NC_002516.2:5967286-5969145:-,27,26
NC_002516.2:5969355-5969765:-,207,107
NC_002516.2:5969987-5970535:-,65,32
NC_002516.2:5970686-5971759:-,1,8
NC_002516.2:5971850-5972203:-,3,22
NC_002516.2:5972178-5973476:-,12,48
NC_002516.2:5973833-5974177:-,33,7
NC_002516.2:5974190-5974381:-,28,9
NC_002516.2:5974402-5976969:-,21,46
NC_002516.2:5977123-5977611:+,32,9
NC_002516.2:5977789-5979108:+,19,12
NC_002516.2:5979194-5980783:+,9,13
NC_002516.2:5980787-5981950:-,4,3
NC_002516.2:5982097-5983590:-,142,60
NC_002516.2:5983820-5985154:+,18,25
NC_002516.2:5985219-5985581:+,7,3
NC_002516.2:5985716-5985871:-,1126,146
NC_002516.2:5985883-5986119:-,1890,229
NC_002516.2:5986475-5988055:+,69,16
NC_002516.2:5988081-5988629:+,5,4
NC_002516.2:5988646-5989320:-,12,15
NC_002516.2:5989460-5990668:+,53,42
NC_002516.2:5990676-5991131:+,27,18
NC_002516.2:5991168-5993774:+,571,167
NC_002516.2:5993791-5994696:+,136,119
NC_002516.2:5994741-5995811:-,17,14
NC_002516.2:5996036-5996986:+,3,3
NC_002516.2:5997057-5998265:-,4,4
NC_002516.2:5998348-5999676:-,4,3
NC_002516.2:5999754-6000143:-,0,1
NC_002516.2:6000317-6000781:+,22,10
NC_002516.2:6000761-6001378:-,84,69
NC_002516.2:6001399-6002040:-,77,50
NC_002516.2:6002121-6002900:+,227,172
NC_002516.2:6002959-6003330:-,36,8
NC_002516.2:6003377-6004096:-,77,22
NC_002516.2:6004277-6005140:+,71,21
NC_002516.2:6005199-6005810:+,29,22
NC_002516.2:6005899-6006165:+,353,96
NC_002516.2:6006231-6008336:+,274,218
NC_002516.2:6008398-6008778:+,305,56
NC_002516.2:6008833-6009564:+,65,77
NC_002516.2:6009571-6010191:-,4,3
NC_002516.2:6010258-6011058:-,10,8
NC_002516.2:6011058-6011909:-,77,12
NC_002516.2:6012047-6012979:+,86,39
NC_002516.2:6012976-6015051:+,65,30
NC_002516.2:6015141-6016550:+,61,48
NC_002516.2:6016622-6017014:-,15,7
NC_002516.2:6017150-6017422:-,232,56
NC_002516.2:6017624-6018778:-,138,21
NC_002516.2:6018830-6018997:-,30,10
NC_002516.2:6019181-6019348:-,250,59
NC_002516.2:6019482-6019883:-,7,4
NC_002516.2:6019888-6021114:-,10,7
NC_002516.2:6021124-6022203:-,9,4
NC_002516.2:6022203-6023702:-,16,38
NC_002516.2:6023907-6024662:+,11,6
NC_002516.2:6024742-6025278:+,9,11
NC_002516.2:6025305-6026195:+,30,9
NC_002516.2:6026219-6026674:-,64,25
NC_002516.2:6026779-6027468:+,21,7
NC_002516.2:6027542-6028873:+,18,10
NC_002516.2:6028976-6030316:+,103,68
NC_002516.2:6030351-6031250:-,20,22
NC_002516.2:6031366-6032268:-,84,58
NC_002516.2:6032387-6033115:-,15,9
NC_002516.2:6033211-6034044:-,48,9
NC_002516.2:6034060-6035736:-,41,17
NC_002516.2:6035756-6037789:-,39,10
NC_002516.2:6038212-6039183:-,98,23
NC_002516.2:6045310-6046626:-,65,20
NC_002516.2:6046914-6047318:+,54,21
NC_002516.2:6047364-6049049:-,11,1
NC_002516.2:6049185-6050657:-,27,11
NC_002516.2:6050718-6051311:-,26,7
NC_002516.2:6051644-6053194:+,4,5
NC_002516.2:6053412-6054590:-,50,23
NC_002516.2:6054594-6055433:-,32,12
NC_002516.2:6055475-6056413:-,35,31
NC_002516.2:6056877-6058253:+,7,4
NC_002516.2:6058673-6059776:+,116,40
NC_002516.2:6059823-6060200:-,3,5
NC_002516.2:6060340-6061233:-,6,6
NC_002516.2:6061341-6062408:+,4,0
NC_002516.2:6062352-6063347:-,4,0
NC_002516.2:6063353-6063832:-,0,1
NC_002516.2:6063883-6064848:-,3,0
NC_002516.2:6064899-6065783:-,6,3
NC_002516.2:6065856-6066794:-,1,2
NC_002516.2:6067005-6068015:+,7,2
NC_002516.2:6067945-6069099:-,3,5
NC_002516.2:6069156-6069830:-,3,0
NC_002516.2:6069844-6070266:-,7,1
NC_002516.2:6070266-6071618:-,3,3
NC_002516.2:6071912-6073384:-,22,21
NC_002516.2:6073538-6074008:+,12,1
NC_002516.2:6074230-6075207:+,5,8
NC_002516.2:6075334-6075864:+,1,0
NC_002516.2:6075880-6077940:+,9,4
NC_002516.2:6078044-6080005:+,0,6
NC_002516.2:6080124-6081356:+,5,0
NC_002516.2:6081392-6082165:+,5,3
NC_002516.2:6082290-6082859:+,2,9
NC_002516.2:6082867-6083073:+,3,6
NC_002516.2:6083105-6083509:+,5,0
NC_002516.2:6083523-6083756:+,3,1
NC_002516.2:6083753-6084085:+,31,3
NC_002516.2:6084082-6084372:+,3,6
NC_002516.2:6084369-6084545:-,2,3
NC_002516.2:6084550-6085110:-,55,10
NC_002516.2:6085385-6086674:-,10,8
NC_002516.2:6087099-6088199:+,6,0
NC_002516.2:6088193-6090706:-,46,28
NC_002516.2:6092046-6093086:-,44,26
NC_002516.2:6093167-6093808:-,20,10
NC_002516.2:6094024-6095277:+,2,4
NC_002516.2:6095363-6096613:+,5,2
NC_002516.2:6096707-6097027:+,1,0
NC_002516.2:6097024-6100041:+,11,3
NC_002516.2:6100135-6100770:+,2,3
NC_002516.2:6100820-6101677:+,4,3
NC_002516.2:6101884-6103083:+,15,2
NC_002516.2:6103167-6104123:+,46,8
NC_002516.2:6104189-6104737:-,27,31
NC_002516.2:6104799-6105044:-,589,81
NC_002516.2:6105159-6106241:-,73,16
NC_002516.2:6106272-6106763:-,174,43
NC_002516.2:6107111-6108139:+,9,81
NC_002516.2:6108176-6109084:-,15,10
NC_002516.2:6109260-6110684:+,13,16
NC_002516.2:6111048-6112262:-,28,21
NC_002516.2:6112299-6113774:-,6,2
NC_002516.2:6113902-6114351:+,1,1
NC_002516.2:6114360-6115034:+,8,0
NC_002516.2:6115059-6116312:-,18,4
NC_002516.2:6116493-6118316:-,759,492
NC_002516.2:6118332-6119747:-,321,37
NC_002516.2:6119961-6120896:+,12,28
NC_002516.2:6120850-6121065:-,2,8
NC_002516.2:6121172-6122053:-,135,49
NC_002516.2:6122139-6123605:+,17,9
NC_002516.2:6123686-6125080:+,7,17
NC_002516.2:6125796-6127997:-,147,60
NC_002516.2:6128056-6130911:-,23,14
NC_002516.2:6131088-6133274:+,94,44
NC_002516.2:6133312-6133740:+,9,9
NC_002516.2:6133838-6135331:+,452,44
NC_002516.2:6135709-6135912:+,57,38
NC_002516.2:6135968-6137113:-,74,34
NC_002516.2:6137114-6138241:-,33,35
NC_002516.2:6138225-6139607:-,44,31
NC_002516.2:6139604-6140869:-,34,31
NC_002516.2:6140869-6141666:-,23,23
NC_002516.2:6141666-6143105:-,53,50
NC_002516.2:6143109-6144080:-,119,35
NC_002516.2:6144077-6144991:-,53,31
NC_002516.2:6145399-6147027:+,139,41
NC_002516.2:6147021-6148322:+,62,26
NC_002516.2:6148319-6149182:+,15,20
NC_002516.2:6149179-6150321:+,24,18
NC_002516.2:6150315-6151151:+,59,17
NC_002516.2:6151314-6151526:+,10,10
NC_002516.2:6151622-6151939:+,361,41
NC_002516.2:6152064-6152357:+,3,11
NC_002516.2:6152386-6152721:+,12,10
NC_002516.2:6152718-6154676:+,31,23
NC_002516.2:6154784-6155203:-,6,4
NC_002516.2:6155271-6156215:+,11,0
NC_002516.2:6156212-6156574:+,4,5
NC_002516.2:6156854-6158158:+,3,2
NC_002516.2:6158179-6158943:+,3,0
NC_002516.2:6158949-6159563:-,9,5
NC_002516.2:6159560-6160699:-,32,25
NC_002516.2:6161067-6161867:-,21,13
NC_002516.2:6162221-6163969:+,9,42
NC_002516.2:6164038-6165411:+,25,13
NC_002516.2:6165417-6165977:-,8,142
NC_002516.2:6166120-6167409:-,21,9
NC_002516.2:6167783-6168823:+,19,8
NC_002516.2:6168842-6170071:-,22,21
NC_002516.2:6170176-6171510:-,31,46
NC_002516.2:6172223-6172690:-,177,344
NC_002516.2:6172712-6172873:-,194,104
NC_002516.2:6173348-6174697:+,35,39
NC_002516.2:6174694-6176481:+,23,34
NC_002516.2:6176516-6177295:-,19,8
NC_002516.2:6177325-6177918:-,2,7
NC_002516.2:6178036-6180051:-,64,57
NC_002516.2:6180048-6180926:-,38,38
NC_002516.2:6180942-6181577:-,521,111
NC_002516.2:6181745-6182350:-,586,102
NC_002516.2:6182396-6182689:-,58,137
NC_002516.2:6182873-6183520:+,61,26
NC_002516.2:6183784-6186525:-,201,116
NC_002516.2:6186603-6186893:+,144,18
NC_002516.2:6186927-6187877:+,62,66
NC_002516.2:6188166-6188855:-,69,36
NC_002516.2:6188872-6191076:-,178,131
NC_002516.2:6191186-6192109:-,206,59
NC_002516.2:6192179-6192682:+,102,40
NC_002516.2:6192682-6193491:+,49,39
NC_002516.2:6193484-6194272:+,49,28
NC_002516.2:6194314-6195102:+,21,15
NC_002516.2:6195309-6196316:+,71,27
NC_002516.2:6196316-6196993:+,57,24
NC_002516.2:6197070-6197852:+,357,58
NC_002516.2:6198055-6198912:+,9,3
NC_002516.2:6198917-6199570:+,7,3
NC_002516.2:6199567-6200898:+,8,2
NC_002516.2:6200966-6201634:+,7,6
NC_002516.2:6201736-6203085:+,12,9
NC_002516.2:6203104-6204447:-,26,16
NC_002516.2:6204444-6206210:-,11,21
NC_002516.2:6206292-6207170:+,10,9
NC_002516.2:6207241-6208029:+,9,2
NC_002516.2:6208042-6208542:-,19,38
NC_002516.2:6208575-6209441:+,38,17
NC_002516.2:6209479-6210063:-,10,3
NC_002516.2:6210065-6211768:-,36,24
NC_002516.2:6212147-6212713:-,30,18
NC_002516.2:6212790-6213533:+,15,6
NC_002516.2:6213581-6214339:-,41,31
NC_002516.2:6214434-6215801:-,13,9
NC_002516.2:6215803-6217155:-,4,6
NC_002516.2:6217313-6218095:+,15,7
NC_002516.2:6218100-6218840:+,26,8
NC_002516.2:6218857-6219069:-,36,28
NC_002516.2:6219287-6219688:-,23,21
NC_002516.2:6219885-6220739:-,79,41
NC_002516.2:6221101-6222858:+,17,13
NC_002516.2:6223174-6224481:+,239,15
NC_002516.2:6224897-6225925:-,33,8
NC_002516.2:6227082-6227450:+,3,0
NC_002516.2:6227603-6228244:-,747,210
NC_002516.2:6228241-6229443:-,2729,573
NC_002516.2:6229458-6229862:-,203,88
NC_002516.2:6229975-6230391:+,30,32
NC_002516.2:6230369-6231562:-,160,42
NC_002516.2:6231662-6232558:+,293,61
NC_002516.2:6232555-6233115:+,335,63
NC_002516.2:6233118-6234455:+,162,54
NC_002516.2:6234500-6235744:-,36,7
NC_002516.2:6235831-6236229:-,9,8
NC_002516.2:6236226-6238250:-,31,14
NC_002516.2:6238325-6239284:-,68,24
NC_002516.2:6239448-6240632:-,64,43
NC_002516.2:6240870-6241493:+,12,12
NC_002516.2:6241851-6243056:+,3,4
NC_002516.2:6243111-6244946:-,94,21
NC_002516.2:6244962-6245735:-,9,11
NC_002516.2:6245803-6246312:-,6,18
NC_002516.2:6246326-6247690:-,145,66
NC_002516.2:6247811-6248236:-,107,91
NC_002516.2:6248278-6249654:-,2633,658
NC_002516.2:6249685-6250545:-,468,337
NC_002516.2:6250596-6252140:-,888,648
NC_002516.2:6252159-6252695:-,457,524
NC_002516.2:6252707-6253177:-,875,477
NC_002516.2:6253235-6253492:-,3217,321
NC_002516.2:6253542-6254411:-,370,205
NC_002516.2:6254428-6254808:-,49,95
NC_002516.2:6254972-6255844:-,136,103
NC_002516.2:6255854-6256642:-,85,53
NC_002516.2:6256661-6257305:-,59,33
NC_002516.2:6257305-6259197:-,184,106
NC_002516.2:6259671-6260054:-,0,1
NC_002516.2:6260390-6261757:-,31,25
NC_002516.2:6261828-6263564:-,197,198
NC_002516.2:6263805-6264212:-,376,241
NC_002516.2:6264227-6264361:-,715,95
