[2026-09-15 20:58:27] project  : /home/qasim/hribo_work/pao1
[2026-09-15 20:58:28] snakemake: 8.10.7   conda: conda 26.7.2   container: apptainer version 1.4.5
[2026-09-15 20:58:28] limits   : 8 cores, 6000 MB budget, 1500 MB per job, stop below 2000 MB free on: /mnt/c /home/qasim/hribo_work/pao1
[2026-09-15 20:58:28] log      : /home/qasim/hribo_work/pao1/logs/snakemake_20260915_205827.log
Assuming unrestricted shared filesystem usage.
Building DAG of jobs...
Your conda installation is not configured to use strict channel priorities. This is however crucial for having robust and correct environments (for details, see https://conda-forge.org/docs/user/tipsandtricks.html). Please consider to configure strict priorities by executing 'conda config --set channel_priority strict'.
Retrieving .snakemake/storage/http/github.com/Biobix/DeepRibo/blob/master/models/DeepRibo_model_v1.pt from storage.
Retrieving .snakemake/storage/ftp/ftp.ebi.ac.uk/pub/databases/uniprot/knowledgebase/uniprot_sprot.fasta.gz from storage.
Retrieving from storage: https://github.com/Biobix/DeepRibo/blob/master/models/DeepRibo_model_v1.pt?raw=true
Finished retrieval.
Retrieving from storage: ftp://ftp.ebi.ac.uk/pub/databases/uniprot/knowledgebase/uniprot_sprot.fasta.gz
Finished retrieval.
Using shell: /usr/bin/bash
Provided cores: 8
Rules claiming more threads will be scaled down.
Provided resources: mem_mb=6000, reparation_instances=1
Job stats:
job                                         count
----------------------------------------  -------
all                                             1
allDeepRibo                                     1
alternativeStartCodonTrack                      1
asiteOccupancy                                  1
bamcompare                                      1
bamindex                                        2
centeredwig                                     2
centeredwigtobigwigmilforward                   2
centeredwigtobigwigmilreverse                   2
centeredwigtobigwigminforward                   2
centeredwigtobigwigminrawreverse                2
centeredwigtobigwigminreverse                   2
centeredwigtobigwigrawforward                   2
checkAnnotation                                 1
concatDeepRibo                                  1
concatReparation                                1
coverage                                        1
createExcelSummary                              1
createExcelSummaryDeepRibo                      1
createExcelTotalAnnotation                      1
createExcelTotalAnnotationReadCount             1
createExcelUniqueAnnotation                     1
createExcelUniqueAnnotationReadCount            1
createOverviewTablePredictions                  1
deepriboGFF                                     1
deepriboGetModel                                1
enrichAnnotation                                1
fastqcmulti                                     2
fastqcraw_single                                2
fastqcrrnafilter                                2
fastqctrimmed_single                            2
fastqcunique                                    2
featurescounts                                  2
filterAll                                       1
filterDeepRibo                                  1
fiveprimewig                                    2
fiveprimewigtobigwigmilforward                  2
fiveprimewigtobigwigminforward                  2
fiveprimewigtobigwigminreverse                  2
fiveprimewigtobigwigrawforward                  2
fiveprimewigtobigwigrawreverse                  2
fiveprimewigtobigwimilgreverse                  2
generateAnnotationIndependantReadCounts         1
generateAnnotationTotalReadCounts               1
generateAnnotationUniqueReadCounts              1
generateDeepRiboReadCounts                      1
generateDifferentialExpressionReadCounts        1
generateReparationReadCounts                    1
genomeSamToolsIndex                             1
genomeSegemehlIndex                             1
genomeSize                                      1
globalwig                                       2
globalwigtobigwigmilforward                     2
globalwigtobigwigmilreverse                     2
globalwigtobigwigminforward                     2
globalwigtobigwigminrawreverse                  2
globalwigtobigwigminreverse                     2
globalwigtobigwigrawforward                     2
link_single                                     2
map                                             2
mapDeepRiboReads                                1
mapIndependantReads                             1
mapReparationReads                              1
mapTotalReads                                   1
mapUniqueReads                                  1
maplink                                         2
maplinkMappedReads                              1
mergeAll                                        1
mergeConditions                                 1
metageneProfiling                               1
multiqc                                         1
norrnafeaturescounts                            2
parameterEstimation                             1
parseDeepRibo                                   1
plotCorrelation                                 1
plotPCA                                         1
predictDeepRibo                                 1
preparePCAinput                                 1
rbsTrack                                        1
readLengthStatistics                            1
reannotatedORFs                                 1
reparation                                      1
reparationGFF                                   1
retrieveAnnotation                              1
retrieveGenome                                  1
reversecomplementGenome                         1
rrnaannotation                                  1
rrnafilter2                                     2
rrnatotalfeaturescounts                         2
rrnauniquefeaturescounts                        2
runDeseqPreprocessing                           1
sammultitobam                                   2
samplesToExcel                                  1
samstrandswap                                   2
samtobam                                        2
samuniq                                         2
startCodonTrack                                 1
stopCodonTrack                                  1
threeprimewig                                   2
threeprimewigtobigwigmilforward                 2
threeprimewigtobigwigmilreverse                 2
threeprimewigtobigwigminforward                 2
threeprimewigtobigwigminreverse                 2
threeprimewigtobigwigrawforward                 2
threeprimewigtobigwigrawreverse                 2
totalMappedReads                                1
totalmappedbamindex                             2
trim_single                                     2
trnafeaturescounts                              2
unambigousAnnotation                            1
uniprotDBRetrieve                               1
uniqueMappedReads                               1
uniquemappedbamindex                            2
total                                         163

Select jobs to execute...
Execute 4 jobs...

[Tue Sep 15 20:59:44 2026]
localrule samplesToExcel:
    input: HRIBO/samples.tsv
    output: auxiliary/samples.xlsx
    jobid: 70
    reason: Missing output files: auxiliary/samples.xlsx
    resources: mem_mb=1500, mem_mib=1431, disk_mb=4000, disk_mib=3815, tmpdir=/home/qasim/hribo_work/pao1/tmp

mkdir -p auxiliary; HRIBO/scripts/samples_to_xlsx.py -i HRIBO/samples.tsv -o auxiliary/samples.xlsx
Activating conda environment: .snakemake/conda/fa51360e7b638753ab3668d175d3d552_

[Tue Sep 15 20:59:44 2026]
localrule uniprotDBRetrieve:
    input: ftp://ftp.ebi.ac.uk/pub/databases/uniprot/knowledgebase/uniprot_sprot.fasta.gz (retrieve from storage)
    output: uniprotDB/uniprot_sprot.fasta
    jobid: 146
    reason: Missing output files: uniprotDB/uniprot_sprot.fasta
    resources: mem_mb=1500, mem_mib=1431, disk_mb=4000, disk_mib=3815, tmpdir=/home/qasim/hribo_work/pao1/tmp


        mkdir -p uniprotDB
        mv .snakemake/storage/ftp/ftp.ebi.ac.uk/pub/databases/uniprot/knowledgebase/uniprot_sprot.fasta.gz uniprotDB/uniprot_sprot.fasta.gz
        gunzip uniprotDB/uniprot_sprot.fasta.gz
        

[Tue Sep 15 20:59:44 2026]
localrule retrieveGenome:
    input: genome.fa
    output: genomes/genome.fa
    jobid: 10
    reason: Missing output files: genomes/genome.fa
    resources: mem_mb=1500, mem_mib=1431, disk_mb=4000, disk_mib=3815, tmpdir=/home/qasim/hribo_work/pao1/tmp

mkdir -p genomes; cp genome.fa genomes/genome.fa

[Tue Sep 15 20:59:44 2026]
localrule link_single:
    input: fastq/RIBO-GLY-1.fastq.gz
    output: trimlink/RIBO-GLY-1.fastq.gz
    jobid: 9
    reason: Missing output files: trimlink/RIBO-GLY-1.fastq.gz
    wildcards: method=RIBO, condition=GLY, replicate=1
    resources: mem_mb=1500, mem_mib=1431, disk_mb=4000, disk_mib=3815, tmpdir=/home/qasim/hribo_work/pao1/tmp

mkdir -p trimlink; ln -s /home/qasim/hribo_work/pao1/fastq/RIBO-GLY-1.fastq.gz /home/qasim/hribo_work/pao1/trimlink/RIBO-GLY-1.fastq.gz;
[Tue Sep 15 20:59:44 2026]
Finished job 9.
1 of 163 steps (1%) done
Select jobs to execute...
Execute 1 jobs...

[Tue Sep 15 20:59:44 2026]
localrule deepriboGetModel:
    input: https://github.com/Biobix/DeepRibo/blob/master/models/DeepRibo_model_v1.pt?raw=true (retrieve from storage)
    output: deepribo/DeepRibo_model_v1.pt
    jobid: 155
    reason: Missing output files: deepribo/DeepRibo_model_v1.pt
    resources: mem_mb=1500, mem_mib=1431, disk_mb=4000, disk_mib=3815, tmpdir=/home/qasim/hribo_work/pao1/tmp

mkdir -p deepribo; mv .snakemake/storage/http/github.com/Biobix/DeepRibo/blob/master/models/DeepRibo_model_v1.pt deepribo/DeepRibo_model_v1.pt
[Tue Sep 15 20:59:45 2026]
Finished job 10.
2 of 163 steps (1%) done
Select jobs to execute...
Execute 1 jobs...

[Tue Sep 15 20:59:45 2026]
localrule link_single:
    input: fastq/RNA-GLY-1.fastq.gz
    output: trimlink/RNA-GLY-1.fastq.gz
    jobid: 23
    reason: Missing output files: trimlink/RNA-GLY-1.fastq.gz
    wildcards: method=RNA, condition=GLY, replicate=1
    resources: mem_mb=1500, mem_mib=1431, disk_mb=4000, disk_mib=3815, tmpdir=/home/qasim/hribo_work/pao1/tmp

mkdir -p trimlink; ln -s /home/qasim/hribo_work/pao1/fastq/RNA-GLY-1.fastq.gz /home/qasim/hribo_work/pao1/trimlink/RNA-GLY-1.fastq.gz;
[Tue Sep 15 20:59:45 2026]
Finished job 155.
3 of 163 steps (2%) done
Select jobs to execute...
Execute 1 jobs...

[Tue Sep 15 20:59:45 2026]
localrule retrieveAnnotation:
    input: annotation.gff
    output: annotation/annotation.gff
    jobid: 14
    reason: Missing output files: annotation/annotation.gff
    resources: mem_mb=1500, mem_mib=1431, disk_mb=4000, disk_mib=3815, tmpdir=/home/qasim/hribo_work/pao1/tmp

mkdir -p annotation; cp annotation.gff annotation/annotation.gff
[Tue Sep 15 20:59:45 2026]
Finished job 23.
4 of 163 steps (2%) done
Select jobs to execute...
Execute 1 jobs...

[Tue Sep 15 20:59:45 2026]
localrule reversecomplementGenome:
    input: genomes/genome.fa
    output: genomes/genome.rev.fa
    jobid: 52
    reason: Missing output files: genomes/genome.rev.fa; Input files updated by another job: genomes/genome.fa
    resources: mem_mb=1500, mem_mib=1431, disk_mb=4000, disk_mib=3815, tmpdir=/home/qasim/hribo_work/pao1/tmp

mkdir -p genomes; HRIBO/scripts/reverse_complement.py --input_fasta_filepath genomes/genome.fa --output_fasta_filepath genomes/genome.rev.fa
Activating conda environment: .snakemake/conda/b33043a0ee221fe145e7e2ea5e217947_
[Tue Sep 15 20:59:45 2026]
Finished job 14.
5 of 163 steps (3%) done
Select jobs to execute...
Execute 1 jobs...

[Tue Sep 15 20:59:45 2026]
localrule genomeSamToolsIndex:
    input: genomes/genome.fa
    output: genomes/genome.fa.fai
    jobid: 17
    reason: Missing output files: genomes/genome.fa.fai; Input files updated by another job: genomes/genome.fa
    resources: mem_mb=1500, mem_mib=1431, disk_mb=4000, disk_mib=3815, tmpdir=/home/qasim/hribo_work/pao1/tmp

samtools faidx genomes/genome.fa
Activating conda environment: .snakemake/conda/e4e8d879a2e99e8eada81c1d01b59187_
[Tue Sep 15 20:59:45 2026]
Finished job 17.
6 of 163 steps (4%) done
Select jobs to execute...
Execute 1 jobs...

[Tue Sep 15 20:59:45 2026]
localrule genomeSize:
    input: genomes/genome.fa.fai
    output: genomes/sizes.genome
    log: logs/genomeSamToolsIndex.log
    jobid: 16
    reason: Missing output files: genomes/sizes.genome; Input files updated by another job: genomes/genome.fa.fai
    resources: mem_mb=1500, mem_mib=1431, disk_mb=4000, disk_mib=3815, tmpdir=/home/qasim/hribo_work/pao1/tmp

mkdir -p genomes; cut -f1,2 genomes/genome.fa.fai > genomes/sizes.genome
Activating conda environment: .snakemake/conda/e4e8d879a2e99e8eada81c1d01b59187_
[Tue Sep 15 20:59:45 2026]
Finished job 146.
7 of 163 steps (4%) done
Select jobs to execute...
Execute 1 jobs...

[Tue Sep 15 20:59:45 2026]
localrule checkAnnotation:
    input: annotation/annotation.gff
    output: annotation/annotation_processed.gff
    jobid: 13
    reason: Missing output files: annotation/annotation_processed.gff; Input files updated by another job: annotation/annotation.gff
    resources: mem_mb=1500, mem_mib=1431, disk_mb=4000, disk_mib=3815, tmpdir=/home/qasim/hribo_work/pao1/tmp

mkdir -p annotation; HRIBO/scripts/gtf2gff3.py -a annotation/annotation.gff -o annotation/annotation_processed.gff
[Tue Sep 15 20:59:46 2026]
Finished job 52.
8 of 163 steps (5%) done
Select jobs to execute...
Execute 1 jobs...

[Tue Sep 15 20:59:46 2026]
localrule stopCodonTrack:
    input: genomes/genome.fa, genomes/genome.rev.fa
    output: tracks/potentialStopCodons.gff
    jobid: 51
    reason: Missing output files: tracks/potentialStopCodons.gff; Input files updated by another job: genomes/genome.fa, genomes/genome.rev.fa
    resources: mem_mb=1500, mem_mib=1431, disk_mb=4000, disk_mib=3815, tmpdir=/home/qasim/hribo_work/pao1/tmp

mkdir -p tracks; HRIBO/scripts/motif_to_gff.py --input_genome_fasta_filepath genomes/genome.fa --input_reverse_genome_fasta_filepath genomes/genome.rev.fa --motif_string TAG,TGA,TAA --output_gff3_filepath tracks/potentialStopCodons.gff
Activating conda environment: .snakemake/conda/b33043a0ee221fe145e7e2ea5e217947_
[Tue Sep 15 20:59:46 2026]
Finished job 16.
9 of 163 steps (6%) done
Select jobs to execute...
Execute 1 jobs...

[Tue Sep 15 20:59:46 2026]
localrule alternativeStartCodonTrack:
    input: genomes/genome.fa, genomes/genome.rev.fa
    output: tracks/potentialAlternativeStartCodons.gff
    jobid: 55
    reason: Missing output files: tracks/potentialAlternativeStartCodons.gff; Input files updated by another job: genomes/genome.fa, genomes/genome.rev.fa
    resources: mem_mb=1500, mem_mib=1431, disk_mb=4000, disk_mib=3815, tmpdir=/home/qasim/hribo_work/pao1/tmp

mkdir -p tracks; HRIBO/scripts/motif_to_gff.py --input_genome_fasta_filepath genomes/genome.fa --input_reverse_genome_fasta_filepath genomes/genome.rev.fa --motif_string GTG,TTG,CTG --output_gff3_filepath tracks/potentialAlternativeStartCodons.gff
Activating conda environment: .snakemake/conda/b33043a0ee221fe145e7e2ea5e217947_
[Tue Sep 15 20:59:46 2026]
Finished job 70.
10 of 163 steps (6%) done
Select jobs to execute...
Execute 1 jobs...

[Tue Sep 15 20:59:46 2026]
localrule startCodonTrack:
    input: genomes/genome.fa, genomes/genome.rev.fa
    output: tracks/potentialStartCodons.gff
    jobid: 53
    reason: Missing output files: tracks/potentialStartCodons.gff; Input files updated by another job: genomes/genome.fa, genomes/genome.rev.fa
    resources: mem_mb=1500, mem_mib=1431, disk_mb=4000, disk_mib=3815, tmpdir=/home/qasim/hribo_work/pao1/tmp

mkdir -p tracks; HRIBO/scripts/motif_to_gff.py --input_genome_fasta_filepath genomes/genome.fa --input_reverse_genome_fasta_filepath genomes/genome.rev.fa --motif_string ATG --output_gff3_filepath tracks/potentialStartCodons.gff
Activating conda environment: .snakemake/conda/b33043a0ee221fe145e7e2ea5e217947_
[Tue Sep 15 20:59:46 2026]
Finished job 13.
11 of 163 steps (7%) done
Select jobs to execute...
Execute 1 jobs...

[Tue Sep 15 20:59:46 2026]
localrule enrichAnnotation:
    input: annotation/annotation_processed.gff
    output: auxiliary/enriched_annotation.gff
    jobid: 39
    reason: Missing output files: auxiliary/enriched_annotation.gff; Input files updated by another job: annotation/annotation_processed.gff
    resources: mem_mb=1500, mem_mib=1431, disk_mb=4000, disk_mib=3815, tmpdir=/home/qasim/hribo_work/pao1/tmp

mkdir -p auxiliary; HRIBO/scripts/enrich_annotation.py -a annotation/annotation_processed.gff -o auxiliary/enriched_annotation.gff
Activating conda environment: .snakemake/conda/7d1806eb8cf01f4bb08bc6d776e0a631_
[Tue Sep 15 20:59:46 2026]
Finished job 53.
12 of 163 steps (7%) done
Select jobs to execute...
Execute 1 jobs...

[Tue Sep 15 20:59:46 2026]
localrule rrnaannotation:
    input: annotation/annotation_processed.gff
    output: annotation/rrna.bed
    jobid: 12
    reason: Missing output files: annotation/rrna.bed; Input files updated by another job: annotation/annotation_processed.gff
    resources: mem_mb=1500, mem_mib=1431, disk_mb=4000, disk_mib=3815, tmpdir=/home/qasim/hribo_work/pao1/tmp


        mkdir -p annotation; awk -F'\t' '$3 == "rRNA" || $3 == "tRNA"' annotation/annotation_processed.gff | awk -F'\t' '{print $1 FS $4-1 FS $5 FS "." FS "." FS $7}' > annotation/rrna.bed
        
Activating conda environment: .snakemake/conda/8a41e341253689db94c70ed2f71c4139_
[Tue Sep 15 20:59:47 2026]
Finished job 51.
13 of 163 steps (8%) done
Select jobs to execute...
Execute 1 jobs...

[Tue Sep 15 20:59:47 2026]
localrule rbsTrack:
    input: genomes/genome.fa, genomes/genome.rev.fa
    output: tracks/potentialRibosomeBindingSite.gff
    jobid: 54
    reason: Missing output files: tracks/potentialRibosomeBindingSite.gff; Input files updated by another job: genomes/genome.fa, genomes/genome.rev.fa
    resources: mem_mb=1500, mem_mib=1431, disk_mb=4000, disk_mib=3815, tmpdir=/home/qasim/hribo_work/pao1/tmp

mkdir -p tracks; HRIBO/scripts/motif_to_gff.py --input_genome_fasta_filepath genomes/genome.fa --input_reverse_genome_fasta_filepath genomes/genome.rev.fa --motif_string AAGG --output_gff3_filepath tracks/potentialRibosomeBindingSite.gff
Activating conda environment: .snakemake/conda/b33043a0ee221fe145e7e2ea5e217947_
[Tue Sep 15 20:59:47 2026]
Finished job 12.
14 of 163 steps (9%) done
Select jobs to execute...
[Tue Sep 15 20:59:47 2026]
Finished job 55.
15 of 163 steps (9%) done
[Tue Sep 15 20:59:47 2026]
Finished job 54.
16 of 163 steps (10%) done
[Tue Sep 15 20:59:47 2026]
Finished job 39.
17 of 163 steps (10%) done
Execute 1 jobs...

[Tue Sep 15 20:59:47 2026]
localrule genomeSegemehlIndex:
    input: genomes/genome.fa
    output: genomeSegemehlIndex/genome.idx
    log: logs/genomeIndex.log
    jobid: 11
    reason: Missing output files: genomeSegemehlIndex/genome.idx; Input files updated by another job: genomes/genome.fa
    threads: 8
    resources: mem_mb=1500, mem_mib=1431, disk_mb=4000, disk_mib=3815, tmpdir=/home/qasim/hribo_work/pao1/tmp

mkdir -p genomeSegemehlIndex; echo "Computing Segemehl index"; segemehl.x --threads 8 -x genomeSegemehlIndex/genome.idx -d genomes/genome.fa 2> logs/genomeIndex.log
Activating conda environment: .snakemake/conda/36cf51732b98ea60d9a0b7593ed0e69b_
Computing Segemehl index
[Tue Sep 15 20:59:51 2026]
Finished job 11.
18 of 163 steps (11%) done
Select jobs to execute...
Execute 1 jobs...

[Tue Sep 15 20:59:51 2026]
localrule trim_single:
    input: trimlink/RNA-GLY-1.fastq.gz
    output: trimmed/RNA-GLY-1.fastq
    jobid: 25
    reason: Missing output files: trimmed/RNA-GLY-1.fastq; Input files updated by another job: trimlink/RNA-GLY-1.fastq.gz
    wildcards: method=RNA, condition=GLY, replicate=1
    threads: 8
    resources: mem_mb=1500, mem_mib=1431, disk_mb=4000, disk_mib=3815, tmpdir=/home/qasim/hribo_work/pao1/tmp

mkdir -p trimmed; cutadapt -j 8  -a AGATCGGAAGAGCACACGTCTGAACTCCAGTCAC   -q 20 --trim-n   -m 10  -o trimmed/RNA-GLY-1.fastq trimlink/RNA-GLY-1.fastq.gz
Activating conda environment: .snakemake/conda/43b30da5ce08f3e3cf99cb13c6367f13_
This is cutadapt 4.4 with Python 3.10.21
Command line parameters: -j 8 -a AGATCGGAAGAGCACACGTCTGAACTCCAGTCAC -q 20 --trim-n -m 10 -o trimmed/RNA-GLY-1.fastq trimlink/RNA-GLY-1.fastq.gz
Processing single-end reads on 8 cores ...
Finished in 24.833 s (2.531 µs/read; 23.71 M reads/minute).

=== Summary ===

Total reads processed:               9,811,418
Reads with adapters:                 8,977,171 (91.5%)

== Read fate breakdown ==
Reads that were too short:              46,550 (0.5%)
Reads written (passing filters):     9,764,868 (99.5%)

Total basepairs processed:   490,570,900 bp
Quality-trimmed:               2,195,950 bp (0.4%)
Total written (filtered):    333,390,503 bp (68.0%)

=== Adapter 1 ===

Sequence: AGATCGGAAGAGCACACGTCTGAACTCCAGTCAC; Type: regular 3'; Length: 34; Trimmed: 8977171 times

Minimum overlap: 3
No. of allowed errors:
1-9 bp: 0; 10-19 bp: 1; 20-29 bp: 2; 30-34 bp: 3

Bases preceding removed adapters:
  A: 19.6%
  C: 26.2%
  G: 35.3%
  T: 18.9%
  none/other: 0.0%

Overview of removed sequences
length	count	expect	max.err	error counts
3	140745	153303.4	0	140745
4	153995	38325.9	0	153995
5	182545	9581.5	0	182545
6	224534	2395.4	0	224534
7	260134	598.8	0	260134
8	292647	149.7	0	292647
9	346735	37.4	0	343865 2870
10	450049	9.4	1	425069 24980
11	395896	2.3	1	370959 24937
12	410660	0.6	1	382579 28081
13	407931	0.1	1	379429 28502
14	425123	0.0	1	391896 33227
15	394684	0.0	1	364624 30060
16	361157	0.0	1	333363 27794
17	377865	0.0	1	347747 30118
18	378102	0.0	1	347823 29994 285
19	385203	0.0	1	350985 33581 637
20	355990	0.0	2	320098 32714 3178
21	355452	0.0	2	317413 33652 4387
22	323957	0.0	2	287846 32164 3947
23	314993	0.0	2	277493 33110 4390
24	298180	0.0	2	263669 30302 4209
25	297123	0.0	2	261008 31383 4732
26	242909	0.0	2	213298 26009 3602
27	206232	0.0	2	179866 23044 3267 55
28	185320	0.0	2	161920 20640 2696 64
29	158894	0.0	2	138002 18385 2394 113
30	132201	0.0	3	114578 15009 2095 519
31	117671	0.0	3	100080 14876 2105 610
32	88734	0.0	3	75982 10812 1576 364
33	70080	0.0	3	59407 9094 1278 301
34	57932	0.0	3	49533 7123 1057 219
35	44931	0.0	3	37725 5803 1131 272
36	35584	0.0	3	29809 4642 923 210
37	29057	0.0	3	24745 3483 676 153
38	20564	0.0	3	17211 2670 561 122
39	17911	0.0	3	15137 2225 463 86
40	13582	0.0	3	11413 1757 332 80
41	8004	0.0	3	6699 1063 210 32
42	5526	0.0	3	4621 722 144 39
43	3394	0.0	3	2886 418 81 9
44	1775	0.0	3	1484 245 40 6
45	853	0.0	3	707 121 21 4
46	625	0.0	3	512 88 18 7
47	459	0.0	3	271 138 40 10
48	365	0.0	3	223 103 29 10
49	478	0.0	3	267 127 64 20
50	390	0.0	3	215 116 49 10
[Tue Sep 15 21:00:16 2026]
Finished job 25.
19 of 163 steps (12%) done
Select jobs to execute...
Execute 1 jobs...

[Tue Sep 15 21:00:16 2026]
localrule map:
    input: trimmed/RNA-GLY-1.fastq, genomes/genome.fa, genomeSegemehlIndex/genome.idx
    output: sammulti/RNA-GLY-1.sam
    log: logs/RNA-GLY-1_segemehl.log
    jobid: 28
    reason: Missing output files: sammulti/RNA-GLY-1.sam; Input files updated by another job: genomeSegemehlIndex/genome.idx, genomes/genome.fa, trimmed/RNA-GLY-1.fastq
    wildcards: method=RNA, condition=GLY, replicate=1
    threads: 8
    resources: mem_mb=1500, mem_mib=1431, disk_mb=4000, disk_mib=3815, tmpdir=/home/qasim/hribo_work/pao1/tmp


        mkdir -p sammulti; segemehl.x -e -d genomes/genome.fa -i genomeSegemehlIndex/genome.idx -q trimmed/RNA-GLY-1.fastq --threads 8 -o sammulti/RNA-GLY-1.sam 2> logs/RNA-GLY-1_segemehl.log
        
Activating conda environment: .snakemake/conda/36cf51732b98ea60d9a0b7593ed0e69b_
[Tue Sep 15 21:08:12 2026]
Finished job 28.
20 of 163 steps (12%) done
Select jobs to execute...
Execute 1 jobs...

[Tue Sep 15 21:08:12 2026]
localrule fastqcmulti:
    input: sammulti/RNA-GLY-1.sam
    output: qc/3mapped/RNA-GLY-1-map_fastqc.html, qc/3mapped/RNA-GLY-1-map_fastqc.zip
    jobid: 27
    reason: Missing output files: qc/3mapped/RNA-GLY-1-map_fastqc.html; Input files updated by another job: sammulti/RNA-GLY-1.sam
    wildcards: method=RNA, condition=GLY, replicate=1
    threads: 8
    resources: mem_mb=1500, mem_mib=1431, disk_mb=4000, disk_mib=3815, tmpdir=/home/qasim/hribo_work/pao1/tmp

mkdir -p qc/3mapped; fastqc -o qc/3mapped -t 8 -f sam_mapped sammulti/RNA-GLY-1.sam; mv qc/3mapped/RNA-GLY-1_fastqc.html qc/3mapped/RNA-GLY-1-map_fastqc.html; mv qc/3mapped/RNA-GLY-1_fastqc.zip qc/3mapped/RNA-GLY-1-map_fastqc.zip
Activating conda environment: .snakemake/conda/5b4d927bb74a0bfad74ab2e26c8a2a2c_
Started analysis of RNA-GLY-1.sam
Approx 5% complete for RNA-GLY-1.sam
Approx 10% complete for RNA-GLY-1.sam
Approx 15% complete for RNA-GLY-1.sam
Approx 20% complete for RNA-GLY-1.sam
Approx 25% complete for RNA-GLY-1.sam
Approx 30% complete for RNA-GLY-1.sam
Approx 35% complete for RNA-GLY-1.sam
Approx 40% complete for RNA-GLY-1.sam
Approx 45% complete for RNA-GLY-1.sam
Approx 50% complete for RNA-GLY-1.sam
Approx 55% complete for RNA-GLY-1.sam
Approx 60% complete for RNA-GLY-1.sam
Approx 65% complete for RNA-GLY-1.sam
Approx 70% complete for RNA-GLY-1.sam
Approx 75% complete for RNA-GLY-1.sam
Approx 80% complete for RNA-GLY-1.sam
Approx 85% complete for RNA-GLY-1.sam
Approx 90% complete for RNA-GLY-1.sam
Approx 95% complete for RNA-GLY-1.sam
Analysis complete for RNA-GLY-1.sam
[Tue Sep 15 21:10:05 2026]
Finished job 27.
21 of 163 steps (13%) done
Select jobs to execute...
Execute 1 jobs...

[Tue Sep 15 21:10:05 2026]
localrule sammultitobam:
    input: sammulti/RNA-GLY-1.sam
    output: bammulti/RNA-GLY-1.bam
    jobid: 46
    reason: Missing output files: bammulti/RNA-GLY-1.bam; Input files updated by another job: sammulti/RNA-GLY-1.sam
    wildcards: method=RNA, condition=GLY, replicate=1
    threads: 8
    resources: mem_mb=1500, mem_mib=1431, disk_mb=4000, disk_mib=3815, tmpdir=/home/qasim/hribo_work/pao1/tmp

mkdir -p bammulti; samtools view -@ 8 -bh sammulti/RNA-GLY-1.sam | samtools sort -@ 8 -o bammulti/RNA-GLY-1.bam -O bam
Activating conda environment: .snakemake/conda/e4e8d879a2e99e8eada81c1d01b59187_
[bam_sort_core] merging from 0 files and 8 in-memory blocks...
[Tue Sep 15 21:11:37 2026]
Finished job 46.
22 of 163 steps (13%) done
Select jobs to execute...
Execute 1 jobs...

[Tue Sep 15 21:11:37 2026]
localrule samuniq:
    input: sammulti/RNA-GLY-1.sam
    output: sam/RNA-GLY-1.rawsam
    jobid: 32
    reason: Missing output files: sam/RNA-GLY-1.rawsam; Input files updated by another job: sammulti/RNA-GLY-1.sam
    wildcards: method=RNA, condition=GLY, replicate=1
    threads: 8
    resources: mem_mb=1500, mem_mib=1431, disk_mb=4000, disk_mib=3815, tmpdir=/home/qasim/hribo_work/pao1/tmp


        set +e
        mkdir -p sam
        awk '$2 != "4"' sammulti/RNA-GLY-1.sam > sammulti/RNA-GLY-1.sam.mapped
        samtools view -H <(cat sammulti/RNA-GLY-1.sam) | grep '@HD' > sam/RNA-GLY-1.rawsam
        samtools view -H <(cat sammulti/RNA-GLY-1.sam) | grep '@SQ' | sort -t$'	' -k1,1 -k2,2V >> sam/RNA-GLY-1.rawsam
        samtools view -H <(cat sammulti/RNA-GLY-1.sam) | grep '@RG' >> sam/RNA-GLY-1.rawsam
        samtools view -H <(cat sammulti/RNA-GLY-1.sam) | grep '@PG' >> sam/RNA-GLY-1.rawsam
        cat sammulti/RNA-GLY-1.sam.mapped |grep -v '^@' | grep -w 'NH:i:1' >> sam/RNA-GLY-1.rawsam
        exitcode=$?
        if [ $exitcode -eq 1 ]
        then
            exit 1
        else
            exit 0
        fi
        
Activating conda environment: .snakemake/conda/e4e8d879a2e99e8eada81c1d01b59187_
[Tue Sep 15 21:13:20 2026]
Finished job 32.
23 of 163 steps (14%) done
Removing temporary output sammulti/RNA-GLY-1.sam.
Select jobs to execute...
Execute 1 jobs...

[Tue Sep 15 21:13:21 2026]
localrule fastqctrimmed_single:
    input: trimmed/RNA-GLY-1.fastq
    output: qc/2trimmed/RNA-GLY-1-trimmed_fastqc.html, qc/2trimmed/RNA-GLY-1-trimmed_fastqc.zip
    jobid: 24
    reason: Missing output files: qc/2trimmed/RNA-GLY-1-trimmed_fastqc.html; Input files updated by another job: trimmed/RNA-GLY-1.fastq
    wildcards: method=RNA, condition=GLY, replicate=1
    threads: 8
    resources: mem_mb=1500, mem_mib=1431, disk_mb=4000, disk_mib=3815, tmpdir=/home/qasim/hribo_work/pao1/tmp

mkdir -p qc/2trimmed; fastqc -o qc/2trimmed -t 8 trimmed/RNA-GLY-1.fastq; mv qc/2trimmed/RNA-GLY-1_fastqc.html qc/2trimmed/RNA-GLY-1-trimmed_fastqc.html; mv qc/2trimmed/RNA-GLY-1_fastqc.zip qc/2trimmed/RNA-GLY-1-trimmed_fastqc.zip
Activating conda environment: .snakemake/conda/5b4d927bb74a0bfad74ab2e26c8a2a2c_
null
Started analysis of RNA-GLY-1.fastq
Approx 5% complete for RNA-GLY-1.fastq
Approx 10% complete for RNA-GLY-1.fastq
Approx 15% complete for RNA-GLY-1.fastq
Approx 20% complete for RNA-GLY-1.fastq
Approx 25% complete for RNA-GLY-1.fastq
Approx 30% complete for RNA-GLY-1.fastq
Approx 35% complete for RNA-GLY-1.fastq
Approx 40% complete for RNA-GLY-1.fastq
Approx 45% complete for RNA-GLY-1.fastq
Approx 50% complete for RNA-GLY-1.fastq
Approx 55% complete for RNA-GLY-1.fastq
Approx 60% complete for RNA-GLY-1.fastq
Approx 65% complete for RNA-GLY-1.fastq
Approx 70% complete for RNA-GLY-1.fastq
Approx 75% complete for RNA-GLY-1.fastq
Approx 80% complete for RNA-GLY-1.fastq
Approx 85% complete for RNA-GLY-1.fastq
Approx 90% complete for RNA-GLY-1.fastq
Approx 95% complete for RNA-GLY-1.fastq
Analysis complete for RNA-GLY-1.fastq
[Tue Sep 15 21:13:40 2026]
Finished job 24.
24 of 163 steps (15%) done
Select jobs to execute...
Execute 1 jobs...

[Tue Sep 15 21:13:40 2026]
localrule totalmappedbamindex:
    input: bammulti/RNA-GLY-1.bam, genomes/sizes.genome
    output: bammulti/RNA-GLY-1.bam.bai
    jobid: 59
    reason: Missing output files: bammulti/RNA-GLY-1.bam.bai; Input files updated by another job: bammulti/RNA-GLY-1.bam, genomes/sizes.genome
    wildcards: method=RNA, condition=GLY, replicate=1
    threads: 8
    resources: mem_mb=1500, mem_mib=1431, disk_mb=4000, disk_mib=3815, tmpdir=/home/qasim/hribo_work/pao1/tmp

samtools index -@ 8 bammulti/RNA-GLY-1.bam
Activating conda environment: .snakemake/conda/e4e8d879a2e99e8eada81c1d01b59187_
[Tue Sep 15 21:13:45 2026]
Finished job 59.
25 of 163 steps (15%) done
Select jobs to execute...
Execute 1 jobs...

[Tue Sep 15 21:13:45 2026]
localrule fastqcraw_single:
    input: trimlink/RIBO-GLY-1.fastq.gz
    output: qc/1raw/RIBO-GLY-1-raw_fastqc.html, qc/1raw/RIBO-GLY-1-raw_fastqc.zip
    jobid: 20
    reason: Missing output files: qc/1raw/RIBO-GLY-1-raw_fastqc.html; Input files updated by another job: trimlink/RIBO-GLY-1.fastq.gz
    wildcards: method=RIBO, condition=GLY, replicate=1
    threads: 8
    resources: mem_mb=1500, mem_mib=1431, disk_mb=4000, disk_mib=3815, tmpdir=/home/qasim/hribo_work/pao1/tmp

mkdir -p qc/1raw; fastqc -o qc/1raw -t 8 trimlink/RIBO-GLY-1.fastq.gz; mv qc/1raw/RIBO-GLY-1_fastqc.html qc/1raw/RIBO-GLY-1-raw_fastqc.html; mv qc/1raw/RIBO-GLY-1_fastqc.zip qc/1raw/RIBO-GLY-1-raw_fastqc.zip
Activating conda environment: .snakemake/conda/5b4d927bb74a0bfad74ab2e26c8a2a2c_
application/gzip
Started analysis of RIBO-GLY-1.fastq.gz
Approx 5% complete for RIBO-GLY-1.fastq.gz
Approx 10% complete for RIBO-GLY-1.fastq.gz
Approx 15% complete for RIBO-GLY-1.fastq.gz
Approx 20% complete for RIBO-GLY-1.fastq.gz
Approx 25% complete for RIBO-GLY-1.fastq.gz
Approx 30% complete for RIBO-GLY-1.fastq.gz
Approx 35% complete for RIBO-GLY-1.fastq.gz
Approx 40% complete for RIBO-GLY-1.fastq.gz
Approx 45% complete for RIBO-GLY-1.fastq.gz
Approx 50% complete for RIBO-GLY-1.fastq.gz
Approx 55% complete for RIBO-GLY-1.fastq.gz
Approx 60% complete for RIBO-GLY-1.fastq.gz
Approx 65% complete for RIBO-GLY-1.fastq.gz
Approx 70% complete for RIBO-GLY-1.fastq.gz
Approx 75% complete for RIBO-GLY-1.fastq.gz
Approx 80% complete for RIBO-GLY-1.fastq.gz
Approx 85% complete for RIBO-GLY-1.fastq.gz
Approx 90% complete for RIBO-GLY-1.fastq.gz
Approx 95% complete for RIBO-GLY-1.fastq.gz
Analysis complete for RIBO-GLY-1.fastq.gz
[Tue Sep 15 21:13:58 2026]
Finished job 20.
26 of 163 steps (16%) done
Select jobs to execute...
Execute 1 jobs...

[Tue Sep 15 21:13:58 2026]
localrule fastqcraw_single:
    input: trimlink/RNA-GLY-1.fastq.gz
    output: qc/1raw/RNA-GLY-1-raw_fastqc.html, qc/1raw/RNA-GLY-1-raw_fastqc.zip
    jobid: 22
    reason: Missing output files: qc/1raw/RNA-GLY-1-raw_fastqc.html; Input files updated by another job: trimlink/RNA-GLY-1.fastq.gz
    wildcards: method=RNA, condition=GLY, replicate=1
    threads: 8
    resources: mem_mb=1500, mem_mib=1431, disk_mb=4000, disk_mib=3815, tmpdir=/home/qasim/hribo_work/pao1/tmp

mkdir -p qc/1raw; fastqc -o qc/1raw -t 8 trimlink/RNA-GLY-1.fastq.gz; mv qc/1raw/RNA-GLY-1_fastqc.html qc/1raw/RNA-GLY-1-raw_fastqc.html; mv qc/1raw/RNA-GLY-1_fastqc.zip qc/1raw/RNA-GLY-1-raw_fastqc.zip
Activating conda environment: .snakemake/conda/5b4d927bb74a0bfad74ab2e26c8a2a2c_
application/gzip
Started analysis of RNA-GLY-1.fastq.gz
Approx 5% complete for RNA-GLY-1.fastq.gz
Approx 10% complete for RNA-GLY-1.fastq.gz
Approx 15% complete for RNA-GLY-1.fastq.gz
Approx 20% complete for RNA-GLY-1.fastq.gz
Approx 25% complete for RNA-GLY-1.fastq.gz
Approx 30% complete for RNA-GLY-1.fastq.gz
Approx 35% complete for RNA-GLY-1.fastq.gz
Approx 40% complete for RNA-GLY-1.fastq.gz
Approx 45% complete for RNA-GLY-1.fastq.gz
Approx 50% complete for RNA-GLY-1.fastq.gz
Approx 55% complete for RNA-GLY-1.fastq.gz
Approx 60% complete for RNA-GLY-1.fastq.gz
Approx 65% complete for RNA-GLY-1.fastq.gz
Approx 70% complete for RNA-GLY-1.fastq.gz
Approx 75% complete for RNA-GLY-1.fastq.gz
Approx 80% complete for RNA-GLY-1.fastq.gz
Approx 85% complete for RNA-GLY-1.fastq.gz
Approx 90% complete for RNA-GLY-1.fastq.gz
Approx 95% complete for RNA-GLY-1.fastq.gz
Analysis complete for RNA-GLY-1.fastq.gz
[Tue Sep 15 21:14:18 2026]
Finished job 22.
27 of 163 steps (17%) done
Select jobs to execute...
Execute 1 jobs...

[Tue Sep 15 21:14:18 2026]
localrule trim_single:
    input: trimlink/RIBO-GLY-1.fastq.gz
    output: trimmed/RIBO-GLY-1.fastq
    jobid: 8
    reason: Missing output files: trimmed/RIBO-GLY-1.fastq; Input files updated by another job: trimlink/RIBO-GLY-1.fastq.gz
    wildcards: method=RIBO, condition=GLY, replicate=1
    threads: 8
    resources: mem_mb=1500, mem_mib=1431, disk_mb=4000, disk_mib=3815, tmpdir=/home/qasim/hribo_work/pao1/tmp

mkdir -p trimmed; cutadapt -j 8  -a AGATCGGAAGAGCACACGTCTGAACTCCAGTCAC   -q 20 --trim-n   -m 10  -o trimmed/RIBO-GLY-1.fastq trimlink/RIBO-GLY-1.fastq.gz
Activating conda environment: .snakemake/conda/43b30da5ce08f3e3cf99cb13c6367f13_
This is cutadapt 4.4 with Python 3.10.21
Command line parameters: -j 8 -a AGATCGGAAGAGCACACGTCTGAACTCCAGTCAC -q 20 --trim-n -m 10 -o trimmed/RIBO-GLY-1.fastq trimlink/RIBO-GLY-1.fastq.gz
Processing single-end reads on 8 cores ...
Finished in 16.989 s (2.298 µs/read; 26.11 M reads/minute).

=== Summary ===

Total reads processed:               7,394,173
Reads with adapters:                 7,072,518 (95.6%)

== Read fate breakdown ==
Reads that were too short:              52,461 (0.7%)
Reads written (passing filters):     7,341,712 (99.3%)

Total basepairs processed:   369,708,650 bp
Quality-trimmed:               3,422,992 bp (0.9%)
Total written (filtered):    197,709,196 bp (53.5%)

=== Adapter 1 ===

Sequence: AGATCGGAAGAGCACACGTCTGAACTCCAGTCAC; Type: regular 3'; Length: 34; Trimmed: 7072518 times

Minimum overlap: 3
No. of allowed errors:
1-9 bp: 0; 10-19 bp: 1; 20-29 bp: 2; 30-34 bp: 3

Bases preceding removed adapters:
  A: 8.3%
  C: 16.2%
  G: 66.8%
  T: 8.7%
  none/other: 0.0%

Overview of removed sequences
length	count	expect	max.err	error counts
3	32428	115534.0	0	32428
4	14376	28883.5	0	14376
5	26606	7220.9	0	26606
6	32758	1805.2	0	32758
7	33496	451.3	0	33496
8	41682	112.8	0	41682
9	79722	28.2	0	79140 582
10	67234	7.1	1	63249 3985
11	61947	1.8	1	56576 5371
12	46402	0.4	1	42739 3663
13	48506	0.1	1	44392 4114
14	56779	0.0	1	51198 5581
15	47369	0.0	1	42156 5213
16	46889	0.0	1	42592 4297
17	44269	0.0	1	38625 5644
18	41304	0.0	1	37386 3886 32
19	44373	0.0	1	38450 5791 132
20	54944	0.0	2	44937 7432 2575
21	71850	0.0	2	54004 12320 5526
22	256093	0.0	2	221112 28182 6799
23	188280	0.0	2	149632 28042 10606
24	181828	0.0	2	137335 32331 12162
25	4824367	0.0	2	4317782 447060 59525
26	234207	0.0	2	201742 27607 4858
27	125702	0.0	2	102649 18468 4554 31
28	37039	0.0	2	31477 4696 856 10
29	34629	0.0	2	29490 4284 828 27
30	39123	0.0	3	33680 4548 678 217
31	30380	0.0	3	25452 4074 637 217
32	34844	0.0	3	29581 4341 732 190
33	32659	0.0	3	27565 4245 670 179
34	27568	0.0	3	23216 3604 590 158
35	27286	0.0	3	22781 3656 683 166
36	22790	0.0	3	18928 3101 608 153
37	19141	0.0	3	16190 2391 445 115
38	19144	0.0	3	16079 2482 478 105
39	11882	0.0	3	9884 1579 343 76
40	8918	0.0	3	7466 1146 240 66
41	5505	0.0	3	4597 728 148 32
42	4442	0.0	3	3726 581 103 32
43	2033	0.0	3	1687 270 61 15
44	1418	0.0	3	1200 171 38 9
45	672	0.0	3	560 89 18 5
46	557	0.0	3	391 137 19 10
47	2358	0.0	3	1427 690 203 38
48	3396	0.0	3	2149 933 258 56
49	2108	0.0	3	1148 643 260 57
50	1215	0.0	3	688 359 135 33
[Tue Sep 15 21:14:36 2026]
Finished job 8.
28 of 163 steps (17%) done
Select jobs to execute...
Execute 1 jobs...

[Tue Sep 15 21:14:36 2026]
localrule map:
    input: trimmed/RIBO-GLY-1.fastq, genomes/genome.fa, genomeSegemehlIndex/genome.idx
    output: sammulti/RIBO-GLY-1.sam
    log: logs/RIBO-GLY-1_segemehl.log
    jobid: 7
    reason: Missing output files: sammulti/RIBO-GLY-1.sam; Input files updated by another job: trimmed/RIBO-GLY-1.fastq, genomes/genome.fa, genomeSegemehlIndex/genome.idx
    wildcards: method=RIBO, condition=GLY, replicate=1
    threads: 8
    resources: mem_mb=1500, mem_mib=1431, disk_mb=4000, disk_mib=3815, tmpdir=/home/qasim/hribo_work/pao1/tmp


        mkdir -p sammulti; segemehl.x -e -d genomes/genome.fa -i genomeSegemehlIndex/genome.idx -q trimmed/RIBO-GLY-1.fastq --threads 8 -o sammulti/RIBO-GLY-1.sam 2> logs/RIBO-GLY-1_segemehl.log
        
Activating conda environment: .snakemake/conda/36cf51732b98ea60d9a0b7593ed0e69b_
[Tue Sep 15 21:19:24 2026]
Finished job 7.
29 of 163 steps (18%) done
Removing temporary output genomeSegemehlIndex/genome.idx.
Select jobs to execute...
Execute 1 jobs...

[Tue Sep 15 21:19:25 2026]
localrule samuniq:
    input: sammulti/RIBO-GLY-1.sam
    output: sam/RIBO-GLY-1.rawsam
    jobid: 6
    reason: Missing output files: sam/RIBO-GLY-1.rawsam; Input files updated by another job: sammulti/RIBO-GLY-1.sam
    wildcards: method=RIBO, condition=GLY, replicate=1
    threads: 8
    resources: mem_mb=1500, mem_mib=1431, disk_mb=4000, disk_mib=3815, tmpdir=/home/qasim/hribo_work/pao1/tmp


        set +e
        mkdir -p sam
        awk '$2 != "4"' sammulti/RIBO-GLY-1.sam > sammulti/RIBO-GLY-1.sam.mapped
        samtools view -H <(cat sammulti/RIBO-GLY-1.sam) | grep '@HD' > sam/RIBO-GLY-1.rawsam
        samtools view -H <(cat sammulti/RIBO-GLY-1.sam) | grep '@SQ' | sort -t$'	' -k1,1 -k2,2V >> sam/RIBO-GLY-1.rawsam
        samtools view -H <(cat sammulti/RIBO-GLY-1.sam) | grep '@RG' >> sam/RIBO-GLY-1.rawsam
        samtools view -H <(cat sammulti/RIBO-GLY-1.sam) | grep '@PG' >> sam/RIBO-GLY-1.rawsam
        cat sammulti/RIBO-GLY-1.sam.mapped |grep -v '^@' | grep -w 'NH:i:1' >> sam/RIBO-GLY-1.rawsam
        exitcode=$?
        if [ $exitcode -eq 1 ]
        then
            exit 1
        else
            exit 0
        fi
        
Activating conda environment: .snakemake/conda/e4e8d879a2e99e8eada81c1d01b59187_
[Tue Sep 15 21:20:28 2026]
Finished job 6.
30 of 163 steps (18%) done
Select jobs to execute...
Execute 1 jobs...

[Tue Sep 15 21:20:29 2026]
localrule fastqcmulti:
    input: sammulti/RIBO-GLY-1.sam
    output: qc/3mapped/RIBO-GLY-1-map_fastqc.html, qc/3mapped/RIBO-GLY-1-map_fastqc.zip
    jobid: 26
    reason: Missing output files: qc/3mapped/RIBO-GLY-1-map_fastqc.html; Input files updated by another job: sammulti/RIBO-GLY-1.sam
    wildcards: method=RIBO, condition=GLY, replicate=1
    threads: 8
    resources: mem_mb=1500, mem_mib=1431, disk_mb=4000, disk_mib=3815, tmpdir=/home/qasim/hribo_work/pao1/tmp

mkdir -p qc/3mapped; fastqc -o qc/3mapped -t 8 -f sam_mapped sammulti/RIBO-GLY-1.sam; mv qc/3mapped/RIBO-GLY-1_fastqc.html qc/3mapped/RIBO-GLY-1-map_fastqc.html; mv qc/3mapped/RIBO-GLY-1_fastqc.zip qc/3mapped/RIBO-GLY-1-map_fastqc.zip
Activating conda environment: .snakemake/conda/5b4d927bb74a0bfad74ab2e26c8a2a2c_
Started analysis of RIBO-GLY-1.sam
Approx 5% complete for RIBO-GLY-1.sam
Approx 10% complete for RIBO-GLY-1.sam
Approx 15% complete for RIBO-GLY-1.sam
Approx 20% complete for RIBO-GLY-1.sam
Approx 25% complete for RIBO-GLY-1.sam
Approx 30% complete for RIBO-GLY-1.sam
Approx 35% complete for RIBO-GLY-1.sam
Approx 40% complete for RIBO-GLY-1.sam
Approx 45% complete for RIBO-GLY-1.sam
Approx 50% complete for RIBO-GLY-1.sam
Approx 55% complete for RIBO-GLY-1.sam
Approx 60% complete for RIBO-GLY-1.sam
Approx 65% complete for RIBO-GLY-1.sam
Approx 70% complete for RIBO-GLY-1.sam
Approx 75% complete for RIBO-GLY-1.sam
Approx 80% complete for RIBO-GLY-1.sam
Approx 85% complete for RIBO-GLY-1.sam
Approx 90% complete for RIBO-GLY-1.sam
Approx 95% complete for RIBO-GLY-1.sam
Analysis complete for RIBO-GLY-1.sam
[Tue Sep 15 21:21:39 2026]
Finished job 26.
31 of 163 steps (19%) done
Select jobs to execute...
Execute 1 jobs...

[Tue Sep 15 21:21:39 2026]
localrule sammultitobam:
    input: sammulti/RIBO-GLY-1.sam
    output: bammulti/RIBO-GLY-1.bam
    jobid: 44
    reason: Missing output files: bammulti/RIBO-GLY-1.bam; Input files updated by another job: sammulti/RIBO-GLY-1.sam
    wildcards: method=RIBO, condition=GLY, replicate=1
    threads: 8
    resources: mem_mb=1500, mem_mib=1431, disk_mb=4000, disk_mib=3815, tmpdir=/home/qasim/hribo_work/pao1/tmp

mkdir -p bammulti; samtools view -@ 8 -bh sammulti/RIBO-GLY-1.sam | samtools sort -@ 8 -o bammulti/RIBO-GLY-1.bam -O bam
Activating conda environment: .snakemake/conda/e4e8d879a2e99e8eada81c1d01b59187_
[bam_sort_core] merging from 0 files and 8 in-memory blocks...
[Tue Sep 15 21:22:18 2026]
Finished job 44.
32 of 163 steps (20%) done
Removing temporary output sammulti/RIBO-GLY-1.sam.
Select jobs to execute...
Execute 1 jobs...

[Tue Sep 15 21:22:18 2026]
localrule fastqctrimmed_single:
    input: trimmed/RIBO-GLY-1.fastq
    output: qc/2trimmed/RIBO-GLY-1-trimmed_fastqc.html, qc/2trimmed/RIBO-GLY-1-trimmed_fastqc.zip
    jobid: 21
    reason: Missing output files: qc/2trimmed/RIBO-GLY-1-trimmed_fastqc.html; Input files updated by another job: trimmed/RIBO-GLY-1.fastq
    wildcards: method=RIBO, condition=GLY, replicate=1
    threads: 8
    resources: mem_mb=1500, mem_mib=1431, disk_mb=4000, disk_mib=3815, tmpdir=/home/qasim/hribo_work/pao1/tmp

mkdir -p qc/2trimmed; fastqc -o qc/2trimmed -t 8 trimmed/RIBO-GLY-1.fastq; mv qc/2trimmed/RIBO-GLY-1_fastqc.html qc/2trimmed/RIBO-GLY-1-trimmed_fastqc.html; mv qc/2trimmed/RIBO-GLY-1_fastqc.zip qc/2trimmed/RIBO-GLY-1-trimmed_fastqc.zip
Activating conda environment: .snakemake/conda/5b4d927bb74a0bfad74ab2e26c8a2a2c_
null
Started analysis of RIBO-GLY-1.fastq
Approx 5% complete for RIBO-GLY-1.fastq
Approx 10% complete for RIBO-GLY-1.fastq
Approx 15% complete for RIBO-GLY-1.fastq
Approx 20% complete for RIBO-GLY-1.fastq
Approx 25% complete for RIBO-GLY-1.fastq
Approx 30% complete for RIBO-GLY-1.fastq
Approx 35% complete for RIBO-GLY-1.fastq
Approx 40% complete for RIBO-GLY-1.fastq
Approx 45% complete for RIBO-GLY-1.fastq
Approx 50% complete for RIBO-GLY-1.fastq
Approx 55% complete for RIBO-GLY-1.fastq
Approx 60% complete for RIBO-GLY-1.fastq
Approx 65% complete for RIBO-GLY-1.fastq
Approx 70% complete for RIBO-GLY-1.fastq
Approx 75% complete for RIBO-GLY-1.fastq
Approx 80% complete for RIBO-GLY-1.fastq
Approx 85% complete for RIBO-GLY-1.fastq
Approx 90% complete for RIBO-GLY-1.fastq
Approx 95% complete for RIBO-GLY-1.fastq
Analysis complete for RIBO-GLY-1.fastq
[Tue Sep 15 21:22:31 2026]
Finished job 21.
33 of 163 steps (20%) done
Select jobs to execute...
Execute 1 jobs...

[Tue Sep 15 21:22:31 2026]
localrule totalmappedbamindex:
    input: bammulti/RIBO-GLY-1.bam, genomes/sizes.genome
    output: bammulti/RIBO-GLY-1.bam.bai
    jobid: 58
    reason: Missing output files: bammulti/RIBO-GLY-1.bam.bai; Input files updated by another job: genomes/sizes.genome, bammulti/RIBO-GLY-1.bam
    wildcards: method=RIBO, condition=GLY, replicate=1
    threads: 8
    resources: mem_mb=1500, mem_mib=1431, disk_mb=4000, disk_mib=3815, tmpdir=/home/qasim/hribo_work/pao1/tmp

samtools index -@ 8 bammulti/RIBO-GLY-1.bam
Activating conda environment: .snakemake/conda/e4e8d879a2e99e8eada81c1d01b59187_
[Tue Sep 15 21:22:35 2026]
Finished job 58.
34 of 163 steps (21%) done
Select jobs to execute...
Execute 4 jobs...

[Tue Sep 15 21:22:35 2026]
localrule totalMappedReads:
    input: bammulti/RIBO-GLY-1.bam, bammulti/RNA-GLY-1.bam, bammulti/RIBO-GLY-1.bam.bai, bammulti/RNA-GLY-1.bam.bai
    output: readcounts/total_mapped_reads.txt, readcounts/total_average_read_lengths.txt
    jobid: 57
    reason: Missing output files: readcounts/total_mapped_reads.txt; Input files updated by another job: bammulti/RIBO-GLY-1.bam.bai, bammulti/RNA-GLY-1.bam, bammulti/RNA-GLY-1.bam.bai, bammulti/RIBO-GLY-1.bam
    resources: mem_mb=1500, mem_mib=1431, disk_mb=4000, disk_mib=3815, tmpdir=/home/qasim/hribo_work/pao1/tmp

mkdir -p readcounts; HRIBO/scripts/total_mapped_reads.py -b bammulti/RIBO-GLY-1.bam bammulti/RNA-GLY-1.bam -m readcounts/total_mapped_reads.txt -l readcounts/total_average_read_lengths.txt
Activating conda environment: .snakemake/conda/0d091559bc1801de38f96410c86a9fde_

[Tue Sep 15 21:22:35 2026]
localrule samstrandswap:
    input: sam/RIBO-GLY-1.rawsam
    output: sam/RIBO-GLY-1.sam
    jobid: 5
    reason: Missing output files: sam/RIBO-GLY-1.sam; Input files updated by another job: sam/RIBO-GLY-1.rawsam
    wildcards: method=RIBO, condition=GLY, replicate=1
    resources: mem_mb=1500, mem_mib=1431, disk_mb=4000, disk_mib=3815, tmpdir=/home/qasim/hribo_work/pao1/tmp

if [ "RIBO" == "NOTSET" ]; then HRIBO/scripts/sam_strand_inverter.py --sam_in_filepath=sam/RIBO-GLY-1.rawsam --sam_out_filepath=sam/RIBO-GLY-1.sam; else cp sam/RIBO-GLY-1.rawsam sam/RIBO-GLY-1.sam; fi

[Tue Sep 15 21:22:35 2026]
localrule unambigousAnnotation:
    input: auxiliary/enriched_annotation.gff
    output: auxiliary/unambigous_annotation.gff
    jobid: 38
    reason: Missing output files: auxiliary/unambigous_annotation.gff; Input files updated by another job: auxiliary/enriched_annotation.gff
    resources: mem_mb=1500, mem_mib=1431, disk_mb=4000, disk_mib=3815, tmpdir=/home/qasim/hribo_work/pao1/tmp


        mkdir -p auxiliary;
        awk -F'\t' '/^[^#]/ {printf "%s\t%s\t%s\t%s\t%s\t%s\t%s\t%s\tID=uid%s;\n", $1, $2, $3, $4, $5, $6, $7, $8, NR-1}' auxiliary/enriched_annotation.gff > auxiliary/unambigous_annotation.gff
        
Activating conda environment: .snakemake/conda/7d1806eb8cf01f4bb08bc6d776e0a631_

[Tue Sep 15 21:22:35 2026]
localrule samstrandswap:
    input: sam/RNA-GLY-1.rawsam
    output: sam/RNA-GLY-1.sam
    jobid: 31
    reason: Missing output files: sam/RNA-GLY-1.sam; Input files updated by another job: sam/RNA-GLY-1.rawsam
    wildcards: method=RNA, condition=GLY, replicate=1
    resources: mem_mb=1500, mem_mib=1431, disk_mb=4000, disk_mib=3815, tmpdir=/home/qasim/hribo_work/pao1/tmp

if [ "RNA" == "NOTSET" ]; then HRIBO/scripts/sam_strand_inverter.py --sam_in_filepath=sam/RNA-GLY-1.rawsam --sam_out_filepath=sam/RNA-GLY-1.sam; else cp sam/RNA-GLY-1.rawsam sam/RNA-GLY-1.sam; fi
[Tue Sep 15 21:22:35 2026]
Finished job 5.
35 of 163 steps (21%) done
Removing temporary output sam/RIBO-GLY-1.rawsam.
Select jobs to execute...
[Tue Sep 15 21:22:36 2026]
Finished job 31.
36 of 163 steps (22%) done
Removing temporary output sam/RNA-GLY-1.rawsam.
[Tue Sep 15 21:22:36 2026]
Finished job 38.
37 of 163 steps (23%) done
Execute 1 jobs...

[Tue Sep 15 21:22:36 2026]
localrule generateAnnotationTotalReadCounts:
    input: bammulti/RIBO-GLY-1.bam, bammulti/RNA-GLY-1.bam, bammulti/RIBO-GLY-1.bam.bai, bammulti/RNA-GLY-1.bam.bai, auxiliary/unambigous_annotation.gff
    output: readcounts/annotation_total_reads.raw
    jobid: 61
    reason: Missing output files: readcounts/annotation_total_reads.raw; Input files updated by another job: bammulti/RIBO-GLY-1.bam.bai, auxiliary/unambigous_annotation.gff, bammulti/RNA-GLY-1.bam.bai, bammulti/RNA-GLY-1.bam, bammulti/RIBO-GLY-1.bam
    threads: 5
    resources: mem_mb=1500, mem_mib=1431, disk_mb=4000, disk_mib=3815, tmpdir=/home/qasim/hribo_work/pao1/tmp


        mkdir -p readcounts
        HRIBO/scripts/call_featurecounts.py -b bammulti/RIBO-GLY-1.bam bammulti/RNA-GLY-1.bam -s 1 --with_O --with_M --fraction -o readcounts/annotation_total_reads.raw -t 5 -a auxiliary/unambigous_annotation.gff
        
Activating conda environment: .snakemake/conda/1e607777c0d0c5616a031d85763fc5e1_

        ==========     _____ _    _ ____  _____  ______          _____  
        =====         / ____| |  | |  _ \|  __ \|  ____|   /\   |  __ \ 
          =====      | (___ | |  | | |_) | |__) | |__     /  \  | |  | |
            ====      \___ \| |  | |  _ <|  _  /|  __|   / /\ \ | |  | |
              ====    ____) | |__| | |_) | | \ \| |____ / ____ \| |__| |
        ==========   |_____/ \____/|____/|_|  \_\______/_/    \_\_____/
	  v2.0.1

//========================== featureCounts setting ===========================\\
||                                                                            ||
||             Input files : 2 BAM files                                      ||
||                           o RIBO-GLY-1.bam                                 ||
||                           o RNA-GLY-1.bam                                  ||
||                                                                            ||
||             Output file : annotation_total_reads.tmp                       ||
||                 Summary : annotation_total_reads.tmp.summary               ||
||              Annotation : unambigous_annotation.gff (GTF)                  ||
||      Dir for temp files : readcounts                                       ||
||                                                                            ||
||                 Threads : 5                                                ||
||                   Level : meta-feature level                               ||
||              Paired-end : no                                               ||
||      Multimapping reads : counted (fractional)                             ||
|| Multi-overlapping reads : counted                                          ||
||   Min overlapping bases : 1                                                ||
||                                                                            ||
\\============================================================================//

//================================= Running ==================================\\
||                                                                            ||
|| Load annotation file unambigous_annotation.gff ...                         ||
||    Features : 1                                                            ||
||    Meta-features : 1                                                       ||
||    Chromosomes/contigs : 1                                                 ||
||                                                                            ||
|| Process BAM file RIBO-GLY-1.bam...                                         ||
||    Strand specific : stranded                                              ||
||    Single-end reads are included.                                          ||
||    Total alignments : 25360613                                             ||
||    Successfully assigned alignments : 6482698 (25.6%)                      ||
||    Running time : 0.08 minutes                                             ||
||                                                                            ||
|| Process BAM file RNA-GLY-1.bam...                                          ||
||    Strand specific : stranded                                              ||
||    Single-end reads are included.                                          ||
||    Total alignments : 31716216                                             ||
||    Successfully assigned alignments : 7745491 (24.4%)                      ||
||    Running time : 0.13 minutes                                             ||
||                                                                            ||
|| Write the final count table.                                               ||
|| Write the read assignment summary.                                         ||
||                                                                            ||
|| Summary of counting results can be found in file "readcounts/annotation_t  ||
|| otal_reads.tmp.summary"                                                    ||
||                                                                            ||
\\============================================================================//


        ==========     _____ _    _ ____  _____  ______          _____  
        =====         / ____| |  | |  _ \|  __ \|  ____|   /\   |  __ \ 
          =====      | (___ | |  | | |_) | |__) | |__     /  \  | |  | |
            ====      \___ \| |  | |  _ <|  _  /|  __|   / /\ \ | |  | |
              ====    ____) | |__| | |_) | | \ \| |____ / ____ \| |__| |
        ==========   |_____/ \____/|____/|_|  \_\______/_/    \_\_____/
	  v2.0.1

//========================== featureCounts setting ===========================\\
||                                                                            ||
||             Input files : 2 BAM files                                      ||
||                           o RIBO-GLY-1.bam                                 ||
||                           o RNA-GLY-1.bam                                  ||
||                                                                            ||
||             Output file : annotation_total_reads.tmp                       ||
||                 Summary : annotation_total_reads.tmp.summary               ||
||              Annotation : unambigous_annotation.gff (GTF)                  ||
||      Dir for temp files : readcounts                                       ||
||                                                                            ||
||                 Threads : 5                                                ||
||                   Level : meta-feature level                               ||
||              Paired-end : no                                               ||
||      Multimapping reads : counted (fractional)                             ||
|| Multi-overlapping reads : counted                                          ||
||   Min overlapping bases : 1                                                ||
||                                                                            ||
\\============================================================================//

//================================= Running ==================================\\
||                                                                            ||
|| Load annotation file unambigous_annotation.gff ...                         ||
||    Features : 5678                                                         ||
||    Meta-features : 5678                                                    ||
||    Chromosomes/contigs : 1                                                 ||
||                                                                            ||
|| Process BAM file RIBO-GLY-1.bam...                                         ||
||    Strand specific : stranded                                              ||
||    Single-end reads are included.                                          ||
||    Total alignments : 25360613                                             ||
||    Successfully assigned alignments : 24882958 (98.1%)                     ||
||    Running time : 0.07 minutes                                             ||
||                                                                            ||
|| Process BAM file RNA-GLY-1.bam...                                          ||
||    Strand specific : stranded                                              ||
||    Single-end reads are included.                                          ||
||    Total alignments : 31716216                                             ||
||    Successfully assigned alignments : 31100971 (98.1%)                     ||
||    Running time : 0.11 minutes                                             ||
||                                                                            ||
|| Write the final count table.                                               ||
|| Write the read assignment summary.                                         ||
||                                                                            ||
|| Summary of counting results can be found in file "readcounts/annotation_t  ||
|| otal_reads.tmp.summary"                                                    ||
||                                                                            ||
\\============================================================================//


        ==========     _____ _    _ ____  _____  ______          _____  
        =====         / ____| |  | |  _ \|  __ \|  ____|   /\   |  __ \ 
          =====      | (___ | |  | | |_) | |__) | |__     /  \  | |  | |
            ====      \___ \| |  | |  _ <|  _  /|  __|   / /\ \ | |  | |
              ====    ____) | |__| | |_) | | \ \| |____ / ____ \| |__| |
        ==========   |_____/ \____/|____/|_|  \_\______/_/    \_\_____/
	  v2.0.1

//========================== featureCounts setting ===========================\\
||                                                                            ||
||             Input files : 2 BAM files                                      ||
||                           o RIBO-GLY-1.bam                                 ||
||                           o RNA-GLY-1.bam                                  ||
||                                                                            ||
||             Output file : annotation_total_reads.tmp                       ||
||                 Summary : annotation_total_reads.tmp.summary               ||
||              Annotation : unambigous_annotation.gff (GTF)                  ||
||      Dir for temp files : readcounts                                       ||
||                                                                            ||
||                 Threads : 5                                                ||
||                   Level : meta-feature level                               ||
||              Paired-end : no                                               ||
||      Multimapping reads : counted (fractional)                             ||
|| Multi-overlapping reads : counted                                          ||
||   Min overlapping bases : 1                                                ||
||                                                                            ||
\\============================================================================//

//================================= Running ==================================\\
||                                                                            ||
|| Load annotation file unambigous_annotation.gff ...                         ||
||    Features : 5573                                                         ||
||    Meta-features : 5573                                                    ||
||    Chromosomes/contigs : 1                                                 ||
||                                                                            ||
|| Process BAM file RIBO-GLY-1.bam...                                         ||
||    Strand specific : stranded                                              ||
||    Single-end reads are included.                                          ||
||    Total alignments : 25360613                                             ||
||    Successfully assigned alignments : 681934 (2.7%)                        ||
||    Running time : 0.07 minutes                                             ||
||                                                                            ||
|| Process BAM file RNA-GLY-1.bam...                                          ||
||    Strand specific : stranded                                              ||
||    Single-end reads are included.                                          ||
||    Total alignments : 31716216                                             ||
||    Successfully assigned alignments : 284900 (0.9%)                        ||
||    Running time : 0.11 minutes                                             ||
||                                                                            ||
|| Write the final count table.                                               ||
|| Write the read assignment summary.                                         ||
||                                                                            ||
|| Summary of counting results can be found in file "readcounts/annotation_t  ||
|| otal_reads.tmp.summary"                                                    ||
||                                                                            ||
\\============================================================================//


        ==========     _____ _    _ ____  _____  ______          _____  
        =====         / ____| |  | |  _ \|  __ \|  ____|   /\   |  __ \ 
          =====      | (___ | |  | | |_) | |__) | |__     /  \  | |  | |
            ====      \___ \| |  | |  _ <|  _  /|  __|   / /\ \ | |  | |
              ====    ____) | |__| | |_) | | \ \| |____ / ____ \| |__| |
        ==========   |_____/ \____/|____/|_|  \_\______/_/    \_\_____/
	  v2.0.1

//========================== featureCounts setting ===========================\\
||                                                                            ||
||             Input files : 2 BAM files                                      ||
||                           o RIBO-GLY-1.bam                                 ||
||                           o RNA-GLY-1.bam                                  ||
||                                                                            ||
||             Output file : annotation_total_reads.tmp                       ||
||                 Summary : annotation_total_reads.tmp.summary               ||
||              Annotation : unambigous_annotation.gff (GTF)                  ||
||      Dir for temp files : readcounts                                       ||
||                                                                            ||
||                 Threads : 5                                                ||
||                   Level : meta-feature level                               ||
||              Paired-end : no                                               ||
||      Multimapping reads : counted (fractional)                             ||
|| Multi-overlapping reads : counted                                          ||
||   Min overlapping bases : 1                                                ||
||                                                                            ||
\\============================================================================//

//================================= Running ==================================\\
||                                                                            ||
|| Load annotation file unambigous_annotation.gff ...                         ||
||    Features : 532                                                          ||
||    Meta-features : 532                                                     ||
||    Chromosomes/contigs : 1                                                 ||
||                                                                            ||
|| Process BAM file RIBO-GLY-1.bam...                                         ||
||    Strand specific : stranded                                              ||
||    Single-end reads are included.                                          ||
||    Total alignments : 25360613                                             ||
||    Successfully assigned alignments : 3502 (0.0%)                          ||
||    Running time : 0.07 minutes                                             ||
||                                                                            ||
|| Process BAM file RNA-GLY-1.bam...                                          ||
||    Strand specific : stranded                                              ||
||    Single-end reads are included.                                          ||
||    Total alignments : 31716216                                             ||
||    Successfully assigned alignments : 937 (0.0%)                           ||
||    Running time : 0.11 minutes                                             ||
||                                                                            ||
|| Write the final count table.                                               ||
|| Write the read assignment summary.                                         ||
||                                                                            ||
|| Summary of counting results can be found in file "readcounts/annotation_t  ||
|| otal_reads.tmp.summary"                                                    ||
||                                                                            ||
\\============================================================================//


        ==========     _____ _    _ ____  _____  ______          _____  
        =====         / ____| |  | |  _ \|  __ \|  ____|   /\   |  __ \ 
          =====      | (___ | |  | | |_) | |__) | |__     /  \  | |  | |
            ====      \___ \| |  | |  _ <|  _  /|  __|   / /\ \ | |  | |
              ====    ____) | |__| | |_) | | \ \| |____ / ____ \| |__| |
        ==========   |_____/ \____/|____/|_|  \_\______/_/    \_\_____/
	  v2.0.1

//========================== featureCounts setting ===========================\\
||                                                                            ||
||             Input files : 2 BAM files                                      ||
||                           o RIBO-GLY-1.bam                                 ||
||                           o RNA-GLY-1.bam                                  ||
||                                                                            ||
||             Output file : annotation_total_reads.tmp                       ||
||                 Summary : annotation_total_reads.tmp.summary               ||
||              Annotation : unambigous_annotation.gff (GTF)                  ||
||      Dir for temp files : readcounts                                       ||
||                                                                            ||
||                 Threads : 5                                                ||
||                   Level : meta-feature level                               ||
||              Paired-end : no                                               ||
||      Multimapping reads : counted (fractional)                             ||
|| Multi-overlapping reads : counted                                          ||
||   Min overlapping bases : 1                                                ||
||                                                                            ||
\\============================================================================//

//================================= Running ==================================\\
||                                                                            ||
|| Load annotation file unambigous_annotation.gff ...                         ||
||    Features : 19                                                           ||
||    Meta-features : 19                                                      ||
||    Chromosomes/contigs : 1                                                 ||
||                                                                            ||
|| Process BAM file RIBO-GLY-1.bam...                                         ||
||    Strand specific : stranded                                              ||
||    Single-end reads are included.                                          ||
||    Total alignments : 25360613                                             ||
||    Successfully assigned alignments : 1293 (0.0%)                          ||
||    Running time : 0.07 minutes                                             ||
||                                                                            ||
|| Process BAM file RNA-GLY-1.bam...                                          ||
||    Strand specific : stranded                                              ||
||    Single-end reads are included.                                          ||
||    Total alignments : 31716216                                             ||
||    Successfully assigned alignments : 653 (0.0%)                           ||
||    Running time : 0.11 minutes                                             ||
||                                                                            ||
|| Write the final count table.                                               ||
|| Write the read assignment summary.                                         ||
||                                                                            ||
|| Summary of counting results can be found in file "readcounts/annotation_t  ||
|| otal_reads.tmp.summary"                                                    ||
||                                                                            ||
\\============================================================================//


        ==========     _____ _    _ ____  _____  ______          _____  
        =====         / ____| |  | |  _ \|  __ \|  ____|   /\   |  __ \ 
          =====      | (___ | |  | | |_) | |__) | |__     /  \  | |  | |
            ====      \___ \| |  | |  _ <|  _  /|  __|   / /\ \ | |  | |
              ====    ____) | |__| | |_) | | \ \| |____ / ____ \| |__| |
        ==========   |_____/ \____/|____/|_|  \_\______/_/    \_\_____/
	  v2.0.1

//========================== featureCounts setting ===========================\\
||                                                                            ||
||             Input files : 2 BAM files                                      ||
||                           o RIBO-GLY-1.bam                                 ||
||                           o RNA-GLY-1.bam                                  ||
||                                                                            ||
||             Output file : annotation_total_reads.tmp                       ||
||                 Summary : annotation_total_reads.tmp.summary               ||
||              Annotation : unambigous_annotation.gff (GTF)                  ||
||      Dir for temp files : readcounts                                       ||
||                                                                            ||
||                 Threads : 5                                                ||
||                   Level : meta-feature level                               ||
||              Paired-end : no                                               ||
||      Multimapping reads : counted (fractional)                             ||
|| Multi-overlapping reads : counted                                          ||
||   Min overlapping bases : 1                                                ||
||                                                                            ||
\\============================================================================//

//================================= Running ==================================\\
||                                                                            ||
|| Load annotation file unambigous_annotation.gff ...                         ||
||    Features : 63                                                           ||
||    Meta-features : 63                                                      ||
||    Chromosomes/contigs : 1                                                 ||
||                                                                            ||
|| Process BAM file RIBO-GLY-1.bam...                                         ||
||    Strand specific : stranded                                              ||
||    Single-end reads are included.                                          ||
||    Total alignments : 25360613                                             ||
||    Successfully assigned alignments : 59140 (0.2%)                         ||
||    Running time : 0.07 minutes                                             ||
||                                                                            ||
|| Process BAM file RNA-GLY-1.bam...                                          ||
||    Strand specific : stranded                                              ||
||    Single-end reads are included.                                          ||
||    Total alignments : 31716216                                             ||
||    Successfully assigned alignments : 652574 (2.1%)                        ||
||    Running time : 0.11 minutes                                             ||
||                                                                            ||
|| Write the final count table.                                               ||
|| Write the read assignment summary.                                         ||
||                                                                            ||
|| Summary of counting results can be found in file "readcounts/annotation_t  ||
|| otal_reads.tmp.summary"                                                    ||
||                                                                            ||
\\============================================================================//


        ==========     _____ _    _ ____  _____  ______          _____  
        =====         / ____| |  | |  _ \|  __ \|  ____|   /\   |  __ \ 
          =====      | (___ | |  | | |_) | |__) | |__     /  \  | |  | |
            ====      \___ \| |  | |  _ <|  _  /|  __|   / /\ \ | |  | |
              ====    ____) | |__| | |_) | | \ \| |____ / ____ \| |__| |
        ==========   |_____/ \____/|____/|_|  \_\______/_/    \_\_____/
	  v2.0.1

//========================== featureCounts setting ===========================\\
||                                                                            ||
||             Input files : 2 BAM files                                      ||
||                           o RIBO-GLY-1.bam                                 ||
||                           o RNA-GLY-1.bam                                  ||
||                                                                            ||
||             Output file : annotation_total_reads.tmp                       ||
||                 Summary : annotation_total_reads.tmp.summary               ||
||              Annotation : unambigous_annotation.gff (GTF)                  ||
||      Dir for temp files : readcounts                                       ||
||                                                                            ||
||                 Threads : 5                                                ||
||                   Level : meta-feature level                               ||
||              Paired-end : no                                               ||
||      Multimapping reads : counted (fractional)                             ||
|| Multi-overlapping reads : counted                                          ||
||   Min overlapping bases : 1                                                ||
||                                                                            ||
\\============================================================================//

//================================= Running ==================================\\
||                                                                            ||
|| Load annotation file unambigous_annotation.gff ...                         ||
||    Features : 106                                                          ||
||    Meta-features : 106                                                     ||
||    Chromosomes/contigs : 1                                                 ||
||                                                                            ||
|| Process BAM file RIBO-GLY-1.bam...                                         ||
||    Strand specific : stranded                                              ||
||    Single-end reads are included.                                          ||
||    Total alignments : 25360613                                             ||
||    Successfully assigned alignments : 24201278 (95.4%)                     ||
||    Running time : 0.07 minutes                                             ||
||                                                                            ||
|| Process BAM file RNA-GLY-1.bam...                                          ||
||    Strand specific : stranded                                              ||
||    Single-end reads are included.                                          ||
||    Total alignments : 31716216                                             ||
||    Successfully assigned alignments : 30816279 (97.2%)                     ||
||    Running time : 0.11 minutes                                             ||
||                                                                            ||
|| Write the final count table.                                               ||
|| Write the read assignment summary.                                         ||
||                                                                            ||
|| Summary of counting results can be found in file "readcounts/annotation_t  ||
|| otal_reads.tmp.summary"                                                    ||
||                                                                            ||
\\============================================================================//


        ==========     _____ _    _ ____  _____  ______          _____  
        =====         / ____| |  | |  _ \|  __ \|  ____|   /\   |  __ \ 
          =====      | (___ | |  | | |_) | |__) | |__     /  \  | |  | |
            ====      \___ \| |  | |  _ <|  _  /|  __|   / /\ \ | |  | |
              ====    ____) | |__| | |_) | | \ \| |____ / ____ \| |__| |
        ==========   |_____/ \____/|____/|_|  \_\______/_/    \_\_____/
	  v2.0.1

//========================== featureCounts setting ===========================\\
||                                                                            ||
||             Input files : 2 BAM files                                      ||
||                           o RIBO-GLY-1.bam                                 ||
||                           o RNA-GLY-1.bam                                  ||
||                                                                            ||
||             Output file : annotation_total_reads.tmp                       ||
||                 Summary : annotation_total_reads.tmp.summary               ||
||              Annotation : unambigous_annotation.gff (GTF)                  ||
||      Dir for temp files : readcounts                                       ||
||                                                                            ||
||                 Threads : 5                                                ||
||                   Level : meta-feature level                               ||
||              Paired-end : no                                               ||
||      Multimapping reads : counted (fractional)                             ||
|| Multi-overlapping reads : counted                                          ||
||   Min overlapping bases : 1                                                ||
||                                                                            ||
\\============================================================================//

//================================= Running ==================================\\
||                                                                            ||
|| Load annotation file unambigous_annotation.gff ...                         ||
||    Features : 28                                                           ||
||    Meta-features : 28                                                      ||
||    Chromosomes/contigs : 1                                                 ||
||                                                                            ||
|| Process BAM file RIBO-GLY-1.bam...                                         ||
||    Strand specific : stranded                                              ||
||    Single-end reads are included.                                          ||
||    Total alignments : 25360613                                             ||
||    Successfully assigned alignments : 5807 (0.0%)                          ||
||    Running time : 0.07 minutes                                             ||
||                                                                            ||
|| Process BAM file RNA-GLY-1.bam...                                          ||
||    Strand specific : stranded                                              ||
||    Single-end reads are included.                                          ||
||    Total alignments : 31716216                                             ||
||    Successfully assigned alignments : 26985 (0.1%)                         ||
||    Running time : 0.11 minutes                                             ||
||                                                                            ||
|| Write the final count table.                                               ||
|| Write the read assignment summary.                                         ||
||                                                                            ||
|| Summary of counting results can be found in file "readcounts/annotation_t  ||
|| otal_reads.tmp.summary"                                                    ||
||                                                                            ||
\\============================================================================//


        ==========     _____ _    _ ____  _____  ______          _____  
        =====         / ____| |  | |  _ \|  __ \|  ____|   /\   |  __ \ 
          =====      | (___ | |  | | |_) | |__) | |__     /  \  | |  | |
            ====      \___ \| |  | |  _ <|  _  /|  __|   / /\ \ | |  | |
              ====    ____) | |__| | |_) | | \ \| |____ / ____ \| |__| |
        ==========   |_____/ \____/|____/|_|  \_\______/_/    \_\_____/
	  v2.0.1

//========================== featureCounts setting ===========================\\
||                                                                            ||
||             Input files : 2 BAM files                                      ||
||                           o RIBO-GLY-1.bam                                 ||
||                           o RNA-GLY-1.bam                                  ||
||                                                                            ||
||             Output file : annotation_total_reads.tmp                       ||
||                 Summary : annotation_total_reads.tmp.summary               ||
||              Annotation : unambigous_annotation.gff (GTF)                  ||
||      Dir for temp files : readcounts                                       ||
||                                                                            ||
||                 Threads : 5                                                ||
||                   Level : meta-feature level                               ||
||              Paired-end : no                                               ||
||      Multimapping reads : counted (fractional)                             ||
|| Multi-overlapping reads : counted                                          ||
||   Min overlapping bases : 1                                                ||
||                                                                            ||
\\============================================================================//

//================================= Running ==================================\\
||                                                                            ||
|| Load annotation file unambigous_annotation.gff ...                         ||
||    Features : 13                                                           ||
||    Meta-features : 13                                                      ||
||    Chromosomes/contigs : 1                                                 ||
||                                                                            ||
|| Process BAM file RIBO-GLY-1.bam...                                         ||
||    Strand specific : stranded                                              ||
||    Single-end reads are included.                                          ||
||    Total alignments : 25360613                                             ||
||    Successfully assigned alignments : 24109436 (95.1%)                     ||
||    Running time : 0.08 minutes                                             ||
||                                                                            ||
|| Process BAM file RNA-GLY-1.bam...                                          ||
||    Strand specific : stranded                                              ||
||    Single-end reads are included.                                          ||
||    Total alignments : 31716216                                             ||
||    Successfully assigned alignments : 30083692 (94.9%)                     ||
||    Running time : 0.11 minutes                                             ||
||                                                                            ||
|| Write the final count table.                                               ||
|| Write the read assignment summary.                                         ||
||                                                                            ||
|| Summary of counting results can be found in file "readcounts/annotation_t  ||
|| otal_reads.tmp.summary"                                                    ||
||                                                                            ||
\\============================================================================//


        ==========     _____ _    _ ____  _____  ______          _____  
        =====         / ____| |  | |  _ \|  __ \|  ____|   /\   |  __ \ 
          =====      | (___ | |  | | |_) | |__) | |__     /  \  | |  | |
            ====      \___ \| |  | |  _ <|  _  /|  __|   / /\ \ | |  | |
              ====    ____) | |__| | |_) | | \ \| |____ / ____ \| |__| |
        ==========   |_____/ \____/|____/|_|  \_\______/_/    \_\_____/
	  v2.0.1

//========================== featureCounts setting ===========================\\
||                                                                            ||
||             Input files : 2 BAM files                                      ||
||                           o RIBO-GLY-1.bam                                 ||
||                           o RNA-GLY-1.bam                                  ||
||                                                                            ||
||             Output file : annotation_total_reads.tmp                       ||
||                 Summary : annotation_total_reads.tmp.summary               ||
||              Annotation : unambigous_annotation.gff (GTF)                  ||
||      Dir for temp files : readcounts                                       ||
||                                                                            ||
||                 Threads : 5                                                ||
||                   Level : meta-feature level                               ||
||              Paired-end : no                                               ||
||      Multimapping reads : counted (fractional)                             ||
|| Multi-overlapping reads : counted                                          ||
||   Min overlapping bases : 1                                                ||
||                                                                            ||
\\============================================================================//

//================================= Running ==================================\\
||                                                                            ||
|| Load annotation file unambigous_annotation.gff ...                         ||
||    Features : 1                                                            ||
||    Meta-features : 1                                                       ||
||    Chromosomes/contigs : 1                                                 ||
||                                                                            ||
|| Process BAM file RIBO-GLY-1.bam...                                         ||
||    Strand specific : stranded                                              ||
||    Single-end reads are included.                                          ||
||    Total alignments : 25360613                                             ||
||    Successfully assigned alignments : 26894 (0.1%)                         ||
||    Running time : 0.07 minutes                                             ||
||                                                                            ||
|| Process BAM file RNA-GLY-1.bam...                                          ||
||    Strand specific : stranded                                              ||
[Tue Sep 15 21:24:22 2026]
Finished job 57.
38 of 163 steps (23%) done
Select jobs to execute...
||    Single-end reads are included.                                          ||
||    Total alignments : 31716216                                             ||
||    Successfully assigned alignments : 53027 (0.2%)                         ||
||    Running time : 0.10 minutes                                             ||
||                                                                            ||
|| Write the final count table.                                               ||
|| Write the read assignment summary.                                         ||
||                                                                            ||
|| Summary of counting results can be found in file "readcounts/annotation_t  ||
|| otal_reads.tmp.summary"                                                    ||
||                                                                            ||
\\============================================================================//


        ==========     _____ _    _ ____  _____  ______          _____  
        =====         / ____| |  | |  _ \|  __ \|  ____|   /\   |  __ \ 
          =====      | (___ | |  | | |_) | |__) | |__     /  \  | |  | |
            ====      \___ \| |  | |  _ <|  _  /|  __|   / /\ \ | |  | |
              ====    ____) | |__| | |_) | | \ \| |____ / ____ \| |__| |
        ==========   |_____/ \____/|____/|_|  \_\______/_/    \_\_____/
	  v2.0.1

//========================== featureCounts setting ===========================\\
||                                                                            ||
||             Input files : 2 BAM files                                      ||
||                           o RIBO-GLY-1.bam                                 ||
||                           o RNA-GLY-1.bam                                  ||
||                                                                            ||
||             Output file : annotation_total_reads.tmp                       ||
||                 Summary : annotation_total_reads.tmp.summary               ||
||              Annotation : unambigous_annotation.gff (GTF)                  ||
||      Dir for temp files : readcounts                                       ||
||                                                                            ||
||                 Threads : 5                                                ||
||                   Level : meta-feature level                               ||
||              Paired-end : no                                               ||
||      Multimapping reads : counted (fractional)                             ||
|| Multi-overlapping reads : counted                                          ||
||   Min overlapping bases : 1                                                ||
||                                                                            ||
\\============================================================================//

//================================= Running ==================================\\
||                                                                            ||
|| Load annotation file unambigous_annotation.gff ...                         ||
||    Features : 1                                                            ||
||    Meta-features : 1                                                       ||
||    Chromosomes/contigs : 1                                                 ||
||                                                                            ||
|| Process BAM file RIBO-GLY-1.bam...                                         ||
||    Strand specific : stranded                                              ||
||    Single-end reads are included.                                          ||
||    Total alignments : 25360613                                             ||
||    Successfully assigned alignments : 1 (0.0%)                             ||
||    Running time : 0.06 minutes                                             ||
||                                                                            ||
|| Process BAM file RNA-GLY-1.bam...                                          ||
||    Strand specific : stranded                                              ||
||    Single-end reads are included.                                          ||
||    Total alignments : 31716216                                             ||
||    Successfully assigned alignments : 1 (0.0%)                             ||
||    Running time : 0.10 minutes                                             ||
||                                                                            ||
|| Write the final count table.                                               ||
|| Write the read assignment summary.                                         ||
||                                                                            ||
|| Summary of counting results can be found in file "readcounts/annotation_t  ||
|| otal_reads.tmp.summary"                                                    ||
||                                                                            ||
\\============================================================================//

featureCounts -t region  -a auxiliary/unambigous_annotation.gff -F GTF -g ID -s 1 -T 5 -o readcounts/annotation_total_reads.tmp -O -M --fraction bammulti/RIBO-GLY-1.bam bammulti/RNA-GLY-1.bam
featureCounts -t gene  -a auxiliary/unambigous_annotation.gff -F GTF -g ID -s 1 -T 5 -o readcounts/annotation_total_reads.tmp -O -M --fraction bammulti/RIBO-GLY-1.bam bammulti/RNA-GLY-1.bam
featureCounts -t CDS  -a auxiliary/unambigous_annotation.gff -F GTF -g ID -s 1 -T 5 -o readcounts/annotation_total_reads.tmp -O -M --fraction bammulti/RIBO-GLY-1.bam bammulti/RNA-GLY-1.bam
featureCounts -t protein_binding_site  -a auxiliary/unambigous_annotation.gff -F GTF -g ID -s 1 -T 5 -o readcounts/annotation_total_reads.tmp -O -M --fraction bammulti/RIBO-GLY-1.bam bammulti/RNA-GLY-1.bam
featureCounts -t pseudogene  -a auxiliary/unambigous_annotation.gff -F GTF -g ID -s 1 -T 5 -o readcounts/annotation_total_reads.tmp -O -M --fraction bammulti/RIBO-GLY-1.bam bammulti/RNA-GLY-1.bam
featureCounts -t tRNA  -a auxiliary/unambigous_annotation.gff -F GTF -g ID -s 1 -T 5 -o readcounts/annotation_total_reads.tmp -O -M --fraction bammulti/RIBO-GLY-1.bam bammulti/RNA-GLY-1.bam
featureCounts -t exon  -a auxiliary/unambigous_annotation.gff -F GTF -g ID -s 1 -T 5 -o readcounts/annotation_total_reads.tmp -O -M --fraction bammulti/RIBO-GLY-1.bam bammulti/RNA-GLY-1.bam
featureCounts -t ncRNA  -a auxiliary/unambigous_annotation.gff -F GTF -g ID -s 1 -T 5 -o readcounts/annotation_total_reads.tmp -O -M --fraction bammulti/RIBO-GLY-1.bam bammulti/RNA-GLY-1.bam
featureCounts -t rRNA  -a auxiliary/unambigous_annotation.gff -F GTF -g ID -s 1 -T 5 -o readcounts/annotation_total_reads.tmp -O -M --fraction bammulti/RIBO-GLY-1.bam bammulti/RNA-GLY-1.bam
featureCounts -t tmRNA  -a auxiliary/unambigous_annotation.gff -F GTF -g ID -s 1 -T 5 -o readcounts/annotation_total_reads.tmp -O -M --fraction bammulti/RIBO-GLY-1.bam bammulti/RNA-GLY-1.bam
featureCounts -t RNase_P_RNA  -a auxiliary/unambigous_annotation.gff -F GTF -g ID -s 1 -T 5 -o readcounts/annotation_total_reads.tmp -O -M --fraction bammulti/RIBO-GLY-1.bam bammulti/RNA-GLY-1.bam
[Tue Sep 15 21:24:36 2026]
Finished job 61.
39 of 163 steps (24%) done
Removing temporary output bammulti/RIBO-GLY-1.bam.bai.
Removing temporary output bammulti/RNA-GLY-1.bam.bai.
Execute 1 jobs...

[Tue Sep 15 21:24:36 2026]
localrule rrnatotalfeaturescounts:
    input: auxiliary/unambigous_annotation.gff, bammulti/RNA-GLY-1.bam
    output: qc/rrnainallaligned/RNA-GLY-1.txt
    jobid: 45
    reason: Missing output files: qc/rrnainallaligned/RNA-GLY-1.txt; Input files updated by another job: auxiliary/unambigous_annotation.gff, bammulti/RNA-GLY-1.bam
    wildcards: method=RNA, condition=GLY, replicate=1
    threads: 8
    resources: mem_mb=1500, mem_mib=1431, disk_mb=4000, disk_mib=3815, tmpdir=/home/qasim/hribo_work/pao1/tmp


        mkdir -p qc/rrnainallaligned;
        column3=$(cut -f3 auxiliary/unambigous_annotation.gff | sort | uniq)
        if [[ " ${column3[@]} " =~ "rRNA" ]];
        then
            featureCounts -T 8 -t rRNA -g ID -a auxiliary/unambigous_annotation.gff -o qc/rrnainallaligned/RNA-GLY-1.txt bammulti/RNA-GLY-1.bam;
        else
            touch qc/rrnainallaligned/RNA-GLY-1.txt;
        fi
        
Activating conda environment: .snakemake/conda/1e607777c0d0c5616a031d85763fc5e1_

        ==========     _____ _    _ ____  _____  ______          _____  
        =====         / ____| |  | |  _ \|  __ \|  ____|   /\   |  __ \ 
          =====      | (___ | |  | | |_) | |__) | |__     /  \  | |  | |
            ====      \___ \| |  | |  _ <|  _  /|  __|   / /\ \ | |  | |
              ====    ____) | |__| | |_) | | \ \| |____ / ____ \| |__| |
        ==========   |_____/ \____/|____/|_|  \_\______/_/    \_\_____/
	  v2.0.1

//========================== featureCounts setting ===========================\\
||                                                                            ||
||             Input files : 1 BAM file                                       ||
||                           o RNA-GLY-1.bam                                  ||
||                                                                            ||
||             Output file : RNA-GLY-1.txt                                    ||
||                 Summary : RNA-GLY-1.txt.summary                            ||
||              Annotation : unambigous_annotation.gff (GTF)                  ||
||      Dir for temp files : qc/rrnainallaligned                              ||
||                                                                            ||
||                 Threads : 8                                                ||
||                   Level : meta-feature level                               ||
||              Paired-end : no                                               ||
||      Multimapping reads : not counted                                      ||
|| Multi-overlapping reads : not counted                                      ||
||   Min overlapping bases : 1                                                ||
||                                                                            ||
\\============================================================================//

//================================= Running ==================================\\
||                                                                            ||
|| Load annotation file unambigous_annotation.gff ...                         ||
||    Features : 13                                                           ||
||    Meta-features : 13                                                      ||
||    Chromosomes/contigs : 1                                                 ||
||                                                                            ||
|| Process BAM file RNA-GLY-1.bam...                                          ||
||    Single-end reads are included.                                          ||
||    Total alignments : 31716216                                             ||
||    Successfully assigned alignments : 806404 (2.5%)                        ||
||    Running time : 0.08 minutes                                             ||
||                                                                            ||
|| Write the final count table.                                               ||
|| Write the read assignment summary.                                         ||
||                                                                            ||
|| Summary of counting results can be found in file "qc/rrnainallaligned/RNA  ||
|| -GLY-1.txt.summary"                                                        ||
||                                                                            ||
\\============================================================================//

[Tue Sep 15 21:24:41 2026]
Finished job 45.
40 of 163 steps (25%) done
Removing temporary output bammulti/RNA-GLY-1.bam.
Select jobs to execute...
Execute 1 jobs...

[Tue Sep 15 21:24:41 2026]
localrule rrnatotalfeaturescounts:
    input: auxiliary/unambigous_annotation.gff, bammulti/RIBO-GLY-1.bam
    output: qc/rrnainallaligned/RIBO-GLY-1.txt
    jobid: 43
    reason: Missing output files: qc/rrnainallaligned/RIBO-GLY-1.txt; Input files updated by another job: auxiliary/unambigous_annotation.gff, bammulti/RIBO-GLY-1.bam
    wildcards: method=RIBO, condition=GLY, replicate=1
    threads: 8
    resources: mem_mb=1500, mem_mib=1431, disk_mb=4000, disk_mib=3815, tmpdir=/home/qasim/hribo_work/pao1/tmp


        mkdir -p qc/rrnainallaligned;
        column3=$(cut -f3 auxiliary/unambigous_annotation.gff | sort | uniq)
        if [[ " ${column3[@]} " =~ "rRNA" ]];
        then
            featureCounts -T 8 -t rRNA -g ID -a auxiliary/unambigous_annotation.gff -o qc/rrnainallaligned/RIBO-GLY-1.txt bammulti/RIBO-GLY-1.bam;
        else
            touch qc/rrnainallaligned/RIBO-GLY-1.txt;
        fi
        
Activating conda environment: .snakemake/conda/1e607777c0d0c5616a031d85763fc5e1_

        ==========     _____ _    _ ____  _____  ______          _____  
        =====         / ____| |  | |  _ \|  __ \|  ____|   /\   |  __ \ 
          =====      | (___ | |  | | |_) | |__) | |__     /  \  | |  | |
            ====      \___ \| |  | |  _ <|  _  /|  __|   / /\ \ | |  | |
              ====    ____) | |__| | |_) | | \ \| |____ / ____ \| |__| |
        ==========   |_____/ \____/|____/|_|  \_\______/_/    \_\_____/
	  v2.0.1

//========================== featureCounts setting ===========================\\
||                                                                            ||
||             Input files : 1 BAM file                                       ||
||                           o RIBO-GLY-1.bam                                 ||
||                                                                            ||
||             Output file : RIBO-GLY-1.txt                                   ||
||                 Summary : RIBO-GLY-1.txt.summary                           ||
||              Annotation : unambigous_annotation.gff (GTF)                  ||
||      Dir for temp files : qc/rrnainallaligned                              ||
||                                                                            ||
||                 Threads : 8                                                ||
||                   Level : meta-feature level                               ||
||              Paired-end : no                                               ||
||      Multimapping reads : not counted                                      ||
|| Multi-overlapping reads : not counted                                      ||
||   Min overlapping bases : 1                                                ||
||                                                                            ||
\\============================================================================//

//================================= Running ==================================\\
||                                                                            ||
|| Load annotation file unambigous_annotation.gff ...                         ||
||    Features : 13                                                           ||
||    Meta-features : 13                                                      ||
||    Chromosomes/contigs : 1                                                 ||
||                                                                            ||
|| Process BAM file RIBO-GLY-1.bam...                                         ||
||    Single-end reads are included.                                          ||
||    Total alignments : 25360613                                             ||
||    Successfully assigned alignments : 239516 (0.9%)                        ||
||    Running time : 0.05 minutes                                             ||
||                                                                            ||
|| Write the final count table.                                               ||
|| Write the read assignment summary.                                         ||
||                                                                            ||
|| Summary of counting results can be found in file "qc/rrnainallaligned/RIB  ||
|| O-GLY-1.txt.summary"                                                       ||
||                                                                            ||
\\============================================================================//

[Tue Sep 15 21:24:44 2026]
Finished job 43.
41 of 163 steps (25%) done
Removing temporary output bammulti/RIBO-GLY-1.bam.
Select jobs to execute...
Execute 1 jobs...

[Tue Sep 15 21:24:45 2026]
localrule samtobam:
    input: sam/RNA-GLY-1.sam
    output: rRNAbam/RNA-GLY-1.bam
    jobid: 36
    reason: Missing output files: rRNAbam/RNA-GLY-1.bam; Input files updated by another job: sam/RNA-GLY-1.sam
    wildcards: method=RNA, condition=GLY, replicate=1
    threads: 8
    resources: mem_mb=1500, mem_mib=1431, disk_mb=4000, disk_mib=3815, tmpdir=/home/qasim/hribo_work/pao1/tmp

mkdir -p rRNAbam; samtools view -@ 8 -bh sam/RNA-GLY-1.sam | samtools sort -@ 8 -o rRNAbam/RNA-GLY-1.bam -O bam
Activating conda environment: .snakemake/conda/e4e8d879a2e99e8eada81c1d01b59187_
[bam_sort_core] merging from 0 files and 8 in-memory blocks...
[Tue Sep 15 21:24:47 2026]
Finished job 36.
42 of 163 steps (26%) done
Select jobs to execute...
Execute 1 jobs...

[Tue Sep 15 21:24:47 2026]
localrule fastqcunique:
    input: sam/RNA-GLY-1.sam
    output: qc/4unique/RNA-GLY-1-map_fastqc.html, qc/4unique/RNA-GLY-1-map_fastqc.zip
    jobid: 30
    reason: Missing output files: qc/4unique/RNA-GLY-1-map_fastqc.html; Input files updated by another job: sam/RNA-GLY-1.sam
    wildcards: method=RNA, condition=GLY, replicate=1
    threads: 8
    resources: mem_mb=1500, mem_mib=1431, disk_mb=4000, disk_mib=3815, tmpdir=/home/qasim/hribo_work/pao1/tmp

mkdir -p qc/4unique; fastqc -o qc/4unique -t 8 -f sam_mapped sam/RNA-GLY-1.sam; mv qc/4unique/RNA-GLY-1_fastqc.html qc/4unique/RNA-GLY-1-map_fastqc.html; mv qc/4unique/RNA-GLY-1_fastqc.zip qc/4unique/RNA-GLY-1-map_fastqc.zip
Activating conda environment: .snakemake/conda/5b4d927bb74a0bfad74ab2e26c8a2a2c_
Started analysis of RNA-GLY-1.sam
Approx 5% complete for RNA-GLY-1.sam
Approx 10% complete for RNA-GLY-1.sam
Approx 15% complete for RNA-GLY-1.sam
Approx 20% complete for RNA-GLY-1.sam
Approx 25% complete for RNA-GLY-1.sam
Approx 30% complete for RNA-GLY-1.sam
Approx 35% complete for RNA-GLY-1.sam
Approx 40% complete for RNA-GLY-1.sam
Approx 45% complete for RNA-GLY-1.sam
Approx 50% complete for RNA-GLY-1.sam
Approx 55% complete for RNA-GLY-1.sam
Approx 60% complete for RNA-GLY-1.sam
Approx 65% complete for RNA-GLY-1.sam
Approx 70% complete for RNA-GLY-1.sam
Approx 75% complete for RNA-GLY-1.sam
Approx 80% complete for RNA-GLY-1.sam
Approx 85% complete for RNA-GLY-1.sam
Approx 90% complete for RNA-GLY-1.sam
Approx 95% complete for RNA-GLY-1.sam
Analysis complete for RNA-GLY-1.sam
[Tue Sep 15 21:24:55 2026]
Finished job 30.
43 of 163 steps (26%) done
Removing temporary output sam/RNA-GLY-1.sam.
Select jobs to execute...
Execute 1 jobs...

[Tue Sep 15 21:24:55 2026]
localrule fastqcunique:
    input: sam/RIBO-GLY-1.sam
    output: qc/4unique/RIBO-GLY-1-map_fastqc.html, qc/4unique/RIBO-GLY-1-map_fastqc.zip
    jobid: 29
    reason: Missing output files: qc/4unique/RIBO-GLY-1-map_fastqc.html; Input files updated by another job: sam/RIBO-GLY-1.sam
    wildcards: method=RIBO, condition=GLY, replicate=1
    threads: 8
    resources: mem_mb=1500, mem_mib=1431, disk_mb=4000, disk_mib=3815, tmpdir=/home/qasim/hribo_work/pao1/tmp

mkdir -p qc/4unique; fastqc -o qc/4unique -t 8 -f sam_mapped sam/RIBO-GLY-1.sam; mv qc/4unique/RIBO-GLY-1_fastqc.html qc/4unique/RIBO-GLY-1-map_fastqc.html; mv qc/4unique/RIBO-GLY-1_fastqc.zip qc/4unique/RIBO-GLY-1-map_fastqc.zip
Activating conda environment: .snakemake/conda/5b4d927bb74a0bfad74ab2e26c8a2a2c_
Started analysis of RIBO-GLY-1.sam
Approx 5% complete for RIBO-GLY-1.sam
Approx 10% complete for RIBO-GLY-1.sam
Approx 15% complete for RIBO-GLY-1.sam
Approx 20% complete for RIBO-GLY-1.sam
Approx 25% complete for RIBO-GLY-1.sam
Approx 30% complete for RIBO-GLY-1.sam
Approx 35% complete for RIBO-GLY-1.sam
Approx 40% complete for RIBO-GLY-1.sam
Approx 45% complete for RIBO-GLY-1.sam
Approx 50% complete for RIBO-GLY-1.sam
Approx 55% complete for RIBO-GLY-1.sam
Approx 60% complete for RIBO-GLY-1.sam
Approx 65% complete for RIBO-GLY-1.sam
Approx 70% complete for RIBO-GLY-1.sam
Approx 75% complete for RIBO-GLY-1.sam
Approx 80% complete for RIBO-GLY-1.sam
Approx 85% complete for RIBO-GLY-1.sam
Approx 90% complete for RIBO-GLY-1.sam
Approx 95% complete for RIBO-GLY-1.sam
Analysis complete for RIBO-GLY-1.sam
[Tue Sep 15 21:25:01 2026]
Finished job 29.
44 of 163 steps (27%) done
Select jobs to execute...
Execute 1 jobs...

[Tue Sep 15 21:25:01 2026]
localrule samtobam:
    input: sam/RIBO-GLY-1.sam
    output: rRNAbam/RIBO-GLY-1.bam
    jobid: 4
    reason: Missing output files: rRNAbam/RIBO-GLY-1.bam; Input files updated by another job: sam/RIBO-GLY-1.sam
    wildcards: method=RIBO, condition=GLY, replicate=1
    threads: 8
    resources: mem_mb=1500, mem_mib=1431, disk_mb=4000, disk_mib=3815, tmpdir=/home/qasim/hribo_work/pao1/tmp

mkdir -p rRNAbam; samtools view -@ 8 -bh sam/RIBO-GLY-1.sam | samtools sort -@ 8 -o rRNAbam/RIBO-GLY-1.bam -O bam
Activating conda environment: .snakemake/conda/e4e8d879a2e99e8eada81c1d01b59187_
[bam_sort_core] merging from 0 files and 8 in-memory blocks...
[Tue Sep 15 21:25:03 2026]
Finished job 4.
45 of 163 steps (28%) done
Removing temporary output sam/RIBO-GLY-1.sam.
Select jobs to execute...
Execute 1 jobs...

[Tue Sep 15 21:25:03 2026]
localrule rrnafilter2:
    input: rRNAbam/RNA-GLY-1.bam, annotation/rrna.bed
    output: bam/RNA-GLY-1.bam
    jobid: 35
    reason: Missing output files: bam/RNA-GLY-1.bam; Input files updated by another job: annotation/rrna.bed, rRNAbam/RNA-GLY-1.bam
    wildcards: method=RNA, condition=GLY, replicate=1
    threads: 8
    resources: mem_mb=1500, mem_mib=1431, disk_mb=4000, disk_mib=3815, tmpdir=/home/qasim/hribo_work/pao1/tmp

mkdir -p norRNA; mkdir -p mapuniqnorrna; bedtools intersect -v -a rRNAbam/RNA-GLY-1.bam -b annotation/rrna.bed > bam/RNA-GLY-1.bam
Activating conda environment: .snakemake/conda/5d78150d6c2bcb941ea97861fbf2f2bc_
[Tue Sep 15 21:25:06 2026]
Finished job 35.
46 of 163 steps (28%) done
Select jobs to execute...
Execute 1 jobs...

[Tue Sep 15 21:25:06 2026]
localrule rrnauniquefeaturescounts:
    input: auxiliary/unambigous_annotation.gff, rRNAbam/RNA-GLY-1.bam
    output: qc/rrnainuniquelyaligned/RNA-GLY-1.txt
    jobid: 48
    reason: Missing output files: qc/rrnainuniquelyaligned/RNA-GLY-1.txt; Input files updated by another job: auxiliary/unambigous_annotation.gff, rRNAbam/RNA-GLY-1.bam
    wildcards: method=RNA, condition=GLY, replicate=1
    threads: 8
    resources: mem_mb=1500, mem_mib=1431, disk_mb=4000, disk_mib=3815, tmpdir=/home/qasim/hribo_work/pao1/tmp


        mkdir -p qc/rrnainuniquelyaligned;
        column3=$(cut -f3 auxiliary/unambigous_annotation.gff | sort | uniq)
        if [[ " ${column3[@]} " =~ "rRNA" ]];
        then
            featureCounts -T 8 -t rRNA -g ID -a auxiliary/unambigous_annotation.gff -o qc/rrnainuniquelyaligned/RNA-GLY-1.txt rRNAbam/RNA-GLY-1.bam;
        else
            touch qc/rrnainuniquelyaligned/RNA-GLY-1.txt;
        fi
        
Activating conda environment: .snakemake/conda/1e607777c0d0c5616a031d85763fc5e1_

        ==========     _____ _    _ ____  _____  ______          _____  
        =====         / ____| |  | |  _ \|  __ \|  ____|   /\   |  __ \ 
          =====      | (___ | |  | | |_) | |__) | |__     /  \  | |  | |
            ====      \___ \| |  | |  _ <|  _  /|  __|   / /\ \ | |  | |
              ====    ____) | |__| | |_) | | \ \| |____ / ____ \| |__| |
        ==========   |_____/ \____/|____/|_|  \_\______/_/    \_\_____/
	  v2.0.1

//========================== featureCounts setting ===========================\\
||                                                                            ||
||             Input files : 1 BAM file                                       ||
||                           o RNA-GLY-1.bam                                  ||
||                                                                            ||
||             Output file : RNA-GLY-1.txt                                    ||
||                 Summary : RNA-GLY-1.txt.summary                            ||
||              Annotation : unambigous_annotation.gff (GTF)                  ||
||      Dir for temp files : qc/rrnainuniquelyaligned                         ||
||                                                                            ||
||                 Threads : 8                                                ||
||                   Level : meta-feature level                               ||
||              Paired-end : no                                               ||
||      Multimapping reads : not counted                                      ||
|| Multi-overlapping reads : not counted                                      ||
||   Min overlapping bases : 1                                                ||
||                                                                            ||
\\============================================================================//

//================================= Running ==================================\\
||                                                                            ||
|| Load annotation file unambigous_annotation.gff ...                         ||
||    Features : 13                                                           ||
||    Meta-features : 13                                                      ||
||    Chromosomes/contigs : 1                                                 ||
||                                                                            ||
|| Process BAM file RNA-GLY-1.bam...                                          ||
||    Single-end reads are included.                                          ||
||    Total alignments : 1405641                                              ||
||    Successfully assigned alignments : 806404 (57.4%)                       ||
||    Running time : 0.01 minutes                                             ||
||                                                                            ||
|| Write the final count table.                                               ||
|| Write the read assignment summary.                                         ||
||                                                                            ||
|| Summary of counting results can be found in file "qc/rrnainuniquelyaligne  ||
|| d/RNA-GLY-1.txt.summary"                                                   ||
||                                                                            ||
\\============================================================================//

[Tue Sep 15 21:25:07 2026]
Finished job 48.
47 of 163 steps (29%) done
Select jobs to execute...
Execute 1 jobs...

[Tue Sep 15 21:25:07 2026]
localrule uniquemappedbamindex:
    input: rRNAbam/RNA-GLY-1.bam, genomes/sizes.genome
    output: rRNAbam/RNA-GLY-1.bam.bai
    jobid: 65
    reason: Missing output files: rRNAbam/RNA-GLY-1.bam.bai; Input files updated by another job: genomes/sizes.genome, rRNAbam/RNA-GLY-1.bam
    wildcards: method=RNA, condition=GLY, replicate=1
    threads: 8
    resources: mem_mb=1500, mem_mib=1431, disk_mb=4000, disk_mib=3815, tmpdir=/home/qasim/hribo_work/pao1/tmp

samtools index -@ 8 rRNAbam/RNA-GLY-1.bam
Activating conda environment: .snakemake/conda/e4e8d879a2e99e8eada81c1d01b59187_
[Tue Sep 15 21:25:07 2026]
Finished job 65.
48 of 163 steps (29%) done
Select jobs to execute...
Execute 1 jobs...

[Tue Sep 15 21:25:07 2026]
localrule rrnauniquefeaturescounts:
    input: auxiliary/unambigous_annotation.gff, rRNAbam/RIBO-GLY-1.bam
    output: qc/rrnainuniquelyaligned/RIBO-GLY-1.txt
    jobid: 47
    reason: Missing output files: qc/rrnainuniquelyaligned/RIBO-GLY-1.txt; Input files updated by another job: auxiliary/unambigous_annotation.gff, rRNAbam/RIBO-GLY-1.bam
    wildcards: method=RIBO, condition=GLY, replicate=1
    threads: 8
    resources: mem_mb=1500, mem_mib=1431, disk_mb=4000, disk_mib=3815, tmpdir=/home/qasim/hribo_work/pao1/tmp


        mkdir -p qc/rrnainuniquelyaligned;
        column3=$(cut -f3 auxiliary/unambigous_annotation.gff | sort | uniq)
        if [[ " ${column3[@]} " =~ "rRNA" ]];
        then
            featureCounts -T 8 -t rRNA -g ID -a auxiliary/unambigous_annotation.gff -o qc/rrnainuniquelyaligned/RIBO-GLY-1.txt rRNAbam/RIBO-GLY-1.bam;
        else
            touch qc/rrnainuniquelyaligned/RIBO-GLY-1.txt;
        fi
        
Activating conda environment: .snakemake/conda/1e607777c0d0c5616a031d85763fc5e1_

        ==========     _____ _    _ ____  _____  ______          _____  
        =====         / ____| |  | |  _ \|  __ \|  ____|   /\   |  __ \ 
          =====      | (___ | |  | | |_) | |__) | |__     /  \  | |  | |
            ====      \___ \| |  | |  _ <|  _  /|  __|   / /\ \ | |  | |
              ====    ____) | |__| | |_) | | \ \| |____ / ____ \| |__| |
        ==========   |_____/ \____/|____/|_|  \_\______/_/    \_\_____/
	  v2.0.1

//========================== featureCounts setting ===========================\\
||                                                                            ||
||             Input files : 1 BAM file                                       ||
||                           o RIBO-GLY-1.bam                                 ||
||                                                                            ||
||             Output file : RIBO-GLY-1.txt                                   ||
||                 Summary : RIBO-GLY-1.txt.summary                           ||
||              Annotation : unambigous_annotation.gff (GTF)                  ||
||      Dir for temp files : qc/rrnainuniquelyaligned                         ||
||                                                                            ||
||                 Threads : 8                                                ||
||                   Level : meta-feature level                               ||
||              Paired-end : no                                               ||
||      Multimapping reads : not counted                                      ||
|| Multi-overlapping reads : not counted                                      ||
||   Min overlapping bases : 1                                                ||
||                                                                            ||
\\============================================================================//

//================================= Running ==================================\\
||                                                                            ||
|| Load annotation file unambigous_annotation.gff ...                         ||
||    Features : 13                                                           ||
||    Meta-features : 13                                                      ||
||    Chromosomes/contigs : 1                                                 ||
||                                                                            ||
|| Process BAM file RIBO-GLY-1.bam...                                         ||
||    Single-end reads are included.                                          ||
||    Total alignments : 900858                                               ||
||    Successfully assigned alignments : 239516 (26.6%)                       ||
||    Running time : 0.00 minutes                                             ||
||                                                                            ||
|| Write the final count table.                                               ||
|| Write the read assignment summary.                                         ||
||                                                                            ||
|| Summary of counting results can be found in file "qc/rrnainuniquelyaligne  ||
|| d/RIBO-GLY-1.txt.summary"                                                  ||
||                                                                            ||
\\============================================================================//

[Tue Sep 15 21:25:08 2026]
Finished job 47.
49 of 163 steps (30%) done
Select jobs to execute...
Execute 1 jobs...

[Tue Sep 15 21:25:08 2026]
localrule uniquemappedbamindex:
    input: rRNAbam/RIBO-GLY-1.bam, genomes/sizes.genome
    output: rRNAbam/RIBO-GLY-1.bam.bai
    jobid: 64
    reason: Missing output files: rRNAbam/RIBO-GLY-1.bam.bai; Input files updated by another job: genomes/sizes.genome, rRNAbam/RIBO-GLY-1.bam
    wildcards: method=RIBO, condition=GLY, replicate=1
    threads: 8
    resources: mem_mb=1500, mem_mib=1431, disk_mb=4000, disk_mib=3815, tmpdir=/home/qasim/hribo_work/pao1/tmp

samtools index -@ 8 rRNAbam/RIBO-GLY-1.bam
Activating conda environment: .snakemake/conda/e4e8d879a2e99e8eada81c1d01b59187_
[Tue Sep 15 21:25:08 2026]
Finished job 64.
50 of 163 steps (31%) done
Select jobs to execute...
Execute 4 jobs...

[Tue Sep 15 21:25:08 2026]
localrule mapTotalReads:
    input: readcounts/annotation_total_reads.raw, auxiliary/enriched_annotation.gff
    output: readcounts/total_annotation.gtf
    jobid: 60
    reason: Missing output files: readcounts/total_annotation.gtf; Input files updated by another job: auxiliary/enriched_annotation.gff, readcounts/annotation_total_reads.raw
    resources: mem_mb=1500, mem_mib=1431, disk_mb=4000, disk_mib=3815, tmpdir=/home/qasim/hribo_work/pao1/tmp


        mkdir -p readcounts; HRIBO/scripts/map_reads_to_annotation.py -i readcounts/annotation_total_reads.raw -a auxiliary/enriched_annotation.gff -o readcounts/total_annotation.gtf
        
Activating conda environment: .snakemake/conda/7d1806eb8cf01f4bb08bc6d776e0a631_

[Tue Sep 15 21:25:08 2026]
localrule maplink:
    input: bam/RNA-GLY-1.bam
    output: maplink/RNA-GLY-1.bam
    jobid: 73
    reason: Missing output files: maplink/RNA-GLY-1.bam; Input files updated by another job: bam/RNA-GLY-1.bam
    wildcards: method=RNA, condition=GLY, replicate=1
    resources: mem_mb=1500, mem_mib=1431, disk_mb=4000, disk_mib=3815, tmpdir=/home/qasim/hribo_work/pao1/tmp

mkdir -p maplink; ln -s /home/qasim/hribo_work/pao1/bam/RNA-GLY-1.bam /home/qasim/hribo_work/pao1/maplink/RNA-GLY-1.bam

[Tue Sep 15 21:25:08 2026]
localrule generateAnnotationUniqueReadCounts:
    input: rRNAbam/RIBO-GLY-1.bam, rRNAbam/RNA-GLY-1.bam, rRNAbam/RIBO-GLY-1.bam.bai, rRNAbam/RNA-GLY-1.bam.bai, auxiliary/unambigous_annotation.gff
    output: readcounts/annotation_unique_reads.raw
    jobid: 67
    reason: Missing output files: readcounts/annotation_unique_reads.raw; Input files updated by another job: rRNAbam/RNA-GLY-1.bam.bai, rRNAbam/RIBO-GLY-1.bam.bai, auxiliary/unambigous_annotation.gff, rRNAbam/RIBO-GLY-1.bam, rRNAbam/RNA-GLY-1.bam
    threads: 5
    resources: mem_mb=1500, mem_mib=1431, disk_mb=4000, disk_mib=3815, tmpdir=/home/qasim/hribo_work/pao1/tmp


        mkdir -p auxiliary
        HRIBO/scripts/call_featurecounts.py -b rRNAbam/RIBO-GLY-1.bam rRNAbam/RNA-GLY-1.bam -s 1 --with_O --fraction -o readcounts/annotation_unique_reads.raw -t 5 -a auxiliary/unambigous_annotation.gff
        
Activating conda environment: .snakemake/conda/1e607777c0d0c5616a031d85763fc5e1_

[Tue Sep 15 21:25:08 2026]
localrule uniqueMappedReads:
    input: rRNAbam/RIBO-GLY-1.bam, rRNAbam/RNA-GLY-1.bam, rRNAbam/RIBO-GLY-1.bam.bai, rRNAbam/RNA-GLY-1.bam.bai
    output: readcounts/unique_mapped_reads.txt, readcounts/unique_average_read_lengths.txt
    jobid: 63
    reason: Missing output files: readcounts/unique_mapped_reads.txt; Input files updated by another job: rRNAbam/RNA-GLY-1.bam.bai, rRNAbam/RIBO-GLY-1.bam.bai, rRNAbam/RIBO-GLY-1.bam, rRNAbam/RNA-GLY-1.bam
    resources: mem_mb=1500, mem_mib=1431, disk_mb=4000, disk_mib=3815, tmpdir=/home/qasim/hribo_work/pao1/tmp

mkdir -p readcounts; HRIBO/scripts/total_mapped_reads.py -b rRNAbam/RIBO-GLY-1.bam rRNAbam/RNA-GLY-1.bam -m readcounts/unique_mapped_reads.txt -l readcounts/unique_average_read_lengths.txt
Activating conda environment: .snakemake/conda/0d091559bc1801de38f96410c86a9fde_
[Tue Sep 15 21:25:08 2026]
Finished job 73.
51 of 163 steps (31%) done
Select jobs to execute...

        ==========     _____ _    _ ____  _____  ______          _____  
        =====         / ____| |  | |  _ \|  __ \|  ____|   /\   |  __ \ 
          =====      | (___ | |  | | |_) | |__) | |__     /  \  | |  | |
            ====      \___ \| |  | |  _ <|  _  /|  __|   / /\ \ | |  | |
              ====    ____) | |__| | |_) | | \ \| |____ / ____ \| |__| |
        ==========   |_____/ \____/|____/|_|  \_\______/_/    \_\_____/
	  v2.0.1

//========================== featureCounts setting ===========================\\
||                                                                            ||
||             Input files : 2 BAM files                                      ||
||                           o RIBO-GLY-1.bam                                 ||
||                           o RNA-GLY-1.bam                                  ||
||                                                                            ||
||             Output file : annotation_unique_reads.tmp                      ||
||                 Summary : annotation_unique_reads.tmp.summary              ||
||              Annotation : unambigous_annotation.gff (GTF)                  ||
||      Dir for temp files : readcounts                                       ||
||                                                                            ||
||                 Threads : 5                                                ||
||                   Level : meta-feature level                               ||
||              Paired-end : no                                               ||
||      Multimapping reads : not counted                                      ||
|| Multi-overlapping reads : counted                                          ||
||   Min overlapping bases : 1                                                ||
||                                                                            ||
\\============================================================================//

//================================= Running ==================================\\
||                                                                            ||
|| Load annotation file unambigous_annotation.gff ...                         ||
||    Features : 1                                                            ||
||    Meta-features : 1                                                       ||
||    Chromosomes/contigs : 1                                                 ||
||                                                                            ||
|| Process BAM file RIBO-GLY-1.bam...                                         ||
||    Strand specific : stranded                                              ||
[Tue Sep 15 21:25:09 2026]
Finished job 60.
52 of 163 steps (32%) done
Execute 2 jobs...

[Tue Sep 15 21:25:10 2026]
localrule createExcelTotalAnnotation:
    input: readcounts/total_mapped_reads.txt, readcounts/total_annotation.gtf, genomes/genome.fa
    output: auxiliary/annotation_total.xlsx
    jobid: 56
    reason: Missing output files: auxiliary/annotation_total.xlsx; Input files updated by another job: readcounts/total_mapped_reads.txt, genomes/genome.fa, readcounts/total_annotation.gtf
    resources: mem_mb=1500, mem_mib=1431, disk_mb=4000, disk_mib=3815, tmpdir=/home/qasim/hribo_work/pao1/tmp

mkdir -p auxiliary; HRIBO/scripts/generate_excel.py -t readcounts/total_mapped_reads.txt -r readcounts/total_annotation.gtf -g genomes/genome.fa -o auxiliary/annotation_total.xlsx
Activating conda environment: .snakemake/conda/fa51360e7b638753ab3668d175d3d552_

[Tue Sep 15 21:25:10 2026]
localrule createExcelTotalAnnotationReadCount:
    input: readcounts/total_annotation.gtf, readcounts/total_mapped_reads.txt
    output: auxiliary/total_read_counts.xlsx
    jobid: 68
    reason: Missing output files: auxiliary/total_read_counts.xlsx; Input files updated by another job: readcounts/total_mapped_reads.txt, readcounts/total_annotation.gtf
    resources: mem_mb=1500, mem_mib=1431, disk_mb=4000, disk_mib=3815, tmpdir=/home/qasim/hribo_work/pao1/tmp

mkdir -p auxiliary; HRIBO/scripts/generate_read_table.py -r readcounts/total_annotation.gtf -t readcounts/total_mapped_reads.txt -o auxiliary/total_read_counts.xlsx
Activating conda environment: .snakemake/conda/fa51360e7b638753ab3668d175d3d552_
||    Single-end reads are included.                                          ||
||    Total alignments : 900858                                               ||
||    Successfully assigned alignments : 514344 (57.1%)                       ||
||    Running time : 0.01 minutes                                             ||
||                                                                            ||
|| Process BAM file RNA-GLY-1.bam...                                          ||
||    Strand specific : stranded                                              ||
||    Single-end reads are included.                                          ||
||    Total alignments : 1405641                                              ||
||    Successfully assigned alignments : 1026514 (73.0%)                      ||
||    Running time : 0.01 minutes                                             ||
||                                                                            ||
|| Write the final count table.                                               ||
|| Write the read assignment summary.                                         ||
||                                                                            ||
|| Summary of counting results can be found in file "readcounts/annotation_u  ||
|| nique_reads.tmp.summary"                                                   ||
||                                                                            ||
\\============================================================================//


        ==========     _____ _    _ ____  _____  ______          _____  
        =====         / ____| |  | |  _ \|  __ \|  ____|   /\   |  __ \ 
          =====      | (___ | |  | | |_) | |__) | |__     /  \  | |  | |
            ====      \___ \| |  | |  _ <|  _  /|  __|   / /\ \ | |  | |
              ====    ____) | |__| | |_) | | \ \| |____ / ____ \| |__| |
        ==========   |_____/ \____/|____/|_|  \_\______/_/    \_\_____/
	  v2.0.1

//========================== featureCounts setting ===========================\\
||                                                                            ||
||             Input files : 2 BAM files                                      ||
||                           o RIBO-GLY-1.bam                                 ||
||                           o RNA-GLY-1.bam                                  ||
||                                                                            ||
||             Output file : annotation_unique_reads.tmp                      ||
||                 Summary : annotation_unique_reads.tmp.summary              ||
||              Annotation : unambigous_annotation.gff (GTF)                  ||
||      Dir for temp files : readcounts                                       ||
||                                                                            ||
||                 Threads : 5                                                ||
||                   Level : meta-feature level                               ||
||              Paired-end : no                                               ||
||      Multimapping reads : not counted                                      ||
|| Multi-overlapping reads : counted                                          ||
||   Min overlapping bases : 1                                                ||
||                                                                            ||
\\============================================================================//

//================================= Running ==================================\\
||                                                                            ||
|| Load annotation file unambigous_annotation.gff ...                         ||
||    Features : 5678                                                         ||
||    Meta-features : 5678                                                    ||
||    Chromosomes/contigs : 1                                                 ||
||                                                                            ||
|| Process BAM file RIBO-GLY-1.bam...                                         ||
||    Strand specific : stranded                                              ||
||    Single-end reads are included.                                          ||
||    Total alignments : 900858                                               ||
||    Successfully assigned alignments : 864278 (95.9%)                       ||
||    Running time : 0.01 minutes                                             ||
||                                                                            ||
|| Process BAM file RNA-GLY-1.bam...                                          ||
||    Strand specific : stranded                                              ||
[Tue Sep 15 21:25:11 2026]
Finished job 68.
53 of 163 steps (33%) done
Select jobs to execute...
||    Single-end reads are included.                                          ||
||    Total alignments : 1405641                                              ||
||    Successfully assigned alignments : 1348748 (96.0%)                      ||
||    Running time : 0.01 minutes                                             ||
||                                                                            ||
|| Write the final count table.                                               ||
|| Write the read assignment summary.                                         ||
||                                                                            ||
|| Summary of counting results can be found in file "readcounts/annotation_u  ||
|| nique_reads.tmp.summary"                                                   ||
||                                                                            ||
\\============================================================================//


        ==========     _____ _    _ ____  _____  ______          _____  
        =====         / ____| |  | |  _ \|  __ \|  ____|   /\   |  __ \ 
          =====      | (___ | |  | | |_) | |__) | |__     /  \  | |  | |
            ====      \___ \| |  | |  _ <|  _  /|  __|   / /\ \ | |  | |
              ====    ____) | |__| | |_) | | \ \| |____ / ____ \| |__| |
        ==========   |_____/ \____/|____/|_|  \_\______/_/    \_\_____/
	  v2.0.1

//========================== featureCounts setting ===========================\\
||                                                                            ||
||             Input files : 2 BAM files                                      ||
||                           o RIBO-GLY-1.bam                                 ||
||                           o RNA-GLY-1.bam                                  ||
||                                                                            ||
||             Output file : annotation_unique_reads.tmp                      ||
||                 Summary : annotation_unique_reads.tmp.summary              ||
||              Annotation : unambigous_annotation.gff (GTF)                  ||
||      Dir for temp files : readcounts                                       ||
||                                                                            ||
||                 Threads : 5                                                ||
||                   Level : meta-feature level                               ||
||              Paired-end : no                                               ||
||      Multimapping reads : not counted                                      ||
|| Multi-overlapping reads : counted                                          ||
||   Min overlapping bases : 1                                                ||
||                                                                            ||
\\============================================================================//

//================================= Running ==================================\\
||                                                                            ||
|| Load annotation file unambigous_annotation.gff ...                         ||
||    Features : 5573                                                         ||
||    Meta-features : 5573                                                    ||
||    Chromosomes/contigs : 1                                                 ||
||                                                                            ||
|| Process BAM file RIBO-GLY-1.bam...                                         ||
||    Strand specific : stranded                                              ||
||    Single-end reads are included.                                          ||
||    Total alignments : 900858                                               ||
||    Successfully assigned alignments : 570670 (63.3%)                       ||
||    Running time : 0.01 minutes                                             ||
||                                                                            ||
|| Process BAM file RNA-GLY-1.bam...                                          ||
||    Strand specific : stranded                                              ||
||    Single-end reads are included.                                          ||
||    Total alignments : 1405641                                              ||
||    Successfully assigned alignments : 245665 (17.5%)                       ||
||    Running time : 0.01 minutes                                             ||
||                                                                            ||
|| Write the final count table.                                               ||
|| Write the read assignment summary.                                         ||
||                                                                            ||
|| Summary of counting results can be found in file "readcounts/annotation_u  ||
|| nique_reads.tmp.summary"                                                   ||
||                                                                            ||
\\============================================================================//


        ==========     _____ _    _ ____  _____  ______          _____  
        =====         / ____| |  | |  _ \|  __ \|  ____|   /\   |  __ \ 
          =====      | (___ | |  | | |_) | |__) | |__     /  \  | |  | |
            ====      \___ \| |  | |  _ <|  _  /|  __|   / /\ \ | |  | |
              ====    ____) | |__| | |_) | | \ \| |____ / ____ \| |__| |
        ==========   |_____/ \____/|____/|_|  \_\______/_/    \_\_____/
	  v2.0.1

//========================== featureCounts setting ===========================\\
||                                                                            ||
||             Input files : 2 BAM files                                      ||
||                           o RIBO-GLY-1.bam                                 ||
||                           o RNA-GLY-1.bam                                  ||
||                                                                            ||
||             Output file : annotation_unique_reads.tmp                      ||
||                 Summary : annotation_unique_reads.tmp.summary              ||
||              Annotation : unambigous_annotation.gff (GTF)                  ||
||      Dir for temp files : readcounts                                       ||
||                                                                            ||
||                 Threads : 5                                                ||
||                   Level : meta-feature level                               ||
||              Paired-end : no                                               ||
||      Multimapping reads : not counted                                      ||
|| Multi-overlapping reads : counted                                          ||
||   Min overlapping bases : 1                                                ||
||                                                                            ||
\\============================================================================//

//================================= Running ==================================\\
||                                                                            ||
|| Load annotation file unambigous_annotation.gff ...                         ||
||    Features : 532                                                          ||
||    Meta-features : 532                                                     ||
||    Chromosomes/contigs : 1                                                 ||
||                                                                            ||
|| Process BAM file RIBO-GLY-1.bam...                                         ||
||    Strand specific : stranded                                              ||
||    Single-end reads are included.                                          ||
||    Total alignments : 900858                                               ||
||    Successfully assigned alignments : 3446 (0.4%)                          ||
||    Running time : 0.01 minutes                                             ||
||                                                                            ||
|| Process BAM file RNA-GLY-1.bam...                                          ||
||    Strand specific : stranded                                              ||
[Tue Sep 15 21:25:13 2026]
Finished job 63.
54 of 163 steps (33%) done
||    Single-end reads are included.                                          ||
||    Total alignments : 1405641                                              ||
||    Successfully assigned alignments : 884 (0.1%)                           ||
||    Running time : 0.01 minutes                                             ||
||                                                                            ||
|| Write the final count table.                                               ||
|| Write the read assignment summary.                                         ||
||                                                                            ||
|| Summary of counting results can be found in file "readcounts/annotation_u  ||
|| nique_reads.tmp.summary"                                                   ||
||                                                                            ||
\\============================================================================//


        ==========     _____ _    _ ____  _____  ______          _____  
        =====         / ____| |  | |  _ \|  __ \|  ____|   /\   |  __ \ 
          =====      | (___ | |  | | |_) | |__) | |__     /  \  | |  | |
            ====      \___ \| |  | |  _ <|  _  /|  __|   / /\ \ | |  | |
              ====    ____) | |__| | |_) | | \ \| |____ / ____ \| |__| |
        ==========   |_____/ \____/|____/|_|  \_\______/_/    \_\_____/
	  v2.0.1

//========================== featureCounts setting ===========================\\
||                                                                            ||
||             Input files : 2 BAM files                                      ||
||                           o RIBO-GLY-1.bam                                 ||
||                           o RNA-GLY-1.bam                                  ||
||                                                                            ||
||             Output file : annotation_unique_reads.tmp                      ||
||                 Summary : annotation_unique_reads.tmp.summary              ||
||              Annotation : unambigous_annotation.gff (GTF)                  ||
||      Dir for temp files : readcounts                                       ||
||                                                                            ||
||                 Threads : 5                                                ||
||                   Level : meta-feature level                               ||
||              Paired-end : no                                               ||
||      Multimapping reads : not counted                                      ||
|| Multi-overlapping reads : counted                                          ||
||   Min overlapping bases : 1                                                ||
||                                                                            ||
\\============================================================================//

//================================= Running ==================================\\
||                                                                            ||
|| Load annotation file unambigous_annotation.gff ...                         ||
||    Features : 19                                                           ||
||    Meta-features : 19                                                      ||
||    Chromosomes/contigs : 1                                                 ||
||                                                                            ||
|| Process BAM file RIBO-GLY-1.bam...                                         ||
||    Strand specific : stranded                                              ||
||    Single-end reads are included.                                          ||
||    Total alignments : 900858                                               ||
||    Successfully assigned alignments : 1040 (0.1%)                          ||
||    Running time : 0.01 minutes                                             ||
||                                                                            ||
|| Process BAM file RNA-GLY-1.bam...                                          ||
||    Strand specific : stranded                                              ||
||    Single-end reads are included.                                          ||
||    Total alignments : 1405641                                              ||
||    Successfully assigned alignments : 576 (0.0%)                           ||
||    Running time : 0.01 minutes                                             ||
||                                                                            ||
|| Write the final count table.                                               ||
|| Write the read assignment summary.                                         ||
||                                                                            ||
|| Summary of counting results can be found in file "readcounts/annotation_u  ||
|| nique_reads.tmp.summary"                                                   ||
||                                                                            ||
\\============================================================================//


        ==========     _____ _    _ ____  _____  ______          _____  
        =====         / ____| |  | |  _ \|  __ \|  ____|   /\   |  __ \ 
          =====      | (___ | |  | | |_) | |__) | |__     /  \  | |  | |
            ====      \___ \| |  | |  _ <|  _  /|  __|   / /\ \ | |  | |
              ====    ____) | |__| | |_) | | \ \| |____ / ____ \| |__| |
        ==========   |_____/ \____/|____/|_|  \_\______/_/    \_\_____/
	  v2.0.1

//========================== featureCounts setting ===========================\\
||                                                                            ||
||             Input files : 2 BAM files                                      ||
||                           o RIBO-GLY-1.bam                                 ||
||                           o RNA-GLY-1.bam                                  ||
||                                                                            ||
||             Output file : annotation_unique_reads.tmp                      ||
||                 Summary : annotation_unique_reads.tmp.summary              ||
||              Annotation : unambigous_annotation.gff (GTF)                  ||
||      Dir for temp files : readcounts                                       ||
||                                                                            ||
||                 Threads : 5                                                ||
||                   Level : meta-feature level                               ||
||              Paired-end : no                                               ||
||      Multimapping reads : not counted                                      ||
|| Multi-overlapping reads : counted                                          ||
||   Min overlapping bases : 1                                                ||
||                                                                            ||
\\============================================================================//

//================================= Running ==================================\\
||                                                                            ||
|| Load annotation file unambigous_annotation.gff ...                         ||
||    Features : 63                                                           ||
||    Meta-features : 63                                                      ||
||    Chromosomes/contigs : 1                                                 ||
||                                                                            ||
|| Process BAM file RIBO-GLY-1.bam...                                         ||
||    Strand specific : stranded                                              ||
||    Single-end reads are included.                                          ||
||    Total alignments : 900858                                               ||
||    Successfully assigned alignments : 22310 (2.5%)                         ||
||    Running time : 0.01 minutes                                             ||
||                                                                            ||
|| Process BAM file RNA-GLY-1.bam...                                          ||
||    Strand specific : stranded                                              ||
||    Single-end reads are included.                                          ||
||    Total alignments : 1405641                                              ||
||    Successfully assigned alignments : 217112 (15.4%)                       ||
||    Running time : 0.01 minutes                                             ||
||                                                                            ||
|| Write the final count table.                                               ||
|| Write the read assignment summary.                                         ||
||                                                                            ||
|| Summary of counting results can be found in file "readcounts/annotation_u  ||
|| nique_reads.tmp.summary"                                                   ||
||                                                                            ||
\\============================================================================//


        ==========     _____ _    _ ____  _____  ______          _____  
        =====         / ____| |  | |  _ \|  __ \|  ____|   /\   |  __ \ 
          =====      | (___ | |  | | |_) | |__) | |__     /  \  | |  | |
            ====      \___ \| |  | |  _ <|  _  /|  __|   / /\ \ | |  | |
              ====    ____) | |__| | |_) | | \ \| |____ / ____ \| |__| |
        ==========   |_____/ \____/|____/|_|  \_\______/_/    \_\_____/
	  v2.0.1

//========================== featureCounts setting ===========================\\
||                                                                            ||
||             Input files : 2 BAM files                                      ||
||                           o RIBO-GLY-1.bam                                 ||
||                           o RNA-GLY-1.bam                                  ||
||                                                                            ||
||             Output file : annotation_unique_reads.tmp                      ||
||                 Summary : annotation_unique_reads.tmp.summary              ||
||              Annotation : unambigous_annotation.gff (GTF)                  ||
||      Dir for temp files : readcounts                                       ||
||                                                                            ||
||                 Threads : 5                                                ||
||                   Level : meta-feature level                               ||
||              Paired-end : no                                               ||
||      Multimapping reads : not counted                                      ||
|| Multi-overlapping reads : counted                                          ||
||   Min overlapping bases : 1                                                ||
||                                                                            ||
\\============================================================================//

//================================= Running ==================================\\
||                                                                            ||
|| Load annotation file unambigous_annotation.gff ...                         ||
||    Features : 106                                                          ||
||    Meta-features : 106                                                     ||
||    Chromosomes/contigs : 1                                                 ||
||                                                                            ||
|| Process BAM file RIBO-GLY-1.bam...                                         ||
||    Strand specific : stranded                                              ||
||    Single-end reads are included.                                          ||
||    Total alignments : 900858                                               ||
||    Successfully assigned alignments : 293858 (32.6%)                       ||
||    Running time : 0.01 minutes                                             ||
||                                                                            ||
|| Process BAM file RNA-GLY-1.bam...                                          ||
||    Strand specific : stranded                                              ||
||    Single-end reads are included.                                          ||
||    Total alignments : 1405641                                              ||
||    Successfully assigned alignments : 1103291 (78.5%)                      ||
||    Running time : 0.01 minutes                                             ||
||                                                                            ||
|| Write the final count table.                                               ||
|| Write the read assignment summary.                                         ||
||                                                                            ||
|| Summary of counting results can be found in file "readcounts/annotation_u  ||
|| nique_reads.tmp.summary"                                                   ||
||                                                                            ||
\\============================================================================//


        ==========     _____ _    _ ____  _____  ______          _____  
        =====         / ____| |  | |  _ \|  __ \|  ____|   /\   |  __ \ 
          =====      | (___ | |  | | |_) | |__) | |__     /  \  | |  | |
            ====      \___ \| |  | |  _ <|  _  /|  __|   / /\ \ | |  | |
              ====    ____) | |__| | |_) | | \ \| |____ / ____ \| |__| |
        ==========   |_____/ \____/|____/|_|  \_\______/_/    \_\_____/
	  v2.0.1

//========================== featureCounts setting ===========================\\
||                                                                            ||
||             Input files : 2 BAM files                                      ||
||                           o RIBO-GLY-1.bam                                 ||
||                           o RNA-GLY-1.bam                                  ||
||                                                                            ||
||             Output file : annotation_unique_reads.tmp                      ||
||                 Summary : annotation_unique_reads.tmp.summary              ||
||              Annotation : unambigous_annotation.gff (GTF)                  ||
||      Dir for temp files : readcounts                                       ||
||                                                                            ||
||                 Threads : 5                                                ||
||                   Level : meta-feature level                               ||
||              Paired-end : no                                               ||
||      Multimapping reads : not counted                                      ||
|| Multi-overlapping reads : counted                                          ||
||   Min overlapping bases : 1                                                ||
||                                                                            ||
\\============================================================================//

//================================= Running ==================================\\
||                                                                            ||
|| Load annotation file unambigous_annotation.gff ...                         ||
||    Features : 28                                                           ||
||    Meta-features : 28                                                      ||
||    Chromosomes/contigs : 1                                                 ||
||                                                                            ||
|| Process BAM file RIBO-GLY-1.bam...                                         ||
||    Strand specific : stranded                                              ||
||    Single-end reads are included.                                          ||
||    Total alignments : 900858                                               ||
||    Successfully assigned alignments : 5706 (0.6%)                          ||
||    Running time : 0.01 minutes                                             ||
||                                                                            ||
|| Process BAM file RNA-GLY-1.bam...                                          ||
||    Strand specific : stranded                                              ||
||    Single-end reads are included.                                          ||
||    Total alignments : 1405641                                              ||
||    Successfully assigned alignments : 26886 (1.9%)                         ||
||    Running time : 0.01 minutes                                             ||
||                                                                            ||
|| Write the final count table.                                               ||
|| Write the read assignment summary.                                         ||
||                                                                            ||
|| Summary of counting results can be found in file "readcounts/annotation_u  ||
|| nique_reads.tmp.summary"                                                   ||
||                                                                            ||
\\============================================================================//


        ==========     _____ _    _ ____  _____  ______          _____  
        =====         / ____| |  | |  _ \|  __ \|  ____|   /\   |  __ \ 
          =====      | (___ | |  | | |_) | |__) | |__     /  \  | |  | |
            ====      \___ \| |  | |  _ <|  _  /|  __|   / /\ \ | |  | |
              ====    ____) | |__| | |_) | | \ \| |____ / ____ \| |__| |
        ==========   |_____/ \____/|____/|_|  \_\______/_/    \_\_____/
	  v2.0.1

//========================== featureCounts setting ===========================\\
||                                                                            ||
||             Input files : 2 BAM files                                      ||
||                           o RIBO-GLY-1.bam                                 ||
||                           o RNA-GLY-1.bam                                  ||
||                                                                            ||
||             Output file : annotation_unique_reads.tmp                      ||
||                 Summary : annotation_unique_reads.tmp.summary              ||
||              Annotation : unambigous_annotation.gff (GTF)                  ||
||      Dir for temp files : readcounts                                       ||
||                                                                            ||
||                 Threads : 5                                                ||
||                   Level : meta-feature level                               ||
||              Paired-end : no                                               ||
||      Multimapping reads : not counted                                      ||
|| Multi-overlapping reads : counted                                          ||
||   Min overlapping bases : 1                                                ||
||                                                                            ||
\\============================================================================//

//================================= Running ==================================\\
||                                                                            ||
|| Load annotation file unambigous_annotation.gff ...                         ||
||    Features : 13                                                           ||
||    Meta-features : 13                                                      ||
||    Chromosomes/contigs : 1                                                 ||
||                                                                            ||
|| Process BAM file RIBO-GLY-1.bam...                                         ||
||    Strand specific : stranded                                              ||
||    Single-end reads are included.                                          ||
||    Total alignments : 900858                                               ||
||    Successfully assigned alignments : 239508 (26.6%)                       ||
||    Running time : 0.01 minutes                                             ||
||                                                                            ||
|| Process BAM file RNA-GLY-1.bam...                                          ||
||    Strand specific : stranded                                              ||
||    Single-end reads are included.                                          ||
||    Total alignments : 1405641                                              ||
||    Successfully assigned alignments : 806390 (57.4%)                       ||
||    Running time : 0.01 minutes                                             ||
||                                                                            ||
|| Write the final count table.                                               ||
|| Write the read assignment summary.                                         ||
||                                                                            ||
|| Summary of counting results can be found in file "readcounts/annotation_u  ||
|| nique_reads.tmp.summary"                                                   ||
||                                                                            ||
\\============================================================================//


        ==========     _____ _    _ ____  _____  ______          _____  
        =====         / ____| |  | |  _ \|  __ \|  ____|   /\   |  __ \ 
          =====      | (___ | |  | | |_) | |__) | |__     /  \  | |  | |
            ====      \___ \| |  | |  _ <|  _  /|  __|   / /\ \ | |  | |
              ====    ____) | |__| | |_) | | \ \| |____ / ____ \| |__| |
        ==========   |_____/ \____/|____/|_|  \_\______/_/    \_\_____/
	  v2.0.1

//========================== featureCounts setting ===========================\\
||                                                                            ||
||             Input files : 2 BAM files                                      ||
||                           o RIBO-GLY-1.bam                                 ||
||                           o RNA-GLY-1.bam                                  ||
||                                                                            ||
||             Output file : annotation_unique_reads.tmp                      ||
||                 Summary : annotation_unique_reads.tmp.summary              ||
||              Annotation : unambigous_annotation.gff (GTF)                  ||
||      Dir for temp files : readcounts                                       ||
||                                                                            ||
||                 Threads : 5                                                ||
||                   Level : meta-feature level                               ||
||              Paired-end : no                                               ||
||      Multimapping reads : not counted                                      ||
|| Multi-overlapping reads : counted                                          ||
||   Min overlapping bases : 1                                                ||
||                                                                            ||
\\============================================================================//

//================================= Running ==================================\\
||                                                                            ||
|| Load annotation file unambigous_annotation.gff ...                         ||
||    Features : 1                                                            ||
||    Meta-features : 1                                                       ||
||    Chromosomes/contigs : 1                                                 ||
||                                                                            ||
|| Process BAM file RIBO-GLY-1.bam...                                         ||
||    Strand specific : stranded                                              ||
||    Single-end reads are included.                                          ||
||    Total alignments : 900858                                               ||
||    Successfully assigned alignments : 26334 (2.9%)                         ||
||    Running time : 0.01 minutes                                             ||
||                                                                            ||
|| Process BAM file RNA-GLY-1.bam...                                          ||
||    Strand specific : stranded                                              ||
||    Single-end reads are included.                                          ||
||    Total alignments : 1405641                                              ||
||    Successfully assigned alignments : 52902 (3.8%)                         ||
||    Running time : 0.01 minutes                                             ||
||                                                                            ||
|| Write the final count table.                                               ||
|| Write the read assignment summary.                                         ||
||                                                                            ||
|| Summary of counting results can be found in file "readcounts/annotation_u  ||
|| nique_reads.tmp.summary"                                                   ||
||                                                                            ||
\\============================================================================//


        ==========     _____ _    _ ____  _____  ______          _____  
        =====         / ____| |  | |  _ \|  __ \|  ____|   /\   |  __ \ 
          =====      | (___ | |  | | |_) | |__) | |__     /  \  | |  | |
            ====      \___ \| |  | |  _ <|  _  /|  __|   / /\ \ | |  | |
              ====    ____) | |__| | |_) | | \ \| |____ / ____ \| |__| |
        ==========   |_____/ \____/|____/|_|  \_\______/_/    \_\_____/
	  v2.0.1

//========================== featureCounts setting ===========================\\
||                                                                            ||
||             Input files : 2 BAM files                                      ||
||                           o RIBO-GLY-1.bam                                 ||
||                           o RNA-GLY-1.bam                                  ||
||                                                                            ||
||             Output file : annotation_unique_reads.tmp                      ||
||                 Summary : annotation_unique_reads.tmp.summary              ||
||              Annotation : unambigous_annotation.gff (GTF)                  ||
||      Dir for temp files : readcounts                                       ||
||                                                                            ||
||                 Threads : 5                                                ||
||                   Level : meta-feature level                               ||
||              Paired-end : no                                               ||
||      Multimapping reads : not counted                                      ||
|| Multi-overlapping reads : counted                                          ||
||   Min overlapping bases : 1                                                ||
||                                                                            ||
\\============================================================================//

//================================= Running ==================================\\
||                                                                            ||
|| Load annotation file unambigous_annotation.gff ...                         ||
||    Features : 1                                                            ||
||    Meta-features : 1                                                       ||
||    Chromosomes/contigs : 1                                                 ||
||                                                                            ||
|| Process BAM file RIBO-GLY-1.bam...                                         ||
||    Strand specific : stranded                                              ||
||    Single-end reads are included.                                          ||
||    Total alignments : 900858                                               ||
||    Successfully assigned alignments : 0 (0.0%)                             ||
||    Running time : 0.01 minutes                                             ||
||                                                                            ||
|| Process BAM file RNA-GLY-1.bam...                                          ||
||    Strand specific : stranded                                              ||
||    Single-end reads are included.                                          ||
||    Total alignments : 1405641                                              ||
||    Successfully assigned alignments : 1 (0.0%)                             ||
||    Running time : 0.01 minutes                                             ||
||                                                                            ||
|| Write the final count table.                                               ||
|| Write the read assignment summary.                                         ||
||                                                                            ||
|| Summary of counting results can be found in file "readcounts/annotation_u  ||
|| nique_reads.tmp.summary"                                                   ||
||                                                                            ||
\\============================================================================//

featureCounts -t region  -a auxiliary/unambigous_annotation.gff -F GTF -g ID -s 1 -T 5 -o readcounts/annotation_unique_reads.tmp -O --fraction rRNAbam/RIBO-GLY-1.bam rRNAbam/RNA-GLY-1.bam
featureCounts -t gene  -a auxiliary/unambigous_annotation.gff -F GTF -g ID -s 1 -T 5 -o readcounts/annotation_unique_reads.tmp -O --fraction rRNAbam/RIBO-GLY-1.bam rRNAbam/RNA-GLY-1.bam
featureCounts -t CDS  -a auxiliary/unambigous_annotation.gff -F GTF -g ID -s 1 -T 5 -o readcounts/annotation_unique_reads.tmp -O --fraction rRNAbam/RIBO-GLY-1.bam rRNAbam/RNA-GLY-1.bam
featureCounts -t protein_binding_site  -a auxiliary/unambigous_annotation.gff -F GTF -g ID -s 1 -T 5 -o readcounts/annotation_unique_reads.tmp -O --fraction rRNAbam/RIBO-GLY-1.bam rRNAbam/RNA-GLY-1.bam
featureCounts -t pseudogene  -a auxiliary/unambigous_annotation.gff -F GTF -g ID -s 1 -T 5 -o readcounts/annotation_unique_reads.tmp -O --fraction rRNAbam/RIBO-GLY-1.bam rRNAbam/RNA-GLY-1.bam
featureCounts -t tRNA  -a auxiliary/unambigous_annotation.gff -F GTF -g ID -s 1 -T 5 -o readcounts/annotation_unique_reads.tmp -O --fraction rRNAbam/RIBO-GLY-1.bam rRNAbam/RNA-GLY-1.bam
featureCounts -t exon  -a auxiliary/unambigous_annotation.gff -F GTF -g ID -s 1 -T 5 -o readcounts/annotation_unique_reads.tmp -O --fraction rRNAbam/RIBO-GLY-1.bam rRNAbam/RNA-GLY-1.bam
featureCounts -t ncRNA  -a auxiliary/unambigous_annotation.gff -F GTF -g ID -s 1 -T 5 -o readcounts/annotation_unique_reads.tmp -O --fraction rRNAbam/RIBO-GLY-1.bam rRNAbam/RNA-GLY-1.bam
featureCounts -t rRNA  -a auxiliary/unambigous_annotation.gff -F GTF -g ID -s 1 -T 5 -o readcounts/annotation_unique_reads.tmp -O --fraction rRNAbam/RIBO-GLY-1.bam rRNAbam/RNA-GLY-1.bam
featureCounts -t tmRNA  -a auxiliary/unambigous_annotation.gff -F GTF -g ID -s 1 -T 5 -o readcounts/annotation_unique_reads.tmp -O --fraction rRNAbam/RIBO-GLY-1.bam rRNAbam/RNA-GLY-1.bam
featureCounts -t RNase_P_RNA  -a auxiliary/unambigous_annotation.gff -F GTF -g ID -s 1 -T 5 -o readcounts/annotation_unique_reads.tmp -O --fraction rRNAbam/RIBO-GLY-1.bam rRNAbam/RNA-GLY-1.bam
[Tue Sep 15 21:25:19 2026]
Finished job 67.
55 of 163 steps (34%) done
Removing temporary output rRNAbam/RNA-GLY-1.bam.
Removing temporary output rRNAbam/RIBO-GLY-1.bam.bai.
Removing temporary output rRNAbam/RNA-GLY-1.bam.bai.
Execute 1 jobs...

[Tue Sep 15 21:25:19 2026]
localrule mapUniqueReads:
    input: readcounts/annotation_unique_reads.raw, auxiliary/enriched_annotation.gff
    output: readcounts/unique_annotation.gtf
    jobid: 66
    reason: Missing output files: readcounts/unique_annotation.gtf; Input files updated by another job: auxiliary/enriched_annotation.gff, readcounts/annotation_unique_reads.raw
    resources: mem_mb=1500, mem_mib=1431, disk_mb=4000, disk_mib=3815, tmpdir=/home/qasim/hribo_work/pao1/tmp


        mkdir -p readcounts; HRIBO/scripts/map_reads_to_annotation.py -i readcounts/annotation_unique_reads.raw -a auxiliary/enriched_annotation.gff -o readcounts/unique_annotation.gtf
        
Activating conda environment: .snakemake/conda/7d1806eb8cf01f4bb08bc6d776e0a631_
[Tue Sep 15 21:25:20 2026]
Finished job 66.
56 of 163 steps (34%) done
Select jobs to execute...
Execute 2 jobs...

[Tue Sep 15 21:25:20 2026]
localrule createExcelUniqueAnnotationReadCount:
    input: readcounts/unique_annotation.gtf, readcounts/unique_mapped_reads.txt
    output: auxiliary/unique_read_counts.xlsx
    jobid: 69
    reason: Missing output files: auxiliary/unique_read_counts.xlsx; Input files updated by another job: readcounts/unique_mapped_reads.txt, readcounts/unique_annotation.gtf
    resources: mem_mb=1500, mem_mib=1431, disk_mb=4000, disk_mib=3815, tmpdir=/home/qasim/hribo_work/pao1/tmp

mkdir -p auxiliary; HRIBO/scripts/generate_read_table.py -r readcounts/unique_annotation.gtf -t readcounts/unique_mapped_reads.txt -o auxiliary/unique_read_counts.xlsx
Activating conda environment: .snakemake/conda/fa51360e7b638753ab3668d175d3d552_

[Tue Sep 15 21:25:20 2026]
localrule createExcelUniqueAnnotation:
    input: readcounts/unique_mapped_reads.txt, readcounts/unique_annotation.gtf, genomes/genome.fa
    output: auxiliary/annotation_unique.xlsx
    jobid: 62
    reason: Missing output files: auxiliary/annotation_unique.xlsx; Input files updated by another job: readcounts/unique_mapped_reads.txt, genomes/genome.fa, readcounts/unique_annotation.gtf
    resources: mem_mb=1500, mem_mib=1431, disk_mb=4000, disk_mib=3815, tmpdir=/home/qasim/hribo_work/pao1/tmp

mkdir -p auxiliary; HRIBO/scripts/generate_excel.py -t readcounts/unique_mapped_reads.txt -r readcounts/unique_annotation.gtf -g genomes/genome.fa -o auxiliary/annotation_unique.xlsx
Activating conda environment: .snakemake/conda/fa51360e7b638753ab3668d175d3d552_
[Tue Sep 15 21:25:20 2026]
Finished job 56.
57 of 163 steps (35%) done
Select jobs to execute...
[Tue Sep 15 21:25:20 2026]
Finished job 69.
58 of 163 steps (36%) done
[Tue Sep 15 21:25:26 2026]
Finished job 62.
59 of 163 steps (36%) done
Execute 1 jobs...

[Tue Sep 15 21:25:26 2026]
localrule rrnafilter2:
    input: rRNAbam/RIBO-GLY-1.bam, annotation/rrna.bed
    output: bam/RIBO-GLY-1.bam
    jobid: 3
    reason: Missing output files: bam/RIBO-GLY-1.bam; Input files updated by another job: annotation/rrna.bed, rRNAbam/RIBO-GLY-1.bam
    wildcards: method=RIBO, condition=GLY, replicate=1
    threads: 8
    resources: mem_mb=1500, mem_mib=1431, disk_mb=4000, disk_mib=3815, tmpdir=/home/qasim/hribo_work/pao1/tmp

mkdir -p norRNA; mkdir -p mapuniqnorrna; bedtools intersect -v -a rRNAbam/RIBO-GLY-1.bam -b annotation/rrna.bed > bam/RIBO-GLY-1.bam
Activating conda environment: .snakemake/conda/5d78150d6c2bcb941ea97861fbf2f2bc_
[Tue Sep 15 21:25:29 2026]
Finished job 3.
60 of 163 steps (37%) done
Removing temporary output rRNAbam/RIBO-GLY-1.bam.
Select jobs to execute...
Execute 1 jobs...

[Tue Sep 15 21:25:29 2026]
localrule bamindex:
    input: maplink/RNA-GLY-1.bam, genomes/sizes.genome
    output: maplink/RNA-GLY-1.bam.bai
    jobid: 74
    reason: Missing output files: maplink/RNA-GLY-1.bam.bai; Input files updated by another job: maplink/RNA-GLY-1.bam, genomes/sizes.genome
    wildcards: method=RNA, condition=GLY, replicate=1
    threads: 8
    resources: mem_mb=1500, mem_mib=1431, disk_mb=4000, disk_mib=3815, tmpdir=/home/qasim/hribo_work/pao1/tmp

samtools index -@ 8 maplink/RNA-GLY-1.bam
Activating conda environment: .snakemake/conda/e4e8d879a2e99e8eada81c1d01b59187_
[Tue Sep 15 21:25:30 2026]
Finished job 74.
61 of 163 steps (37%) done
Select jobs to execute...
Execute 1 jobs...

[Tue Sep 15 21:25:30 2026]
localrule featurescounts:
    input: auxiliary/unambigous_annotation.gff, bam/RIBO-GLY-1.bam
    output: qc/all/RIBO-GLY-1.txt
    jobid: 37
    reason: Missing output files: qc/all/RIBO-GLY-1.txt; Input files updated by another job: auxiliary/unambigous_annotation.gff, bam/RIBO-GLY-1.bam
    wildcards: method=RIBO, condition=GLY, replicate=1
    threads: 8
    resources: mem_mb=1500, mem_mib=1431, disk_mb=4000, disk_mib=3815, tmpdir=/home/qasim/hribo_work/pao1/tmp


        mkdir -p qc/all;
        column3=$(cut -f3 auxiliary/unambigous_annotation.gff | sort | uniq)
        if [[ " ${column3[@]} " =~ "gene" ]];
        then
            featureCounts -T 8 -t gene -g ID -a auxiliary/unambigous_annotation.gff -o qc/all/RIBO-GLY-1.txt bam/RIBO-GLY-1.bam;
        else
            touch qc/all/RIBO-GLY-1.txt;
        fi
        
Activating conda environment: .snakemake/conda/1e607777c0d0c5616a031d85763fc5e1_

        ==========     _____ _    _ ____  _____  ______          _____  
        =====         / ____| |  | |  _ \|  __ \|  ____|   /\   |  __ \ 
          =====      | (___ | |  | | |_) | |__) | |__     /  \  | |  | |
            ====      \___ \| |  | |  _ <|  _  /|  __|   / /\ \ | |  | |
              ====    ____) | |__| | |_) | | \ \| |____ / ____ \| |__| |
        ==========   |_____/ \____/|____/|_|  \_\______/_/    \_\_____/
	  v2.0.1

//========================== featureCounts setting ===========================\\
||                                                                            ||
||             Input files : 1 BAM file                                       ||
||                           o RIBO-GLY-1.bam                                 ||
||                                                                            ||
||             Output file : RIBO-GLY-1.txt                                   ||
||                 Summary : RIBO-GLY-1.txt.summary                           ||
||              Annotation : unambigous_annotation.gff (GTF)                  ||
||      Dir for temp files : qc/all                                           ||
||                                                                            ||
||                 Threads : 8                                                ||
||                   Level : meta-feature level                               ||
||              Paired-end : no                                               ||
||      Multimapping reads : not counted                                      ||
|| Multi-overlapping reads : not counted                                      ||
||   Min overlapping bases : 1                                                ||
||                                                                            ||
\\============================================================================//

//================================= Running ==================================\\
||                                                                            ||
|| Load annotation file unambigous_annotation.gff ...                         ||
||    Features : 5678                                                         ||
||    Meta-features : 5678                                                    ||
||    Chromosomes/contigs : 1                                                 ||
||                                                                            ||
|| Process BAM file RIBO-GLY-1.bam...                                         ||
||    Single-end reads are included.                                          ||
||    Total alignments : 639010                                               ||
||    Successfully assigned alignments : 592723 (92.8%)                       ||
||    Running time : 0.00 minutes                                             ||
||                                                                            ||
|| Write the final count table.                                               ||
|| Write the read assignment summary.                                         ||
||                                                                            ||
|| Summary of counting results can be found in file "qc/all/RIBO-GLY-1.txt.s  ||
|| ummary"                                                                    ||
||                                                                            ||
\\============================================================================//

[Tue Sep 15 21:25:30 2026]
Finished job 37.
62 of 163 steps (38%) done
Select jobs to execute...
Execute 1 jobs...

[Tue Sep 15 21:25:30 2026]
localrule norrnafeaturescounts:
    input: auxiliary/unambigous_annotation.gff, bam/RNA-GLY-1.bam
    output: qc/rrnainall/RNA-GLY-1.txt
    jobid: 50
    reason: Missing output files: qc/rrnainall/RNA-GLY-1.txt; Input files updated by another job: auxiliary/unambigous_annotation.gff, bam/RNA-GLY-1.bam
    wildcards: method=RNA, condition=GLY, replicate=1
    threads: 8
    resources: mem_mb=1500, mem_mib=1431, disk_mb=4000, disk_mib=3815, tmpdir=/home/qasim/hribo_work/pao1/tmp


        mkdir -p qc/rrnainall;
        column3=$(cut -f3 auxiliary/unambigous_annotation.gff | sort | uniq)
        if [[ " ${column3[@]} " =~ "rRNA" ]];
        then
            featureCounts -T 8 -t rRNA -g ID -a auxiliary/unambigous_annotation.gff -o qc/rrnainall/RNA-GLY-1.txt bam/RNA-GLY-1.bam;
        else
            touch qc/rrnainall/RNA-GLY-1.txt;
        fi
        
Activating conda environment: .snakemake/conda/1e607777c0d0c5616a031d85763fc5e1_

        ==========     _____ _    _ ____  _____  ______          _____  
        =====         / ____| |  | |  _ \|  __ \|  ____|   /\   |  __ \ 
          =====      | (___ | |  | | |_) | |__) | |__     /  \  | |  | |
            ====      \___ \| |  | |  _ <|  _  /|  __|   / /\ \ | |  | |
              ====    ____) | |__| | |_) | | \ \| |____ / ____ \| |__| |
        ==========   |_____/ \____/|____/|_|  \_\______/_/    \_\_____/
	  v2.0.1

//========================== featureCounts setting ===========================\\
||                                                                            ||
||             Input files : 1 BAM file                                       ||
||                           o RNA-GLY-1.bam                                  ||
||                                                                            ||
||             Output file : RNA-GLY-1.txt                                    ||
||                 Summary : RNA-GLY-1.txt.summary                            ||
||              Annotation : unambigous_annotation.gff (GTF)                  ||
||      Dir for temp files : qc/rrnainall                                     ||
||                                                                            ||
||                 Threads : 8                                                ||
||                   Level : meta-feature level                               ||
||              Paired-end : no                                               ||
||      Multimapping reads : not counted                                      ||
|| Multi-overlapping reads : not counted                                      ||
||   Min overlapping bases : 1                                                ||
||                                                                            ||
\\============================================================================//

//================================= Running ==================================\\
||                                                                            ||
|| Load annotation file unambigous_annotation.gff ...                         ||
||    Features : 13                                                           ||
||    Meta-features : 13                                                      ||
||    Chromosomes/contigs : 1                                                 ||
||                                                                            ||
|| Process BAM file RNA-GLY-1.bam...                                          ||
||    Single-end reads are included.                                          ||
||    Total alignments : 382107                                               ||
||    Successfully assigned alignments : 0 (0.0%)                             ||
||    Running time : 0.00 minutes                                             ||
||                                                                            ||
|| Write the final count table.                                               ||
|| Write the read assignment summary.                                         ||
||                                                                            ||
|| Summary of counting results can be found in file "qc/rrnainall/RNA-GLY-1.  ||
|| txt.summary"                                                               ||
||                                                                            ||
\\============================================================================//

[Tue Sep 15 21:25:31 2026]
Finished job 50.
63 of 163 steps (39%) done
Select jobs to execute...
Execute 1 jobs...

[Tue Sep 15 21:25:31 2026]
localrule trnafeaturescounts:
    input: auxiliary/unambigous_annotation.gff, bam/RNA-GLY-1.bam
    output: qc/trnainall/RNA-GLY-1.txt
    jobid: 42
    reason: Missing output files: qc/trnainall/RNA-GLY-1.txt; Input files updated by another job: auxiliary/unambigous_annotation.gff, bam/RNA-GLY-1.bam
    wildcards: method=RNA, condition=GLY, replicate=1
    threads: 8
    resources: mem_mb=1500, mem_mib=1431, disk_mb=4000, disk_mib=3815, tmpdir=/home/qasim/hribo_work/pao1/tmp


        mkdir -p qc/trnainall;
        column3=$(cut -f3 auxiliary/unambigous_annotation.gff | sort | uniq)
        if [[ " ${column3[@]} " =~ "tRNA" ]];
        then
            featureCounts -T 8 -t tRNA -g ID -a auxiliary/unambigous_annotation.gff -o qc/trnainall/RNA-GLY-1.txt bam/RNA-GLY-1.bam;
        else
            touch qc/trnainall/RNA-GLY-1.txt;
        fi
        
Activating conda environment: .snakemake/conda/1e607777c0d0c5616a031d85763fc5e1_

        ==========     _____ _    _ ____  _____  ______          _____  
        =====         / ____| |  | |  _ \|  __ \|  ____|   /\   |  __ \ 
          =====      | (___ | |  | | |_) | |__) | |__     /  \  | |  | |
            ====      \___ \| |  | |  _ <|  _  /|  __|   / /\ \ | |  | |
              ====    ____) | |__| | |_) | | \ \| |____ / ____ \| |__| |
        ==========   |_____/ \____/|____/|_|  \_\______/_/    \_\_____/
	  v2.0.1

//========================== featureCounts setting ===========================\\
||                                                                            ||
||             Input files : 1 BAM file                                       ||
||                           o RNA-GLY-1.bam                                  ||
||                                                                            ||
||             Output file : RNA-GLY-1.txt                                    ||
||                 Summary : RNA-GLY-1.txt.summary                            ||
||              Annotation : unambigous_annotation.gff (GTF)                  ||
||      Dir for temp files : qc/trnainall                                     ||
||                                                                            ||
||                 Threads : 8                                                ||
||                   Level : meta-feature level                               ||
||              Paired-end : no                                               ||
||      Multimapping reads : not counted                                      ||
|| Multi-overlapping reads : not counted                                      ||
||   Min overlapping bases : 1                                                ||
||                                                                            ||
\\============================================================================//

//================================= Running ==================================\\
||                                                                            ||
|| Load annotation file unambigous_annotation.gff ...                         ||
||    Features : 63                                                           ||
||    Meta-features : 63                                                      ||
||    Chromosomes/contigs : 1                                                 ||
||                                                                            ||
|| Process BAM file RNA-GLY-1.bam...                                          ||
||    Single-end reads are included.                                          ||
||    Total alignments : 382107                                               ||
||    Successfully assigned alignments : 0 (0.0%)                             ||
||    Running time : 0.00 minutes                                             ||
||                                                                            ||
|| Write the final count table.                                               ||
|| Write the read assignment summary.                                         ||
||                                                                            ||
|| Summary of counting results can be found in file "qc/trnainall/RNA-GLY-1.  ||
|| txt.summary"                                                               ||
||                                                                            ||
\\============================================================================//

[Tue Sep 15 21:25:32 2026]
Finished job 42.
64 of 163 steps (39%) done
Select jobs to execute...
Execute 1 jobs...

[Tue Sep 15 21:25:32 2026]
localrule fastqcrrnafilter:
    input: bam/RNA-GLY-1.bam
    output: qc/5removedrRNA/RNA-GLY-1-norRNA_fastqc.html, qc/5removedrRNA/RNA-GLY-1-norRNA_fastqc.zip
    jobid: 34
    reason: Missing output files: qc/5removedrRNA/RNA-GLY-1-norRNA_fastqc.html; Input files updated by another job: bam/RNA-GLY-1.bam
    wildcards: method=RNA, condition=GLY, replicate=1
    threads: 8
    resources: mem_mb=1500, mem_mib=1431, disk_mb=4000, disk_mib=3815, tmpdir=/home/qasim/hribo_work/pao1/tmp

mkdir -p qc/5removedrRNA; fastqc -o qc/5removedrRNA -t 8 bam/RNA-GLY-1.bam; mv qc/5removedrRNA/RNA-GLY-1_fastqc.html qc/5removedrRNA/RNA-GLY-1-norRNA_fastqc.html; mv qc/5removedrRNA/RNA-GLY-1_fastqc.zip qc/5removedrRNA/RNA-GLY-1-norRNA_fastqc.zip
Activating conda environment: .snakemake/conda/5b4d927bb74a0bfad74ab2e26c8a2a2c_
Started analysis of RNA-GLY-1.bam
Approx 5% complete for RNA-GLY-1.bam
Approx 10% complete for RNA-GLY-1.bam
Approx 15% complete for RNA-GLY-1.bam
Approx 20% complete for RNA-GLY-1.bam
Approx 25% complete for RNA-GLY-1.bam
Approx 30% complete for RNA-GLY-1.bam
Approx 35% complete for RNA-GLY-1.bam
Approx 40% complete for RNA-GLY-1.bam
Approx 45% complete for RNA-GLY-1.bam
Approx 50% complete for RNA-GLY-1.bam
Approx 55% complete for RNA-GLY-1.bam
Approx 60% complete for RNA-GLY-1.bam
Approx 65% complete for RNA-GLY-1.bam
Approx 70% complete for RNA-GLY-1.bam
Approx 75% complete for RNA-GLY-1.bam
Approx 80% complete for RNA-GLY-1.bam
Approx 85% complete for RNA-GLY-1.bam
Approx 90% complete for RNA-GLY-1.bam
Approx 95% complete for RNA-GLY-1.bam
Approx 100% complete for RNA-GLY-1.bam
Analysis complete for RNA-GLY-1.bam
[Tue Sep 15 21:25:35 2026]
Finished job 34.
65 of 163 steps (40%) done
Select jobs to execute...
Execute 1 jobs...

[Tue Sep 15 21:25:35 2026]
localrule norrnafeaturescounts:
    input: auxiliary/unambigous_annotation.gff, bam/RIBO-GLY-1.bam
    output: qc/rrnainall/RIBO-GLY-1.txt
    jobid: 49
    reason: Missing output files: qc/rrnainall/RIBO-GLY-1.txt; Input files updated by another job: auxiliary/unambigous_annotation.gff, bam/RIBO-GLY-1.bam
    wildcards: method=RIBO, condition=GLY, replicate=1
    threads: 8
    resources: mem_mb=1500, mem_mib=1431, disk_mb=4000, disk_mib=3815, tmpdir=/home/qasim/hribo_work/pao1/tmp


        mkdir -p qc/rrnainall;
        column3=$(cut -f3 auxiliary/unambigous_annotation.gff | sort | uniq)
        if [[ " ${column3[@]} " =~ "rRNA" ]];
        then
            featureCounts -T 8 -t rRNA -g ID -a auxiliary/unambigous_annotation.gff -o qc/rrnainall/RIBO-GLY-1.txt bam/RIBO-GLY-1.bam;
        else
            touch qc/rrnainall/RIBO-GLY-1.txt;
        fi
        
Activating conda environment: .snakemake/conda/1e607777c0d0c5616a031d85763fc5e1_

        ==========     _____ _    _ ____  _____  ______          _____  
        =====         / ____| |  | |  _ \|  __ \|  ____|   /\   |  __ \ 
          =====      | (___ | |  | | |_) | |__) | |__     /  \  | |  | |
            ====      \___ \| |  | |  _ <|  _  /|  __|   / /\ \ | |  | |
              ====    ____) | |__| | |_) | | \ \| |____ / ____ \| |__| |
        ==========   |_____/ \____/|____/|_|  \_\______/_/    \_\_____/
	  v2.0.1

//========================== featureCounts setting ===========================\\
||                                                                            ||
||             Input files : 1 BAM file                                       ||
||                           o RIBO-GLY-1.bam                                 ||
||                                                                            ||
||             Output file : RIBO-GLY-1.txt                                   ||
||                 Summary : RIBO-GLY-1.txt.summary                           ||
||              Annotation : unambigous_annotation.gff (GTF)                  ||
||      Dir for temp files : qc/rrnainall                                     ||
||                                                                            ||
||                 Threads : 8                                                ||
||                   Level : meta-feature level                               ||
||              Paired-end : no                                               ||
||      Multimapping reads : not counted                                      ||
|| Multi-overlapping reads : not counted                                      ||
||   Min overlapping bases : 1                                                ||
||                                                                            ||
\\============================================================================//

//================================= Running ==================================\\
||                                                                            ||
|| Load annotation file unambigous_annotation.gff ...                         ||
||    Features : 13                                                           ||
||    Meta-features : 13                                                      ||
||    Chromosomes/contigs : 1                                                 ||
||                                                                            ||
|| Process BAM file RIBO-GLY-1.bam...                                         ||
||    Single-end reads are included.                                          ||
||    Total alignments : 639010                                               ||
||    Successfully assigned alignments : 0 (0.0%)                             ||
||    Running time : 0.00 minutes                                             ||
||                                                                            ||
|| Write the final count table.                                               ||
|| Write the read assignment summary.                                         ||
||                                                                            ||
|| Summary of counting results can be found in file "qc/rrnainall/RIBO-GLY-1  ||
|| .txt.summary"                                                              ||
||                                                                            ||
\\============================================================================//

[Tue Sep 15 21:25:36 2026]
Finished job 49.
66 of 163 steps (40%) done
Select jobs to execute...
Execute 1 jobs...

[Tue Sep 15 21:25:36 2026]
localrule fastqcrrnafilter:
    input: bam/RIBO-GLY-1.bam
    output: qc/5removedrRNA/RIBO-GLY-1-norRNA_fastqc.html, qc/5removedrRNA/RIBO-GLY-1-norRNA_fastqc.zip
    jobid: 33
    reason: Missing output files: qc/5removedrRNA/RIBO-GLY-1-norRNA_fastqc.html; Input files updated by another job: bam/RIBO-GLY-1.bam
    wildcards: method=RIBO, condition=GLY, replicate=1
    threads: 8
    resources: mem_mb=1500, mem_mib=1431, disk_mb=4000, disk_mib=3815, tmpdir=/home/qasim/hribo_work/pao1/tmp

mkdir -p qc/5removedrRNA; fastqc -o qc/5removedrRNA -t 8 bam/RIBO-GLY-1.bam; mv qc/5removedrRNA/RIBO-GLY-1_fastqc.html qc/5removedrRNA/RIBO-GLY-1-norRNA_fastqc.html; mv qc/5removedrRNA/RIBO-GLY-1_fastqc.zip qc/5removedrRNA/RIBO-GLY-1-norRNA_fastqc.zip
Activating conda environment: .snakemake/conda/5b4d927bb74a0bfad74ab2e26c8a2a2c_
Started analysis of RIBO-GLY-1.bam
Approx 5% complete for RIBO-GLY-1.bam
Approx 10% complete for RIBO-GLY-1.bam
Approx 15% complete for RIBO-GLY-1.bam
Approx 20% complete for RIBO-GLY-1.bam
Approx 25% complete for RIBO-GLY-1.bam
Approx 30% complete for RIBO-GLY-1.bam
Approx 35% complete for RIBO-GLY-1.bam
Approx 40% complete for RIBO-GLY-1.bam
Approx 45% complete for RIBO-GLY-1.bam
Approx 50% complete for RIBO-GLY-1.bam
Approx 55% complete for RIBO-GLY-1.bam
Approx 60% complete for RIBO-GLY-1.bam
Approx 65% complete for RIBO-GLY-1.bam
Approx 70% complete for RIBO-GLY-1.bam
Approx 75% complete for RIBO-GLY-1.bam
Approx 80% complete for RIBO-GLY-1.bam
Approx 85% complete for RIBO-GLY-1.bam
Approx 90% complete for RIBO-GLY-1.bam
Approx 95% complete for RIBO-GLY-1.bam
Approx 100% complete for RIBO-GLY-1.bam
Analysis complete for RIBO-GLY-1.bam
[Tue Sep 15 21:25:39 2026]
Finished job 33.
67 of 163 steps (41%) done
Select jobs to execute...
Execute 1 jobs...

[Tue Sep 15 21:25:39 2026]
localrule featurescounts:
    input: auxiliary/unambigous_annotation.gff, bam/RNA-GLY-1.bam
    output: qc/all/RNA-GLY-1.txt
    jobid: 40
    reason: Missing output files: qc/all/RNA-GLY-1.txt; Input files updated by another job: auxiliary/unambigous_annotation.gff, bam/RNA-GLY-1.bam
    wildcards: method=RNA, condition=GLY, replicate=1
    threads: 8
    resources: mem_mb=1500, mem_mib=1431, disk_mb=4000, disk_mib=3815, tmpdir=/home/qasim/hribo_work/pao1/tmp


        mkdir -p qc/all;
        column3=$(cut -f3 auxiliary/unambigous_annotation.gff | sort | uniq)
        if [[ " ${column3[@]} " =~ "gene" ]];
        then
            featureCounts -T 8 -t gene -g ID -a auxiliary/unambigous_annotation.gff -o qc/all/RNA-GLY-1.txt bam/RNA-GLY-1.bam;
        else
            touch qc/all/RNA-GLY-1.txt;
        fi
        
Activating conda environment: .snakemake/conda/1e607777c0d0c5616a031d85763fc5e1_

        ==========     _____ _    _ ____  _____  ______          _____  
        =====         / ____| |  | |  _ \|  __ \|  ____|   /\   |  __ \ 
          =====      | (___ | |  | | |_) | |__) | |__     /  \  | |  | |
            ====      \___ \| |  | |  _ <|  _  /|  __|   / /\ \ | |  | |
              ====    ____) | |__| | |_) | | \ \| |____ / ____ \| |__| |
        ==========   |_____/ \____/|____/|_|  \_\______/_/    \_\_____/
	  v2.0.1

//========================== featureCounts setting ===========================\\
||                                                                            ||
||             Input files : 1 BAM file                                       ||
||                           o RNA-GLY-1.bam                                  ||
||                                                                            ||
||             Output file : RNA-GLY-1.txt                                    ||
||                 Summary : RNA-GLY-1.txt.summary                            ||
||              Annotation : unambigous_annotation.gff (GTF)                  ||
||      Dir for temp files : qc/all                                           ||
||                                                                            ||
||                 Threads : 8                                                ||
||                   Level : meta-feature level                               ||
||              Paired-end : no                                               ||
||      Multimapping reads : not counted                                      ||
|| Multi-overlapping reads : not counted                                      ||
||   Min overlapping bases : 1                                                ||
||                                                                            ||
\\============================================================================//

//================================= Running ==================================\\
||                                                                            ||
|| Load annotation file unambigous_annotation.gff ...                         ||
||    Features : 5678                                                         ||
||    Meta-features : 5678                                                    ||
||    Chromosomes/contigs : 1                                                 ||
||                                                                            ||
|| Process BAM file RNA-GLY-1.bam...                                          ||
||    Single-end reads are included.                                          ||
||    Total alignments : 382107                                               ||
||    Successfully assigned alignments : 342764 (89.7%)                       ||
||    Running time : 0.00 minutes                                             ||
||                                                                            ||
|| Write the final count table.                                               ||
|| Write the read assignment summary.                                         ||
||                                                                            ||
|| Summary of counting results can be found in file "qc/all/RNA-GLY-1.txt.su  ||
|| mmary"                                                                     ||
||                                                                            ||
\\============================================================================//

[Tue Sep 15 21:25:40 2026]
Finished job 40.
68 of 163 steps (42%) done
Select jobs to execute...
Execute 1 jobs...

[Tue Sep 15 21:25:40 2026]
localrule trnafeaturescounts:
    input: auxiliary/unambigous_annotation.gff, bam/RIBO-GLY-1.bam
    output: qc/trnainall/RIBO-GLY-1.txt
    jobid: 41
    reason: Missing output files: qc/trnainall/RIBO-GLY-1.txt; Input files updated by another job: auxiliary/unambigous_annotation.gff, bam/RIBO-GLY-1.bam
    wildcards: method=RIBO, condition=GLY, replicate=1
    threads: 8
    resources: mem_mb=1500, mem_mib=1431, disk_mb=4000, disk_mib=3815, tmpdir=/home/qasim/hribo_work/pao1/tmp


        mkdir -p qc/trnainall;
        column3=$(cut -f3 auxiliary/unambigous_annotation.gff | sort | uniq)
        if [[ " ${column3[@]} " =~ "tRNA" ]];
        then
            featureCounts -T 8 -t tRNA -g ID -a auxiliary/unambigous_annotation.gff -o qc/trnainall/RIBO-GLY-1.txt bam/RIBO-GLY-1.bam;
        else
            touch qc/trnainall/RIBO-GLY-1.txt;
        fi
        
Activating conda environment: .snakemake/conda/1e607777c0d0c5616a031d85763fc5e1_

        ==========     _____ _    _ ____  _____  ______          _____  
        =====         / ____| |  | |  _ \|  __ \|  ____|   /\   |  __ \ 
          =====      | (___ | |  | | |_) | |__) | |__     /  \  | |  | |
            ====      \___ \| |  | |  _ <|  _  /|  __|   / /\ \ | |  | |
              ====    ____) | |__| | |_) | | \ \| |____ / ____ \| |__| |
        ==========   |_____/ \____/|____/|_|  \_\______/_/    \_\_____/
	  v2.0.1

//========================== featureCounts setting ===========================\\
||                                                                            ||
||             Input files : 1 BAM file                                       ||
||                           o RIBO-GLY-1.bam                                 ||
||                                                                            ||
||             Output file : RIBO-GLY-1.txt                                   ||
||                 Summary : RIBO-GLY-1.txt.summary                           ||
||              Annotation : unambigous_annotation.gff (GTF)                  ||
||      Dir for temp files : qc/trnainall                                     ||
||                                                                            ||
||                 Threads : 8                                                ||
||                   Level : meta-feature level                               ||
||              Paired-end : no                                               ||
||      Multimapping reads : not counted                                      ||
|| Multi-overlapping reads : not counted                                      ||
||   Min overlapping bases : 1                                                ||
||                                                                            ||
\\============================================================================//

//================================= Running ==================================\\
||                                                                            ||
|| Load annotation file unambigous_annotation.gff ...                         ||
||    Features : 63                                                           ||
||    Meta-features : 63                                                      ||
||    Chromosomes/contigs : 1                                                 ||
||                                                                            ||
|| Process BAM file RIBO-GLY-1.bam...                                         ||
||    Single-end reads are included.                                          ||
||    Total alignments : 639010                                               ||
||    Successfully assigned alignments : 0 (0.0%)                             ||
||    Running time : 0.00 minutes                                             ||
||                                                                            ||
|| Write the final count table.                                               ||
|| Write the read assignment summary.                                         ||
||                                                                            ||
|| Summary of counting results can be found in file "qc/trnainall/RIBO-GLY-1  ||
|| .txt.summary"                                                              ||
||                                                                            ||
\\============================================================================//

[Tue Sep 15 21:25:40 2026]
Finished job 41.
69 of 163 steps (42%) done
Select jobs to execute...
Execute 2 jobs...

[Tue Sep 15 21:25:40 2026]
localrule multiqc:
    input: qc/1raw/RIBO-GLY-1-raw_fastqc.html, qc/2trimmed/RIBO-GLY-1-trimmed_fastqc.html, trimmed/RIBO-GLY-1.fastq, qc/1raw/RNA-GLY-1-raw_fastqc.html, qc/2trimmed/RNA-GLY-1-trimmed_fastqc.html, trimmed/RNA-GLY-1.fastq, qc/3mapped/RIBO-GLY-1-map_fastqc.html, qc/3mapped/RNA-GLY-1-map_fastqc.html, qc/4unique/RIBO-GLY-1-map_fastqc.html, qc/4unique/RNA-GLY-1-map_fastqc.html, qc/5removedrRNA/RIBO-GLY-1-norRNA_fastqc.html, qc/5removedrRNA/RNA-GLY-1-norRNA_fastqc.html, qc/all/RIBO-GLY-1.txt, qc/all/RNA-GLY-1.txt, qc/trnainall/RIBO-GLY-1.txt, qc/trnainall/RNA-GLY-1.txt, qc/rrnainallaligned/RIBO-GLY-1.txt, qc/rrnainallaligned/RNA-GLY-1.txt, qc/rrnainuniquelyaligned/RIBO-GLY-1.txt, qc/rrnainuniquelyaligned/RNA-GLY-1.txt, qc/rrnainall/RIBO-GLY-1.txt, qc/rrnainall/RNA-GLY-1.txt
    output: qc/multi/multiqc_report.html
    log: logs/multiqc.log
    jobid: 19
    reason: Missing output files: qc/multi/multiqc_report.html; Input files updated by another job: qc/3mapped/RNA-GLY-1-map_fastqc.html, qc/all/RIBO-GLY-1.txt, qc/rrnainuniquelyaligned/RIBO-GLY-1.txt, qc/rrnainuniquelyaligned/RNA-GLY-1.txt, qc/trnainall/RNA-GLY-1.txt, qc/3mapped/RIBO-GLY-1-map_fastqc.html, trimmed/RIBO-GLY-1.fastq, qc/rrnainallaligned/RIBO-GLY-1.txt, qc/4unique/RIBO-GLY-1-map_fastqc.html, qc/4unique/RNA-GLY-1-map_fastqc.html, qc/rrnainallaligned/RNA-GLY-1.txt, qc/rrnainall/RNA-GLY-1.txt, qc/2trimmed/RIBO-GLY-1-trimmed_fastqc.html, qc/trnainall/RIBO-GLY-1.txt, qc/all/RNA-GLY-1.txt, qc/5removedrRNA/RIBO-GLY-1-norRNA_fastqc.html, qc/5removedrRNA/RNA-GLY-1-norRNA_fastqc.html, qc/1raw/RNA-GLY-1-raw_fastqc.html, qc/1raw/RIBO-GLY-1-raw_fastqc.html, trimmed/RNA-GLY-1.fastq, qc/rrnainall/RIBO-GLY-1.txt, qc/2trimmed/RNA-GLY-1-trimmed_fastqc.html
    resources: mem_mb=1500, mem_mib=1431, disk_mb=4000, disk_mib=3815, tmpdir=/home/qasim/hribo_work/pao1/tmp

export LC_ALL=en_US.utf8; export LANG=en_US.utf8; multiqc -f -d --exclude picard --exclude gatk -z -o qc/multi qc/1raw qc/2trimmed qc/3mapped qc/4unique qc/5removedrRNA qc/all qc/trnainall qc/rrnainallaligned qc/rrnainuniquelyaligned qc/rrnainall 2> logs/multiqc.log
Activating conda environment: .snakemake/conda/eed34cb89ae3029a105cc752afd39ba5_

[Tue Sep 15 21:25:40 2026]
localrule maplink:
    input: bam/RIBO-GLY-1.bam
    output: maplink/RIBO-GLY-1.bam
    jobid: 2
    reason: Missing output files: maplink/RIBO-GLY-1.bam; Input files updated by another job: bam/RIBO-GLY-1.bam
    wildcards: method=RIBO, condition=GLY, replicate=1
    resources: mem_mb=1500, mem_mib=1431, disk_mb=4000, disk_mib=3815, tmpdir=/home/qasim/hribo_work/pao1/tmp

mkdir -p maplink; ln -s /home/qasim/hribo_work/pao1/bam/RIBO-GLY-1.bam /home/qasim/hribo_work/pao1/maplink/RIBO-GLY-1.bam
[Tue Sep 15 21:25:40 2026]
Finished job 2.
70 of 163 steps (43%) done
Select jobs to execute...
/usr/bin/bash: line 1: warning: setlocale: LC_ALL: cannot change locale (en_US.utf8): No such file or directory
[Tue Sep 15 21:25:46 2026]
Finished job 19.
71 of 163 steps (44%) done
Removing temporary output trimmed/RIBO-GLY-1.fastq.
Removing temporary output trimmed/RNA-GLY-1.fastq.
Execute 1 jobs...

[Tue Sep 15 21:25:46 2026]
localrule bamindex:
    input: maplink/RIBO-GLY-1.bam, genomes/sizes.genome
    output: maplink/RIBO-GLY-1.bam.bai
    jobid: 15
    reason: Missing output files: maplink/RIBO-GLY-1.bam.bai; Input files updated by another job: maplink/RIBO-GLY-1.bam, genomes/sizes.genome
    wildcards: method=RIBO, condition=GLY, replicate=1
    threads: 8
    resources: mem_mb=1500, mem_mib=1431, disk_mb=4000, disk_mib=3815, tmpdir=/home/qasim/hribo_work/pao1/tmp

samtools index -@ 8 maplink/RIBO-GLY-1.bam
Activating conda environment: .snakemake/conda/e4e8d879a2e99e8eada81c1d01b59187_
[Tue Sep 15 21:25:46 2026]
Finished job 15.
72 of 163 steps (44%) done
Select jobs to execute...
Execute 4 jobs...

[Tue Sep 15 21:25:46 2026]
localrule metageneProfiling:
    input: maplink/RIBO-GLY-1.bam, maplink/RIBO-GLY-1.bam.bai, genomes/genome.fa, annotation/annotation_processed.gff
    output: metageneprofiling/RIBO-GLY-1
    log: logs/RIBO-GLY-1_metageneprofiling.log
    jobid: 1
    reason: Missing output files: metageneprofiling/RIBO-GLY-1; Input files updated by another job: maplink/RIBO-GLY-1.bam.bai, maplink/RIBO-GLY-1.bam, genomes/genome.fa, annotation/annotation_processed.gff
    wildcards: method=RIBO, condition=GLY, replicate=1
    resources: mem_mb=1500, mem_mib=1431, disk_mb=4000, disk_mib=3815, tmpdir=/home/qasim/hribo_work/pao1/tmp


        mkdir -p metageneprofiling;
        if [ nocolor == nocolor ]; then
            colorList="";
        else
            colorList="--color_list nocolor";
        fi;
        HRIBO/scripts/metagene_profiling.py -b maplink/RIBO-GLY-1.bam -g genomes/genome.fa -a annotation/annotation_processed.gff -o metageneprofiling/RIBO-GLY-1             --read_lengths 25-34             --normalization_methods raw cpm window             --mapping_methods fiveprime threeprime             --positions_in_ORF 150             --positions_out_ORF 100             --filtering_method overlap length rpkm             --neighboring_genes_distance 50             --rpkm_threshold 10.0             --length_cutoff 50             --output_formats interactive svg             --include_plotly_js online             ${colorList}; > logs/RIBO-GLY-1_metageneprofiling.log
        
Activating conda environment: .snakemake/conda/5399c2d4e7ff1709a899e16ea90badf9_

[Tue Sep 15 21:25:46 2026]
localrule asiteOccupancy:
    input: maplink/RIBO-GLY-1.bam, maplink/RIBO-GLY-1.bam.bai
    output: coverage_deepribo/GLY-1_asite_fwd.bedgraph, coverage_deepribo/GLY-1_asite_rev.bedgraph
    jobid: 158
    reason: Missing output files: coverage_deepribo/GLY-1_asite_rev.bedgraph, coverage_deepribo/GLY-1_asite_fwd.bedgraph; Input files updated by another job: maplink/RIBO-GLY-1.bam.bai, maplink/RIBO-GLY-1.bam
    wildcards: condition=GLY, replicate=1
    resources: mem_mb=1500, mem_mib=1431, disk_mb=4000, disk_mib=3815, tmpdir=/home/qasim/hribo_work/pao1/tmp

mkdir -p coverage_deepribo; HRIBO/scripts/coverage_deepribo.py --alignment_file maplink/RIBO-GLY-1.bam --output_file_prefix coverage_deepribo/GLY-1
Activating conda environment: .snakemake/conda/0d091559bc1801de38f96410c86a9fde_

[Tue Sep 15 21:25:46 2026]
localrule maplinkMappedReads:
    input: maplink/RIBO-GLY-1.bam, maplink/RNA-GLY-1.bam, maplink/RIBO-GLY-1.bam.bai, maplink/RNA-GLY-1.bam.bai
    output: readcounts/bam_mapped_reads.txt, readcounts/bam_average_read_lengths.txt
    jobid: 81
    reason: Missing output files: readcounts/bam_mapped_reads.txt; Input files updated by another job: maplink/RIBO-GLY-1.bam.bai, maplink/RNA-GLY-1.bam, maplink/RIBO-GLY-1.bam, maplink/RNA-GLY-1.bam.bai
    resources: mem_mb=1500, mem_mib=1431, disk_mb=4000, disk_mib=3815, tmpdir=/home/qasim/hribo_work/pao1/tmp

mkdir -p readcounts; HRIBO/scripts/total_mapped_reads.py -b maplink/RIBO-GLY-1.bam maplink/RNA-GLY-1.bam -m readcounts/bam_mapped_reads.txt -l readcounts/bam_average_read_lengths.txt
Activating conda environment: .snakemake/conda/0d091559bc1801de38f96410c86a9fde_

[Tue Sep 15 21:25:46 2026]
localrule bamcompare:
    input: maplink/RIBO-GLY-1.bam, maplink/RNA-GLY-1.bam, genomes/sizes.genome, maplink/RIBO-GLY-1.bam.bai, maplink/RNA-GLY-1.bam.bai
    output: figures/results.npz
    jobid: 72
    reason: Missing output files: figures/results.npz; Input files updated by another job: maplink/RNA-GLY-1.bam, genomes/sizes.genome, maplink/RIBO-GLY-1.bam.bai, maplink/RIBO-GLY-1.bam, maplink/RNA-GLY-1.bam.bai
    threads: 5
    resources: mem_mb=1500, mem_mib=1431, disk_mb=4000, disk_mib=3815, tmpdir=/home/qasim/hribo_work/pao1/tmp

mkdir -p tracks; multiBamSummary bins --smartLabels --bamfiles maplink/RIBO-GLY-1.bam maplink/RNA-GLY-1.bam -o figures/results.npz -p 5;
Activating conda environment: .snakemake/conda/3bcd7c24853525a7e734f47e7332949d_
<frozen importlib._bootstrap>:491: RuntimeWarning: The global interpreter lock (GIL) has been enabled to load module 'pysam.libchtslib', which has not declared that it can run safely without the GIL. To override this behavior and keep the GIL disabled (at your own risk), run with PYTHON_GIL=0 or -Xgil=0.
DONE!
[Tue Sep 15 21:25:48 2026]
Finished job 158.
73 of 163 steps (45%) done
Select jobs to execute...
Execute 1 jobs...

[Tue Sep 15 21:25:48 2026]
localrule readLengthStatistics:
    input: maplink/RIBO-GLY-1.bam, maplink/RIBO-GLY-1.bam.bai
    output: metageneprofiling/read_length_fractions.html, metageneprofiling/read_length_fractions.xlsx, metageneprofiling/read_length_counts.xlsx
    log: logs/read_length_statistics.log
    jobid: 18
    reason: Missing output files: metageneprofiling/read_length_fractions.html; Input files updated by another job: maplink/RIBO-GLY-1.bam.bai, maplink/RIBO-GLY-1.bam
    resources: mem_mb=1500, mem_mib=1431, disk_mb=4000, disk_mib=3815, tmpdir=/home/qasim/hribo_work/pao1/tmp


        mkdir -p metageneprofiling;
        HRIBO/scripts/read_length_statistics.py -a maplink/RIBO-GLY-1.bam -r 10-80 -o metageneprofiling/ > logs/read_length_statistics.log
        
Activating conda environment: .snakemake/conda/5399c2d4e7ff1709a899e16ea90badf9_
[Tue Sep 15 21:25:49 2026]
Finished job 81.
74 of 163 steps (45%) done
Select jobs to execute...
Execute 1 jobs...

[Tue Sep 15 21:25:49 2026]
localrule fiveprimewig:
    input: maplink/RNA-GLY-1.bam, genomes/sizes.genome, maplink/RNA-GLY-1.bam.bai, readcounts/bam_mapped_reads.txt
    output: fiveprimetracks/raw/RNA-GLY-1.raw.forward.wig, fiveprimetracks/raw/RNA-GLY-1.raw.reverse.wig, fiveprimetracks/mil/RNA-GLY-1.mil.forward.wig, fiveprimetracks/mil/RNA-GLY-1.mil.reverse.wig, fiveprimetracks/min/RNA-GLY-1.min.forward.wig, fiveprimetracks/min/RNA-GLY-1.min.reverse.wig
    jobid: 111
    reason: Missing output files: fiveprimetracks/mil/RNA-GLY-1.mil.reverse.wig, fiveprimetracks/raw/RNA-GLY-1.raw.forward.wig, fiveprimetracks/min/RNA-GLY-1.min.reverse.wig, fiveprimetracks/raw/RNA-GLY-1.raw.reverse.wig, fiveprimetracks/mil/RNA-GLY-1.mil.forward.wig, fiveprimetracks/min/RNA-GLY-1.min.forward.wig; Input files updated by another job: maplink/RNA-GLY-1.bam, genomes/sizes.genome, readcounts/bam_mapped_reads.txt, maplink/RNA-GLY-1.bam.bai
    wildcards: method=RNA, condition=GLY, replicate=1
    resources: mem_mb=1500, mem_mib=1431, disk_mb=4000, disk_mib=3815, tmpdir=/home/qasim/hribo_work/pao1/tmp

mkdir -p fiveprimetracks; mkdir -p fiveprimetracks/raw; mkdir -p fiveprimetracks/mil; mkdir -p fiveprimetracks/min; HRIBO/scripts/mapping.py --mapping_style first_base_only --bam_path maplink/RNA-GLY-1.bam --wiggle_file_path fiveprimetracks/ --no_of_aligned_reads_file_path readcounts/bam_mapped_reads.txt --library_name RNA-GLY-1;
Activating conda environment: .snakemake/conda/b0887e12b6a3115a0800503ce8b0b0f4_
<frozen importlib._bootstrap>:491: RuntimeWarning: The global interpreter lock (GIL) has been enabled to load module 'pysam.libchtslib', which has not declared that it can run safely without the GIL. To override this behavior and keep the GIL disabled (at your own risk), run with PYTHON_GIL=0 or -Xgil=0.
<frozen importlib._bootstrap>:491: RuntimeWarning: The global interpreter lock (GIL) has been enabled to load module 'pysam.libchtslib', which has not declared that it can run safely without the GIL. To override this behavior and keep the GIL disabled (at your own risk), run with PYTHON_GIL=0 or -Xgil=0.
/usr/bin/bash: line 3:  9774 Segmentation fault         HRIBO/scripts/read_length_statistics.py -a maplink/RIBO-GLY-1.bam -r 10-80 -o metageneprofiling/ > logs/read_length_statistics.log
[Tue Sep 15 21:25:51 2026]
Error in rule readLengthStatistics:
    jobid: 18
    input: maplink/RIBO-GLY-1.bam, maplink/RIBO-GLY-1.bam.bai
    output: metageneprofiling/read_length_fractions.html, metageneprofiling/read_length_fractions.xlsx, metageneprofiling/read_length_counts.xlsx
    log: logs/read_length_statistics.log (check log file(s) for error details)
    conda-env: /home/qasim/hribo_work/pao1/.snakemake/conda/5399c2d4e7ff1709a899e16ea90badf9_
    shell:
        
        mkdir -p metageneprofiling;
        HRIBO/scripts/read_length_statistics.py -a maplink/RIBO-GLY-1.bam -r 10-80 -o metageneprofiling/ > logs/read_length_statistics.log
        
        (one of the commands exited with non-zero exit code; note that snakemake uses bash strict mode!)

Removing output files of failed job readLengthStatistics since they might be corrupted:
metageneprofiling/read_length_fractions.xlsx, metageneprofiling/read_length_counts.xlsx
Select jobs to execute...
Execute 1 jobs...

[Tue Sep 15 21:25:51 2026]
localrule coverage:
    input: maplink/RIBO-GLY-1.bam, maplink/RIBO-GLY-1.bam.bai
    output: coverage_deepribo/GLY-1_cov_fwd.bedgraph, coverage_deepribo/GLY-1_cov_rev.bedgraph
    jobid: 157
    reason: Missing output files: coverage_deepribo/GLY-1_cov_rev.bedgraph, coverage_deepribo/GLY-1_cov_fwd.bedgraph; Input files updated by another job: maplink/RIBO-GLY-1.bam.bai, maplink/RIBO-GLY-1.bam
    wildcards: condition=GLY, replicate=1
    resources: mem_mb=1500, mem_mib=1431, disk_mb=4000, disk_mib=3815, tmpdir=/home/qasim/hribo_work/pao1/tmp


        mkdir -p coverage_deepribo
        bedtools genomecov -bg -ibam maplink/RIBO-GLY-1.bam -strand + > coverage_deepribo/GLY-1_cov_fwd.bedgraph
        bedtools genomecov -bg -ibam maplink/RIBO-GLY-1.bam -strand - > coverage_deepribo/GLY-1_cov_rev.bedgraph
        
Activating conda environment: .snakemake/conda/5d78150d6c2bcb941ea97861fbf2f2bc_
[Tue Sep 15 21:25:54 2026]
Finished job 157.
75 of 163 steps (46%) done
Select jobs to execute...
Execute 1 jobs...

[Tue Sep 15 21:25:54 2026]
localrule parseDeepRibo:
    input: coverage_deepribo/GLY-1_cov_fwd.bedgraph, coverage_deepribo/GLY-1_cov_rev.bedgraph, coverage_deepribo/GLY-1_asite_fwd.bedgraph, coverage_deepribo/GLY-1_asite_rev.bedgraph, genomes/genome.fa, annotation/annotation_processed.gff
    output: deepribo/GLY-1/data_list.csv
    jobid: 156
    reason: Missing output files: deepribo/GLY-1/data_list.csv; Input files updated by another job: coverage_deepribo/GLY-1_cov_rev.bedgraph, coverage_deepribo/GLY-1_asite_rev.bedgraph, annotation/annotation_processed.gff, genomes/genome.fa, coverage_deepribo/GLY-1_cov_fwd.bedgraph, coverage_deepribo/GLY-1_asite_fwd.bedgraph
    wildcards: condition=GLY, replicate=1
    resources: mem_mb=1500, mem_mib=1431, disk_mb=4000, disk_mib=3815, tmpdir=/home/qasim/hribo_work/pao1/tmp


        mkdir -p deepribo/GLY-1/0/;
        mkdir -p deepribo/GLY-1/1/;
        DataParser.py coverage_deepribo/GLY-1_cov_fwd.bedgraph coverage_deepribo/GLY-1_cov_rev.bedgraph coverage_deepribo/GLY-1_asite_fwd.bedgraph coverage_deepribo/GLY-1_asite_rev.bedgraph genomes/genome.fa deepribo/GLY-1 -g annotation/annotation_processed.gff
        
Activating singularity image /home/qasim/hribo_work/pao1/.snakemake/singularity/b3dbb017086fe68b8327c0493f05e676.simg
INFO:    squashfuse not found, will not be able to mount SIF or other squashfs files
INFO:    fuse2fs not found, will not be able to mount EXT3 filesystems
Reading alignment file: RIBO-GLY-1
Excluded genes:
>>Entry removal based on overlap: 3000
>>Entry removal based on length: 6
>>Entry removal based on rpkm: 622
>>Entry removal based on type: 6442
>>Entry removal based on error: 0
Included genes: 1945
Excluded genes:
>>Entry removal based on overlap: 3000
>>Entry removal based on length: 6
>>Entry removal based on rpkm: 606
>>Entry removal based on type: 6442
>>Entry removal based on error: 0
Included genes: 1961
Traceback (most recent call last):
  File "/home/qasim/hribo_work/pao1/.snakemake/conda/5399c2d4e7ff1709a899e16ea90badf9_/lib/python3.14t/site-packages/plotly/io/_kaleido.py", line 185, in to_image
    img_bytes = kaleido.calc_fig_sync(
        fig_dict,
    ...<7 lines>...
        kopts=kopts,
    )
  File "/home/qasim/hribo_work/pao1/.snakemake/conda/5399c2d4e7ff1709a899e16ea90badf9_/lib/python3.14t/site-packages/kaleido/__init__.py", line 170, in calc_fig_sync
    return _sync_server.oneshot_async_run(calc_fig, args=args, kwargs=kwargs)
           ~~~~~~~~~~~~~~~~~~~~~~~~~~~~~~^^^^^^^^^^^^^^^^^^^^^^^^^^^^^^^^^^^^
  File "/home/qasim/hribo_work/pao1/.snakemake/conda/5399c2d4e7ff1709a899e16ea90badf9_/lib/python3.14t/site-packages/kaleido/_sync_server.py", line 161, in oneshot_async_run
    raise res
  File "/home/qasim/hribo_work/pao1/.snakemake/conda/5399c2d4e7ff1709a899e16ea90badf9_/lib/python3.14t/site-packages/kaleido/_sync_server.py", line 152, in run
    q.put(asyncio.run(func(*args, **kwargs)))
          ~~~~~~~~~~~^^^^^^^^^^^^^^^^^^^^^^^
  File "/home/qasim/hribo_work/pao1/.snakemake/conda/5399c2d4e7ff1709a899e16ea90badf9_/lib/python3.14t/asyncio/runners.py", line 205, in run
    return runner.run(main)
           ~~~~~~~~~~^^^^^^
  File "/home/qasim/hribo_work/pao1/.snakemake/conda/5399c2d4e7ff1709a899e16ea90badf9_/lib/python3.14t/asyncio/runners.py", line 128, in run
    return self._loop.run_until_complete(task)
           ~~~~~~~~~~~~~~~~~~~~~~~~~~~~~^^^^^^
  File "/home/qasim/hribo_work/pao1/.snakemake/conda/5399c2d4e7ff1709a899e16ea90badf9_/lib/python3.14t/asyncio/base_events.py", line 720, in run_until_complete
    return future.result()
           ~~~~~~~~~~~~~^^
  File "/home/qasim/hribo_work/pao1/.snakemake/conda/5399c2d4e7ff1709a899e16ea90badf9_/lib/python3.14t/site-packages/kaleido/__init__.py", line 103, in calc_fig
    async with Kaleido(**kopts) as k:
               ~~~~~~~^^^^^^^^^
  File "/home/qasim/hribo_work/pao1/.snakemake/conda/5399c2d4e7ff1709a899e16ea90badf9_/lib/python3.14t/site-packages/kaleido/kaleido.py", line 190, in __init__
    raise ChromeNotFoundError(
    ^^^^^^^^^^^^^^^^^^^^^^^^^^
    ...<4 lines>...
    ) from None  # overwriting the error entirely. (diagnostics)
    ^^^^^^^^^^^
choreographer.browsers.chromium.ChromeNotFoundError: Kaleido v1 and later requires Chrome to be installed. To install Chrome, use the CLI command `kaleido_get_chrome`, or from Python, use either `await kaleido.get_chrome()` or `kaleido.get_chrome_sync()`.

During handling of the above exception, another exception occurred:

Traceback (most recent call last):
  File "/home/qasim/hribo_work/pao1/HRIBO/scripts/metagene_profiling.py", line 118, in <module>
    main()
    ~~~~^^
  File "/home/qasim/hribo_work/pao1/HRIBO/scripts/metagene_profiling.py", line 115, in main
    io.write_plots_to_file(fig_list, args.output_formats, args.include_plotly_js, alignment_file.stem, meta_dir)
    ~~~~~~~~~~~~~~~~~~~~~~^^^^^^^^^^^^^^^^^^^^^^^^^^^^^^^^^^^^^^^^^^^^^^^^^^^^^^^^^^^^^^^^^^^^^^^^^^^^^^^^^^^^^^
  File "/home/qasim/hribo_work/pao1/HRIBO/scripts/lib/io.py", line 144, in write_plots_to_file
    fig.write_image(f"{meta_dir}/{chromosome}_{mapping_method}.svg", width=fig_width, height=fig_height)
    ~~~~~~~~~~~~~~~^^^^^^^^^^^^^^^^^^^^^^^^^^^^^^^^^^^^^^^^^^^^^^^^^^^^^^^^^^^^^^^^^^^^^^^^^^^^^^^^^^^^^
  File "/home/qasim/hribo_work/pao1/.snakemake/conda/5399c2d4e7ff1709a899e16ea90badf9_/lib/python3.14t/site-packages/plotly/basedatatypes.py", line 3805, in write_image
    return pio.write_image(self, *args, **kwargs)
           ~~~~~~~~~~~~~~~^^^^^^^^^^^^^^^^^^^^^^^
  File "/home/qasim/hribo_work/pao1/.snakemake/conda/5399c2d4e7ff1709a899e16ea90badf9_/lib/python3.14t/site-packages/plotly/io/_kaleido.py", line 271, in write_image
    img_data = to_image(
        fig,
    ...<4 lines>...
        validate=validate,
    )
  File "/home/qasim/hribo_work/pao1/.snakemake/conda/5399c2d4e7ff1709a899e16ea90badf9_/lib/python3.14t/site-packages/plotly/io/_kaleido.py", line 197, in to_image
    raise RuntimeError(PLOTLY_GET_CHROME_ERROR_MSG)
RuntimeError: 

Kaleido requires Google Chrome to be installed.

Either download and install Chrome yourself following Google's instructions for your operating system,
or install it from your terminal by running:

    $ plotly_get_chrome


INFO:    gocryptfs not found, will not be able to use gocryptfs
INFO:    Converting SIF file to temporary sandbox...
[Tue Sep 15 21:25:55 2026]
Error in rule metageneProfiling:
    jobid: 1
    input: maplink/RIBO-GLY-1.bam, maplink/RIBO-GLY-1.bam.bai, genomes/genome.fa, annotation/annotation_processed.gff
    output: metageneprofiling/RIBO-GLY-1
    log: logs/RIBO-GLY-1_metageneprofiling.log (check log file(s) for error details)
    conda-env: /home/qasim/hribo_work/pao1/.snakemake/conda/5399c2d4e7ff1709a899e16ea90badf9_
    shell:
        
        mkdir -p metageneprofiling;
        if [ nocolor == nocolor ]; then
            colorList="";
        else
            colorList="--color_list nocolor";
        fi;
        HRIBO/scripts/metagene_profiling.py -b maplink/RIBO-GLY-1.bam -g genomes/genome.fa -a annotation/annotation_processed.gff -o metageneprofiling/RIBO-GLY-1             --read_lengths 25-34             --normalization_methods raw cpm window             --mapping_methods fiveprime threeprime             --positions_in_ORF 150             --positions_out_ORF 100             --filtering_method overlap length rpkm             --neighboring_genes_distance 50             --rpkm_threshold 10.0             --length_cutoff 50             --output_formats interactive svg             --include_plotly_js online             ${colorList}; > logs/RIBO-GLY-1_metageneprofiling.log
        
        (one of the commands exited with non-zero exit code; note that snakemake uses bash strict mode!)

Removing output files of failed job metageneProfiling since they might be corrupted:
metageneprofiling/RIBO-GLY-1
Select jobs to execute...
Execute 1 jobs...

[Tue Sep 15 21:25:55 2026]
localrule centeredwig:
    input: maplink/RNA-GLY-1.bam, genomes/sizes.genome, maplink/RNA-GLY-1.bam.bai, readcounts/bam_mapped_reads.txt
    output: centeredtracks/raw/RNA-GLY-1.raw.forward.wig, centeredtracks/raw/RNA-GLY-1.raw.reverse.wig, centeredtracks/mil/RNA-GLY-1.mil.forward.wig, centeredtracks/mil/RNA-GLY-1.mil.reverse.wig, centeredtracks/min/RNA-GLY-1.min.forward.wig, centeredtracks/min/RNA-GLY-1.min.reverse.wig
    jobid: 97
    reason: Missing output files: centeredtracks/raw/RNA-GLY-1.raw.reverse.wig, centeredtracks/mil/RNA-GLY-1.mil.forward.wig, centeredtracks/mil/RNA-GLY-1.mil.reverse.wig, centeredtracks/min/RNA-GLY-1.min.forward.wig, centeredtracks/min/RNA-GLY-1.min.reverse.wig, centeredtracks/raw/RNA-GLY-1.raw.forward.wig; Input files updated by another job: maplink/RNA-GLY-1.bam, genomes/sizes.genome, readcounts/bam_mapped_reads.txt, maplink/RNA-GLY-1.bam.bai
    wildcards: method=RNA, condition=GLY, replicate=1
    resources: mem_mb=1500, mem_mib=1431, disk_mb=4000, disk_mib=3815, tmpdir=/home/qasim/hribo_work/pao1/tmp

mkdir -p centeredtracks; mkdir -p centeredtracks/raw; mkdir -p centeredtracks/mil; mkdir -p centeredtracks/min; HRIBO/scripts/mapping.py --mapping_style centered --bam_path maplink/RNA-GLY-1.bam --wiggle_file_path centeredtracks/ --no_of_aligned_reads_file_path readcounts/bam_mapped_reads.txt --library_name RNA-GLY-1;
Activating conda environment: .snakemake/conda/b0887e12b6a3115a0800503ce8b0b0f4_
<frozen importlib._bootstrap>:491: RuntimeWarning: The global interpreter lock (GIL) has been enabled to load module 'pysam.libchtslib', which has not declared that it can run safely without the GIL. To override this behavior and keep the GIL disabled (at your own risk), run with PYTHON_GIL=0 or -Xgil=0.
Number of bins found: 626
[Tue Sep 15 21:25:57 2026]
Finished job 72.
76 of 163 steps (47%) done
Select jobs to execute...
Execute 1 jobs...

[Tue Sep 15 21:25:57 2026]
localrule generateDifferentialExpressionReadCounts:
    input: maplink/RIBO-GLY-1.bam, maplink/RNA-GLY-1.bam, maplink/RIBO-GLY-1.bam.bai, maplink/RNA-GLY-1.bam.bai, auxiliary/unambigous_annotation.gff
    output: readcounts/differential_expression_read_counts.csv
    jobid: 78
    reason: Missing output files: readcounts/differential_expression_read_counts.csv; Input files updated by another job: maplink/RNA-GLY-1.bam, auxiliary/unambigous_annotation.gff, maplink/RIBO-GLY-1.bam.bai, maplink/RIBO-GLY-1.bam, maplink/RNA-GLY-1.bam.bai
    threads: 5
    resources: mem_mb=1500, mem_mib=1431, disk_mb=4000, disk_mib=3815, tmpdir=/home/qasim/hribo_work/pao1/tmp


        if [ "CDS sRNA" == None ]; then
            features="";
        else
            features="--use_features CDS sRNA";
        fi;
        mkdir -p readcounts
        HRIBO/scripts/call_featurecounts.py -b maplink/RIBO-GLY-1.bam maplink/RNA-GLY-1.bam -s 1 --with_O --for_diff_expr -o readcounts/differential_expression_read_counts.csv -t 5 -a auxiliary/unambigous_annotation.gff ${features}
        
Activating conda environment: .snakemake/conda/1e607777c0d0c5616a031d85763fc5e1_
[Tue Sep 15 21:25:59 2026]
Finished job 111.
77 of 163 steps (47%) done
Select jobs to execute...
Execute 1 jobs...

[Tue Sep 15 21:26:00 2026]
localrule centeredwig:
    input: maplink/RIBO-GLY-1.bam, genomes/sizes.genome, maplink/RIBO-GLY-1.bam.bai, readcounts/bam_mapped_reads.txt
    output: centeredtracks/raw/RIBO-GLY-1.raw.forward.wig, centeredtracks/raw/RIBO-GLY-1.raw.reverse.wig, centeredtracks/mil/RIBO-GLY-1.mil.forward.wig, centeredtracks/mil/RIBO-GLY-1.mil.reverse.wig, centeredtracks/min/RIBO-GLY-1.min.forward.wig, centeredtracks/min/RIBO-GLY-1.min.reverse.wig
    jobid: 95
    reason: Missing output files: centeredtracks/mil/RIBO-GLY-1.mil.reverse.wig, centeredtracks/raw/RIBO-GLY-1.raw.forward.wig, centeredtracks/min/RIBO-GLY-1.min.forward.wig, centeredtracks/mil/RIBO-GLY-1.mil.forward.wig, centeredtracks/min/RIBO-GLY-1.min.reverse.wig, centeredtracks/raw/RIBO-GLY-1.raw.reverse.wig; Input files updated by another job: maplink/RIBO-GLY-1.bam.bai, maplink/RIBO-GLY-1.bam, genomes/sizes.genome, readcounts/bam_mapped_reads.txt
    wildcards: method=RIBO, condition=GLY, replicate=1
    resources: mem_mb=1500, mem_mib=1431, disk_mb=4000, disk_mib=3815, tmpdir=/home/qasim/hribo_work/pao1/tmp

mkdir -p centeredtracks; mkdir -p centeredtracks/raw; mkdir -p centeredtracks/mil; mkdir -p centeredtracks/min; HRIBO/scripts/mapping.py --mapping_style centered --bam_path maplink/RIBO-GLY-1.bam --wiggle_file_path centeredtracks/ --no_of_aligned_reads_file_path readcounts/bam_mapped_reads.txt --library_name RIBO-GLY-1;
Activating conda environment: .snakemake/conda/b0887e12b6a3115a0800503ce8b0b0f4_
<frozen importlib._bootstrap>:491: RuntimeWarning: The global interpreter lock (GIL) has been enabled to load module 'pysam.libchtslib', which has not declared that it can run safely without the GIL. To override this behavior and keep the GIL disabled (at your own risk), run with PYTHON_GIL=0 or -Xgil=0.
[Tue Sep 15 21:26:17 2026]
Finished job 97.
78 of 163 steps (48%) done
Select jobs to execute...
Execute 1 jobs...

[Tue Sep 15 21:26:27 2026]
localrule fiveprimewigtobigwimilgreverse:
    input: fiveprimetracks/mil/RNA-GLY-1.mil.reverse.wig, genomes/sizes.genome
    output: fiveprimetracks/mil/RNA-GLY-1.mil.reverse.fiveprime.bw
    jobid: 117
    reason: Missing output files: fiveprimetracks/mil/RNA-GLY-1.mil.reverse.fiveprime.bw; Input files updated by another job: genomes/sizes.genome, fiveprimetracks/mil/RNA-GLY-1.mil.reverse.wig
    wildcards: method=RNA, condition=GLY, replicate=1
    resources: mem_mb=1500, mem_mib=1431, disk_mb=4000, disk_mib=3815, tmpdir=/home/qasim/hribo_work/pao1/tmp

wigToBigWig fiveprimetracks/mil/RNA-GLY-1.mil.reverse.wig genomes/sizes.genome fiveprimetracks/mil/RNA-GLY-1.mil.reverse.fiveprime.bw
Activating conda environment: .snakemake/conda/3bcd7c24853525a7e734f47e7332949d_
[Tue Sep 15 21:26:29 2026]
Finished job 95.
79 of 163 steps (48%) done
Select jobs to execute...
Execute 1 jobs...

[Tue Sep 15 21:26:29 2026]
localrule centeredwigtobigwigminrawreverse:
    input: centeredtracks/raw/RNA-GLY-1.raw.reverse.wig, genomes/sizes.genome
    output: centeredtracks/raw/RNA-GLY-1.raw.reverse.centered.bw
    jobid: 99
    reason: Missing output files: centeredtracks/raw/RNA-GLY-1.raw.reverse.centered.bw; Input files updated by another job: centeredtracks/raw/RNA-GLY-1.raw.reverse.wig, genomes/sizes.genome
    wildcards: method=RNA, condition=GLY, replicate=1
    resources: mem_mb=1500, mem_mib=1431, disk_mb=4000, disk_mib=3815, tmpdir=/home/qasim/hribo_work/pao1/tmp

wigToBigWig centeredtracks/raw/RNA-GLY-1.raw.reverse.wig genomes/sizes.genome centeredtracks/raw/RNA-GLY-1.raw.reverse.centered.bw
Activating conda environment: .snakemake/conda/3bcd7c24853525a7e734f47e7332949d_
[Tue Sep 15 21:26:32 2026]
Finished job 117.
80 of 163 steps (49%) done
Select jobs to execute...
Execute 1 jobs...

[Tue Sep 15 21:26:32 2026]
localrule centeredwigtobigwigminforward:
    input: centeredtracks/min/RIBO-GLY-1.min.forward.wig, genomes/sizes.genome
    output: centeredtracks/min/RIBO-GLY-1.min.forward.centered.bw
    jobid: 104
    reason: Missing output files: centeredtracks/min/RIBO-GLY-1.min.forward.centered.bw; Input files updated by another job: genomes/sizes.genome, centeredtracks/min/RIBO-GLY-1.min.forward.wig
    wildcards: method=RIBO, condition=GLY, replicate=1
    resources: mem_mb=1500, mem_mib=1431, disk_mb=4000, disk_mib=3815, tmpdir=/home/qasim/hribo_work/pao1/tmp

wigToBigWig centeredtracks/min/RIBO-GLY-1.min.forward.wig genomes/sizes.genome centeredtracks/min/RIBO-GLY-1.min.forward.centered.bw
Activating conda environment: .snakemake/conda/3bcd7c24853525a7e734f47e7332949d_
[Tue Sep 15 21:26:32 2026]
Finished job 99.
81 of 163 steps (50%) done
Select jobs to execute...
Execute 1 jobs...

[Tue Sep 15 21:26:32 2026]
localrule globalwig:
    input: maplink/RIBO-GLY-1.bam, genomes/sizes.genome, maplink/RIBO-GLY-1.bam.bai, readcounts/bam_mapped_reads.txt
    output: globaltracks/raw/RIBO-GLY-1.raw.forward.wig, globaltracks/raw/RIBO-GLY-1.raw.reverse.wig, globaltracks/mil/RIBO-GLY-1.mil.forward.wig, globaltracks/mil/RIBO-GLY-1.mil.reverse.wig, globaltracks/min/RIBO-GLY-1.min.forward.wig, globaltracks/min/RIBO-GLY-1.min.reverse.wig
    jobid: 80
    reason: Missing output files: globaltracks/mil/RIBO-GLY-1.mil.reverse.wig, globaltracks/raw/RIBO-GLY-1.raw.forward.wig, globaltracks/mil/RIBO-GLY-1.mil.forward.wig, globaltracks/min/RIBO-GLY-1.min.forward.wig, globaltracks/min/RIBO-GLY-1.min.reverse.wig, globaltracks/raw/RIBO-GLY-1.raw.reverse.wig; Input files updated by another job: maplink/RIBO-GLY-1.bam.bai, maplink/RIBO-GLY-1.bam, genomes/sizes.genome, readcounts/bam_mapped_reads.txt
    wildcards: method=RIBO, condition=GLY, replicate=1
    resources: mem_mb=1500, mem_mib=1431, disk_mb=4000, disk_mib=3815, tmpdir=/home/qasim/hribo_work/pao1/tmp

mkdir -p globaltracks; mkdir -p globaltracks/raw; mkdir -p globaltracks/mil; mkdir -p globaltracks/min; HRIBO/scripts/mapping.py --mapping_style global --bam_path maplink/RIBO-GLY-1.bam --wiggle_file_path globaltracks/ --no_of_aligned_reads_file_path readcounts/bam_mapped_reads.txt --library_name RIBO-GLY-1;
Activating conda environment: .snakemake/conda/b0887e12b6a3115a0800503ce8b0b0f4_
[Tue Sep 15 21:26:33 2026]
Finished job 104.
82 of 163 steps (50%) done
Select jobs to execute...
Execute 1 jobs...

[Tue Sep 15 21:26:33 2026]
localrule fiveprimewig:
    input: maplink/RIBO-GLY-1.bam, genomes/sizes.genome, maplink/RIBO-GLY-1.bam.bai, readcounts/bam_mapped_reads.txt
    output: fiveprimetracks/raw/RIBO-GLY-1.raw.forward.wig, fiveprimetracks/raw/RIBO-GLY-1.raw.reverse.wig, fiveprimetracks/mil/RIBO-GLY-1.mil.forward.wig, fiveprimetracks/mil/RIBO-GLY-1.mil.reverse.wig, fiveprimetracks/min/RIBO-GLY-1.min.forward.wig, fiveprimetracks/min/RIBO-GLY-1.min.reverse.wig
    jobid: 109
    reason: Missing output files: fiveprimetracks/raw/RIBO-GLY-1.raw.reverse.wig, fiveprimetracks/mil/RIBO-GLY-1.mil.forward.wig, fiveprimetracks/raw/RIBO-GLY-1.raw.forward.wig, fiveprimetracks/min/RIBO-GLY-1.min.reverse.wig, fiveprimetracks/mil/RIBO-GLY-1.mil.reverse.wig, fiveprimetracks/min/RIBO-GLY-1.min.forward.wig; Input files updated by another job: maplink/RIBO-GLY-1.bam.bai, maplink/RIBO-GLY-1.bam, genomes/sizes.genome, readcounts/bam_mapped_reads.txt
    wildcards: method=RIBO, condition=GLY, replicate=1
    resources: mem_mb=1500, mem_mib=1431, disk_mb=4000, disk_mib=3815, tmpdir=/home/qasim/hribo_work/pao1/tmp

mkdir -p fiveprimetracks; mkdir -p fiveprimetracks/raw; mkdir -p fiveprimetracks/mil; mkdir -p fiveprimetracks/min; HRIBO/scripts/mapping.py --mapping_style first_base_only --bam_path maplink/RIBO-GLY-1.bam --wiggle_file_path fiveprimetracks/ --no_of_aligned_reads_file_path readcounts/bam_mapped_reads.txt --library_name RIBO-GLY-1;
Activating conda environment: .snakemake/conda/b0887e12b6a3115a0800503ce8b0b0f4_
<frozen importlib._bootstrap>:491: RuntimeWarning: The global interpreter lock (GIL) has been enabled to load module 'pysam.libchtslib', which has not declared that it can run safely without the GIL. To override this behavior and keep the GIL disabled (at your own risk), run with PYTHON_GIL=0 or -Xgil=0.
<frozen importlib._bootstrap>:491: RuntimeWarning: The global interpreter lock (GIL) has been enabled to load module 'pysam.libchtslib', which has not declared that it can run safely without the GIL. To override this behavior and keep the GIL disabled (at your own risk), run with PYTHON_GIL=0 or -Xgil=0.

        ==========     _____ _    _ ____  _____  ______          _____  
        =====         / ____| |  | |  _ \|  __ \|  ____|   /\   |  __ \ 
          =====      | (___ | |  | | |_) | |__) | |__     /  \  | |  | |
            ====      \___ \| |  | |  _ <|  _  /|  __|   / /\ \ | |  | |
              ====    ____) | |__| | |_) | | \ \| |____ / ____ \| |__| |
        ==========   |_____/ \____/|____/|_|  \_\______/_/    \_\_____/
	  v2.0.1

//========================== featureCounts setting ===========================\\
||                                                                            ||
||             Input files : 2 BAM files                                      ||
||                           o RIBO-GLY-1.bam                                 ||
||                           o RNA-GLY-1.bam                                  ||
||                                                                            ||
||             Output file : differential_expression_read_counts.tmp          ||
||                 Summary : differential_expression_read_counts.tmp.summary  ||
||              Annotation : unambigous_annotation.gff (GTF)                  ||
||      Dir for temp files : readcounts                                       ||
||                                                                            ||
||                 Threads : 5                                                ||
||                   Level : meta-feature level                               ||
||              Paired-end : no                                               ||
||      Multimapping reads : not counted                                      ||
|| Multi-overlapping reads : counted                                          ||
||   Min overlapping bases : 1                                                ||
||                                                                            ||
\\============================================================================//

//================================= Running ==================================\\
||                                                                            ||
|| Load annotation file unambigous_annotation.gff ...                         ||
||    Features : 5573                                                         ||
||    Meta-features : 5573                                                    ||
||    Chromosomes/contigs : 1                                                 ||
||                                                                            ||
|| Process BAM file RIBO-GLY-1.bam...                                         ||
||    Strand specific : stranded                                              ||
||    Single-end reads are included.                                          ||
||    Total alignments : 639010                                               ||
||    Successfully assigned alignments : 570666 (89.3%)                       ||
||    Running time : 0.01 minutes                                             ||
||                                                                            ||
|| Process BAM file RNA-GLY-1.bam...                                          ||
||    Strand specific : stranded                                              ||
||    Single-end reads are included.                                          ||
||    Total alignments : 382107                                               ||
||    Successfully assigned alignments : 245590 (64.3%)                       ||
||    Running time : 0.01 minutes                                             ||
||                                                                            ||
|| Write the final count table.                                               ||
|| Write the read assignment summary.                                         ||
||                                                                            ||
|| Summary of counting results can be found in file "readcounts/differential  ||
|| _expression_read_counts.tmp.summary"                                       ||
||                                                                            ||
\\============================================================================//


        ==========     _____ _    _ ____  _____  ______          _____  
        =====         / ____| |  | |  _ \|  __ \|  ____|   /\   |  __ \ 
          =====      | (___ | |  | | |_) | |__) | |__     /  \  | |  | |
            ====      \___ \| |  | |  _ <|  _  /|  __|   / /\ \ | |  | |
              ====    ____) | |__| | |_) | | \ \| |____ / ____ \| |__| |
        ==========   |_____/ \____/|____/|_|  \_\______/_/    \_\_____/
	  v2.0.1

//========================== featureCounts setting ===========================\\
||                                                                            ||
||             Input files : 2 BAM files                                      ||
||                           o RIBO-GLY-1.bam                                 ||
||                           o RNA-GLY-1.bam                                  ||
||                                                                            ||
||             Output file : differential_expression_read_counts.tmp          ||
||                 Summary : differential_expression_read_counts.tmp.summary  ||
||              Annotation : unambigous_annotation.gff (GTF)                  ||
||      Dir for temp files : readcounts                                       ||
||                                                                            ||
||                 Threads : 5                                                ||
||                   Level : meta-feature level                               ||
||              Paired-end : no                                               ||
||      Multimapping reads : not counted                                      ||
|| Multi-overlapping reads : counted                                          ||
||   Min overlapping bases : 1                                                ||
||                                                                            ||
\\============================================================================//

//================================= Running ==================================\\
||                                                                            ||
|| Load annotation file unambigous_annotation.gff ...                         ||
ERROR: no features were loaded in format GTF. The annotation format can be specified by the '-F' option, and the required feature type can be specified by the '-t' option..
The porgram has to terminate.

featureCounts -t CDS  -a auxiliary/unambigous_annotation.gff -F GTF -g ID -s 1 -T 5 -o readcounts/differential_expression_read_counts.tmp -O maplink/RIBO-GLY-1.bam maplink/RNA-GLY-1.bam
featureCounts -t sRNA  -a auxiliary/unambigous_annotation.gff -F GTF -g ID -s 1 -T 5 -o readcounts/differential_expression_read_counts.tmp -O maplink/RIBO-GLY-1.bam maplink/RNA-GLY-1.bam
[Tue Sep 15 21:26:35 2026]
Finished job 78.
83 of 163 steps (51%) done
Select jobs to execute...
Execute 1 jobs...

[Tue Sep 15 21:26:36 2026]
localrule generateAnnotationIndependantReadCounts:
    input: maplink/RIBO-GLY-1.bam, maplink/RNA-GLY-1.bam, maplink/RIBO-GLY-1.bam.bai, maplink/RNA-GLY-1.bam.bai, auxiliary/unambigous_annotation.gff
    output: readcounts/annotation_independant_read_counts.raw
    jobid: 162
    reason: Missing output files: readcounts/annotation_independant_read_counts.raw; Input files updated by another job: maplink/RNA-GLY-1.bam, auxiliary/unambigous_annotation.gff, maplink/RIBO-GLY-1.bam.bai, maplink/RIBO-GLY-1.bam, maplink/RNA-GLY-1.bam.bai
    threads: 5
    resources: mem_mb=1500, mem_mib=1431, disk_mb=4000, disk_mib=3815, tmpdir=/home/qasim/hribo_work/pao1/tmp


        mkdir -p readcounts
        HRIBO/scripts/call_featurecounts.py -b maplink/RIBO-GLY-1.bam maplink/RNA-GLY-1.bam -s 1 --with_O -o readcounts/annotation_independant_read_counts.raw -t 5 -a auxiliary/unambigous_annotation.gff
        
Activating conda environment: .snakemake/conda/1e607777c0d0c5616a031d85763fc5e1_

        ==========     _____ _    _ ____  _____  ______          _____  
        =====         / ____| |  | |  _ \|  __ \|  ____|   /\   |  __ \ 
          =====      | (___ | |  | | |_) | |__) | |__     /  \  | |  | |
            ====      \___ \| |  | |  _ <|  _  /|  __|   / /\ \ | |  | |
              ====    ____) | |__| | |_) | | \ \| |____ / ____ \| |__| |
        ==========   |_____/ \____/|____/|_|  \_\______/_/    \_\_____/
	  v2.0.1

//========================== featureCounts setting ===========================\\
||                                                                            ||
||             Input files : 2 BAM files                                      ||
||                           o RIBO-GLY-1.bam                                 ||
||                           o RNA-GLY-1.bam                                  ||
||                                                                            ||
||             Output file : annotation_independant_read_counts.tmp           ||
||                 Summary : annotation_independant_read_counts.tmp.summary   ||
||              Annotation : unambigous_annotation.gff (GTF)                  ||
||      Dir for temp files : readcounts                                       ||
||                                                                            ||
||                 Threads : 5                                                ||
||                   Level : meta-feature level                               ||
||              Paired-end : no                                               ||
||      Multimapping reads : not counted                                      ||
|| Multi-overlapping reads : counted                                          ||
||   Min overlapping bases : 1                                                ||
||                                                                            ||
\\============================================================================//

//================================= Running ==================================\\
||                                                                            ||
|| Load annotation file unambigous_annotation.gff ...                         ||
||    Features : 1                                                            ||
||    Meta-features : 1                                                       ||
||    Chromosomes/contigs : 1                                                 ||
||                                                                            ||
|| Process BAM file RIBO-GLY-1.bam...                                         ||
||    Strand specific : stranded                                              ||
||    Single-end reads are included.                                          ||
||    Total alignments : 639010                                               ||
||    Successfully assigned alignments : 267406 (41.8%)                       ||
||    Running time : 0.01 minutes                                             ||
||                                                                            ||
|| Process BAM file RNA-GLY-1.bam...                                          ||
||    Strand specific : stranded                                              ||
||    Single-end reads are included.                                          ||
||    Total alignments : 382107                                               ||
||    Successfully assigned alignments : 125635 (32.9%)                       ||
||    Running time : 0.01 minutes                                             ||
||                                                                            ||
|| Write the final count table.                                               ||
|| Write the read assignment summary.                                         ||
||                                                                            ||
|| Summary of counting results can be found in file "readcounts/annotation_i  ||
|| ndependant_read_counts.tmp.summary"                                        ||
||                                                                            ||
\\============================================================================//


        ==========     _____ _    _ ____  _____  ______          _____  
        =====         / ____| |  | |  _ \|  __ \|  ____|   /\   |  __ \ 
          =====      | (___ | |  | | |_) | |__) | |__     /  \  | |  | |
            ====      \___ \| |  | |  _ <|  _  /|  __|   / /\ \ | |  | |
              ====    ____) | |__| | |_) | | \ \| |____ / ____ \| |__| |
        ==========   |_____/ \____/|____/|_|  \_\______/_/    \_\_____/
	  v2.0.1

//========================== featureCounts setting ===========================\\
||                                                                            ||
||             Input files : 2 BAM files                                      ||
||                           o RIBO-GLY-1.bam                                 ||
||                           o RNA-GLY-1.bam                                  ||
||                                                                            ||
||             Output file : annotation_independant_read_counts.tmp           ||
||                 Summary : annotation_independant_read_counts.tmp.summary   ||
||              Annotation : unambigous_annotation.gff (GTF)                  ||
||      Dir for temp files : readcounts                                       ||
||                                                                            ||
||                 Threads : 5                                                ||
||                   Level : meta-feature level                               ||
||              Paired-end : no                                               ||
||      Multimapping reads : not counted                                      ||
|| Multi-overlapping reads : counted                                          ||
||   Min overlapping bases : 1                                                ||
||                                                                            ||
\\============================================================================//

//================================= Running ==================================\\
||                                                                            ||
|| Load annotation file unambigous_annotation.gff ...                         ||
||    Features : 5678                                                         ||
||    Meta-features : 5678                                                    ||
||    Chromosomes/contigs : 1                                                 ||
||                                                                            ||
|| Process BAM file RIBO-GLY-1.bam...                                         ||
||    Strand specific : stranded                                              ||
||    Single-end reads are included.                                          ||
||    Total alignments : 639010                                               ||
||    Successfully assigned alignments : 602457 (94.3%)                       ||
||    Running time : 0.01 minutes                                             ||
||                                                                            ||
|| Process BAM file RNA-GLY-1.bam...                                          ||
||    Strand specific : stranded                                              ||
||    Single-end reads are included.                                          ||
||    Total alignments : 382107                                               ||
||    Successfully assigned alignments : 325236 (85.1%)                       ||
||    Running time : 0.02 minutes                                             ||
||                                                                            ||
|| Write the final count table.                                               ||
|| Write the read assignment summary.                                         ||
||                                                                            ||
|| Summary of counting results can be found in file "readcounts/annotation_i  ||
|| ndependant_read_counts.tmp.summary"                                        ||
||                                                                            ||
\\============================================================================//


        ==========     _____ _    _ ____  _____  ______          _____  
        =====         / ____| |  | |  _ \|  __ \|  ____|   /\   |  __ \ 
          =====      | (___ | |  | | |_) | |__) | |__     /  \  | |  | |
            ====      \___ \| |  | |  _ <|  _  /|  __|   / /\ \ | |  | |
              ====    ____) | |__| | |_) | | \ \| |____ / ____ \| |__| |
        ==========   |_____/ \____/|____/|_|  \_\______/_/    \_\_____/
	  v2.0.1

//========================== featureCounts setting ===========================\\
||                                                                            ||
||             Input files : 2 BAM files                                      ||
||                           o RIBO-GLY-1.bam                                 ||
||                           o RNA-GLY-1.bam                                  ||
||                                                                            ||
||             Output file : annotation_independant_read_counts.tmp           ||
||                 Summary : annotation_independant_read_counts.tmp.summary   ||
||              Annotation : unambigous_annotation.gff (GTF)                  ||
||      Dir for temp files : readcounts                                       ||
||                                                                            ||
||                 Threads : 5                                                ||
||                   Level : meta-feature level                               ||
||              Paired-end : no                                               ||
||      Multimapping reads : not counted                                      ||
|| Multi-overlapping reads : counted                                          ||
||   Min overlapping bases : 1                                                ||
||                                                                            ||
\\============================================================================//

//================================= Running ==================================\\
||                                                                            ||
|| Load annotation file unambigous_annotation.gff ...                         ||
||    Features : 5573                                                         ||
||    Meta-features : 5573                                                    ||
||    Chromosomes/contigs : 1                                                 ||
||                                                                            ||
|| Process BAM file RIBO-GLY-1.bam...                                         ||
||    Strand specific : stranded                                              ||
||    Single-end reads are included.                                          ||
||    Total alignments : 639010                                               ||
||    Successfully assigned alignments : 570666 (89.3%)                       ||
||    Running time : 0.01 minutes                                             ||
||                                                                            ||
|| Process BAM file RNA-GLY-1.bam...                                          ||
||    Strand specific : stranded                                              ||
||    Single-end reads are included.                                          ||
||    Total alignments : 382107                                               ||
||    Successfully assigned alignments : 245590 (64.3%)                       ||
||    Running time : 0.02 minutes                                             ||
||                                                                            ||
|| Write the final count table.                                               ||
[Tue Sep 15 21:26:44 2026]
Finished job 109.
84 of 163 steps (52%) done
Select jobs to execute...
Execute 1 jobs...

[Tue Sep 15 21:26:44 2026]
localrule preparePCAinput:
    input: readcounts/differential_expression_read_counts.csv, HRIBO/samples.tsv
    output: pca/raw_reads.csv, pca/meta.csv
    jobid: 77
    reason: Missing output files: pca/meta.csv, pca/raw_reads.csv; Input files updated by another job: readcounts/differential_expression_read_counts.csv
    resources: mem_mb=1500, mem_mib=1431, disk_mb=4000, disk_mib=3815, tmpdir=/home/qasim/hribo_work/pao1/tmp


        mkdir -p pca;
        sed -e '1s/-/_/g' readcounts/differential_expression_read_counts.csv > pca/raw_reads.csv;
        HRIBO/scripts/preparePCAinput.py -s HRIBO/samples.tsv -o pca/meta.csv;
        
Activating conda environment: .snakemake/conda/0d091559bc1801de38f96410c86a9fde_
[Tue Sep 15 21:27:00 2026]
Finished job 80.
85 of 163 steps (52%) done
Select jobs to execute...
Execute 1 jobs...

[Tue Sep 15 21:27:00 2026]
localrule globalwigtobigwigmilforward:
    input: globaltracks/mil/RIBO-GLY-1.mil.forward.wig, genomes/sizes.genome
    output: globaltracks/mil/RIBO-GLY-1.mil.forward.global.bw
    jobid: 86
    reason: Missing output files: globaltracks/mil/RIBO-GLY-1.mil.forward.global.bw; Input files updated by another job: globaltracks/mil/RIBO-GLY-1.mil.forward.wig, genomes/sizes.genome
    wildcards: method=RIBO, condition=GLY, replicate=1
    resources: mem_mb=1500, mem_mib=1431, disk_mb=4000, disk_mib=3815, tmpdir=/home/qasim/hribo_work/pao1/tmp

wigToBigWig globaltracks/mil/RIBO-GLY-1.mil.forward.wig genomes/sizes.genome globaltracks/mil/RIBO-GLY-1.mil.forward.global.bw
Activating conda environment: .snakemake/conda/3bcd7c24853525a7e734f47e7332949d_
[Tue Sep 15 21:27:01 2026]
Finished job 86.
86 of 163 steps (53%) done
Select jobs to execute...
Execute 1 jobs...

[Tue Sep 15 21:27:01 2026]
localrule fiveprimewigtobigwigrawreverse:
    input: fiveprimetracks/raw/RIBO-GLY-1.raw.reverse.wig, genomes/sizes.genome
    output: fiveprimetracks/raw/RIBO-GLY-1.raw.reverse.fiveprime.bw
    jobid: 112
    reason: Missing output files: fiveprimetracks/raw/RIBO-GLY-1.raw.reverse.fiveprime.bw; Input files updated by another job: fiveprimetracks/raw/RIBO-GLY-1.raw.reverse.wig, genomes/sizes.genome
    wildcards: method=RIBO, condition=GLY, replicate=1
    resources: mem_mb=1500, mem_mib=1431, disk_mb=4000, disk_mib=3815, tmpdir=/home/qasim/hribo_work/pao1/tmp

wigToBigWig fiveprimetracks/raw/RIBO-GLY-1.raw.reverse.wig genomes/sizes.genome fiveprimetracks/raw/RIBO-GLY-1.raw.reverse.fiveprime.bw
Activating conda environment: .snakemake/conda/3bcd7c24853525a7e734f47e7332949d_
[Tue Sep 15 21:27:01 2026]
Finished job 112.
87 of 163 steps (53%) done
Select jobs to execute...
Execute 1 jobs...

[Tue Sep 15 21:27:01 2026]
localrule centeredwigtobigwigminforward:
    input: centeredtracks/min/RNA-GLY-1.min.forward.wig, genomes/sizes.genome
    output: centeredtracks/min/RNA-GLY-1.min.forward.centered.bw
    jobid: 105
    reason: Missing output files: centeredtracks/min/RNA-GLY-1.min.forward.centered.bw; Input files updated by another job: centeredtracks/min/RNA-GLY-1.min.forward.wig, genomes/sizes.genome
    wildcards: method=RNA, condition=GLY, replicate=1
    resources: mem_mb=1500, mem_mib=1431, disk_mb=4000, disk_mib=3815, tmpdir=/home/qasim/hribo_work/pao1/tmp

wigToBigWig centeredtracks/min/RNA-GLY-1.min.forward.wig genomes/sizes.genome centeredtracks/min/RNA-GLY-1.min.forward.centered.bw
Activating conda environment: .snakemake/conda/3bcd7c24853525a7e734f47e7332949d_
[Tue Sep 15 21:27:02 2026]
Finished job 105.
88 of 163 steps (54%) done
Select jobs to execute...
Execute 1 jobs...

[Tue Sep 15 21:27:02 2026]
localrule threeprimewig:
    input: maplink/RIBO-GLY-1.bam, genomes/sizes.genome, maplink/RIBO-GLY-1.bam.bai, readcounts/bam_mapped_reads.txt
    output: threeprimetracks/raw/RIBO-GLY-1.raw.forward.wig, threeprimetracks/raw/RIBO-GLY-1.raw.reverse.wig, threeprimetracks/mil/RIBO-GLY-1.mil.forward.wig, threeprimetracks/mil/RIBO-GLY-1.mil.reverse.wig, threeprimetracks/min/RIBO-GLY-1.min.forward.wig, threeprimetracks/min/RIBO-GLY-1.min.reverse.wig
    jobid: 123
    reason: Missing output files: threeprimetracks/raw/RIBO-GLY-1.raw.reverse.wig, threeprimetracks/mil/RIBO-GLY-1.mil.forward.wig, threeprimetracks/raw/RIBO-GLY-1.raw.forward.wig, threeprimetracks/min/RIBO-GLY-1.min.reverse.wig, threeprimetracks/min/RIBO-GLY-1.min.forward.wig, threeprimetracks/mil/RIBO-GLY-1.mil.reverse.wig; Input files updated by another job: maplink/RIBO-GLY-1.bam.bai, maplink/RIBO-GLY-1.bam, genomes/sizes.genome, readcounts/bam_mapped_reads.txt
    wildcards: method=RIBO, condition=GLY, replicate=1
    resources: mem_mb=1500, mem_mib=1431, disk_mb=4000, disk_mib=3815, tmpdir=/home/qasim/hribo_work/pao1/tmp

mkdir -p threeprimetracks; mkdir -p threeprimetracks/raw; mkdir -p threeprimetracks/mil; mkdir -p threeprimetracks/min; HRIBO/scripts/mapping.py --mapping_style last_base_only --bam_path maplink/RIBO-GLY-1.bam --wiggle_file_path threeprimetracks/ --no_of_aligned_reads_file_path readcounts/bam_mapped_reads.txt --library_name RIBO-GLY-1;
Activating conda environment: .snakemake/conda/b0887e12b6a3115a0800503ce8b0b0f4_
<frozen importlib._bootstrap>:491: RuntimeWarning: The global interpreter lock (GIL) has been enabled to load module 'pysam.libchtslib', which has not declared that it can run safely without the GIL. To override this behavior and keep the GIL disabled (at your own risk), run with PYTHON_GIL=0 or -Xgil=0.
|| Write the read assignment summary.                                         ||
||                                                                            ||
|| Summary of counting results can be found in file "readcounts/annotation_i  ||
|| ndependant_read_counts.tmp.summary"                                        ||
||                                                                            ||
\\============================================================================//


        ==========     _____ _    _ ____  _____  ______          _____  
        =====         / ____| |  | |  _ \|  __ \|  ____|   /\   |  __ \ 
          =====      | (___ | |  | | |_) | |__) | |__     /  \  | |  | |
            ====      \___ \| |  | |  _ <|  _  /|  __|   / /\ \ | |  | |
              ====    ____) | |__| | |_) | | \ \| |____ / ____ \| |__| |
        ==========   |_____/ \____/|____/|_|  \_\______/_/    \_\_____/
	  v2.0.1

//========================== featureCounts setting ===========================\\
||                                                                            ||
||             Input files : 2 BAM files                                      ||
||                           o RIBO-GLY-1.bam                                 ||
||                           o RNA-GLY-1.bam                                  ||
||                                                                            ||
||             Output file : annotation_independant_read_counts.tmp           ||
||                 Summary : annotation_independant_read_counts.tmp.summary   ||
||              Annotation : unambigous_annotation.gff (GTF)                  ||
||      Dir for temp files : readcounts                                       ||
||                                                                            ||
||                 Threads : 5                                                ||
||                   Level : meta-feature level                               ||
||              Paired-end : no                                               ||
||      Multimapping reads : not counted                                      ||
|| Multi-overlapping reads : counted                                          ||
||   Min overlapping bases : 1                                                ||
||                                                                            ||
\\============================================================================//

//================================= Running ==================================\\
||                                                                            ||
|| Load annotation file unambigous_annotation.gff ...                         ||
||    Features : 532                                                          ||
||    Meta-features : 532                                                     ||
||    Chromosomes/contigs : 1                                                 ||
||                                                                            ||
|| Process BAM file RIBO-GLY-1.bam...                                         ||
||    Strand specific : stranded                                              ||
||    Single-end reads are included.                                          ||
||    Total alignments : 639010                                               ||
||    Successfully assigned alignments : 3446 (0.5%)                          ||
||    Running time : 0.00 minutes                                             ||
||                                                                            ||
|| Process BAM file RNA-GLY-1.bam...                                          ||
||    Strand specific : stranded                                              ||
||    Single-end reads are included.                                          ||
||    Total alignments : 382107                                               ||
||    Successfully assigned alignments : 884 (0.2%)                           ||
||    Running time : 0.01 minutes                                             ||
||                                                                            ||
|| Write the final count table.                                               ||
|| Write the read assignment summary.                                         ||
||                                                                            ||
|| Summary of counting results can be found in file "readcounts/annotation_i  ||
|| ndependant_read_counts.tmp.summary"                                        ||
||                                                                            ||
\\============================================================================//


        ==========     _____ _    _ ____  _____  ______          _____  
        =====         / ____| |  | |  _ \|  __ \|  ____|   /\   |  __ \ 
          =====      | (___ | |  | | |_) | |__) | |__     /  \  | |  | |
            ====      \___ \| |  | |  _ <|  _  /|  __|   / /\ \ | |  | |
              ====    ____) | |__| | |_) | | \ \| |____ / ____ \| |__| |
        ==========   |_____/ \____/|____/|_|  \_\______/_/    \_\_____/
	  v2.0.1

//========================== featureCounts setting ===========================\\
||                                                                            ||
||             Input files : 2 BAM files                                      ||
||                           o RIBO-GLY-1.bam                                 ||
||                           o RNA-GLY-1.bam                                  ||
||                                                                            ||
||             Output file : annotation_independant_read_counts.tmp           ||
||                 Summary : annotation_independant_read_counts.tmp.summary   ||
||              Annotation : unambigous_annotation.gff (GTF)                  ||
||      Dir for temp files : readcounts                                       ||
||                                                                            ||
||                 Threads : 5                                                ||
||                   Level : meta-feature level                               ||
||              Paired-end : no                                               ||
||      Multimapping reads : not counted                                      ||
|| Multi-overlapping reads : counted                                          ||
||   Min overlapping bases : 1                                                ||
||                                                                            ||
\\============================================================================//

//================================= Running ==================================\\
||                                                                            ||
|| Load annotation file unambigous_annotation.gff ...                         ||
||    Features : 19                                                           ||
||    Meta-features : 19                                                      ||
||    Chromosomes/contigs : 1                                                 ||
||                                                                            ||
|| Process BAM file RIBO-GLY-1.bam...                                         ||
||    Strand specific : stranded                                              ||
||    Single-end reads are included.                                          ||
||    Total alignments : 639010                                               ||
||    Successfully assigned alignments : 1040 (0.2%)                          ||
||    Running time : 0.02 minutes                                             ||
||                                                                            ||
|| Process BAM file RNA-GLY-1.bam...                                          ||
||    Strand specific : stranded                                              ||
||    Single-end reads are included.                                          ||
||    Total alignments : 382107                                               ||
||    Successfully assigned alignments : 576 (0.2%)                           ||
||    Running time : 0.01 minutes                                             ||
||                                                                            ||
|| Write the final count table.                                               ||
|| Write the read assignment summary.                                         ||
||                                                                            ||
|| Summary of counting results can be found in file "readcounts/annotation_i  ||
|| ndependant_read_counts.tmp.summary"                                        ||
||                                                                            ||
\\============================================================================//


        ==========     _____ _    _ ____  _____  ______          _____  
        =====         / ____| |  | |  _ \|  __ \|  ____|   /\   |  __ \ 
          =====      | (___ | |  | | |_) | |__) | |__     /  \  | |  | |
            ====      \___ \| |  | |  _ <|  _  /|  __|   / /\ \ | |  | |
              ====    ____) | |__| | |_) | | \ \| |____ / ____ \| |__| |
        ==========   |_____/ \____/|____/|_|  \_\______/_/    \_\_____/
	  v2.0.1

//========================== featureCounts setting ===========================\\
||                                                                            ||
||             Input files : 2 BAM files                                      ||
||                           o RIBO-GLY-1.bam                                 ||
||                           o RNA-GLY-1.bam                                  ||
||                                                                            ||
||             Output file : annotation_independant_read_counts.tmp           ||
||                 Summary : annotation_independant_read_counts.tmp.summary   ||
||              Annotation : unambigous_annotation.gff (GTF)                  ||
||      Dir for temp files : readcounts                                       ||
||                                                                            ||
||                 Threads : 5                                                ||
||                   Level : meta-feature level                               ||
||              Paired-end : no                                               ||
||      Multimapping reads : not counted                                      ||
|| Multi-overlapping reads : counted                                          ||
||   Min overlapping bases : 1                                                ||
||                                                                            ||
\\============================================================================//

//================================= Running ==================================\\
||                                                                            ||
|| Load annotation file unambigous_annotation.gff ...                         ||
||    Features : 63                                                           ||
||    Meta-features : 63                                                      ||
||    Chromosomes/contigs : 1                                                 ||
||                                                                            ||
|| Process BAM file RIBO-GLY-1.bam...                                         ||
||    Strand specific : stranded                                              ||
[Tue Sep 15 21:27:10 2026]
Finished job 123.
89 of 163 steps (55%) done
Select jobs to execute...
Execute 1 jobs...

[Tue Sep 15 21:27:10 2026]
localrule centeredwigtobigwigminreverse:
    input: centeredtracks/min/RNA-GLY-1.min.reverse.wig, genomes/sizes.genome
    output: centeredtracks/min/RNA-GLY-1.min.reverse.centered.bw
    jobid: 107
    reason: Missing output files: centeredtracks/min/RNA-GLY-1.min.reverse.centered.bw; Input files updated by another job: genomes/sizes.genome, centeredtracks/min/RNA-GLY-1.min.reverse.wig
    wildcards: method=RNA, condition=GLY, replicate=1
    resources: mem_mb=1500, mem_mib=1431, disk_mb=4000, disk_mib=3815, tmpdir=/home/qasim/hribo_work/pao1/tmp

||    Single-end reads are included.                                          ||
||    Total alignments : 639010                                               ||
||    Successfully assigned alignments : 0 (0.0%)                             ||
||    Running time : 0.01 minutes                                             ||
||                                                                            ||
|| Process BAM file RNA-GLY-1.bam...                                          ||
||    Strand specific : stranded                                              ||
wigToBigWig centeredtracks/min/RNA-GLY-1.min.reverse.wig genomes/sizes.genome centeredtracks/min/RNA-GLY-1.min.reverse.centered.bw
Activating conda environment: .snakemake/conda/3bcd7c24853525a7e734f47e7332949d_
||    Single-end reads are included.                                          ||
||    Total alignments : 382107                                               ||
||    Successfully assigned alignments : 0 (0.0%)                             ||
||    Running time : 0.01 minutes                                             ||
||                                                                            ||
|| Write the final count table.                                               ||
|| Write the read assignment summary.                                         ||
||                                                                            ||
|| Summary of counting results can be found in file "readcounts/annotation_i  ||
|| ndependant_read_counts.tmp.summary"                                        ||
||                                                                            ||
\\============================================================================//


        ==========     _____ _    _ ____  _____  ______          _____  
        =====         / ____| |  | |  _ \|  __ \|  ____|   /\   |  __ \ 
          =====      | (___ | |  | | |_) | |__) | |__     /  \  | |  | |
            ====      \___ \| |  | |  _ <|  _  /|  __|   / /\ \ | |  | |
              ====    ____) | |__| | |_) | | \ \| |____ / ____ \| |__| |
        ==========   |_____/ \____/|____/|_|  \_\______/_/    \_\_____/
	  v2.0.1

//========================== featureCounts setting ===========================\\
||                                                                            ||
||             Input files : 2 BAM files                                      ||
||                           o RIBO-GLY-1.bam                                 ||
||                           o RNA-GLY-1.bam                                  ||
||                                                                            ||
||             Output file : annotation_independant_read_counts.tmp           ||
||                 Summary : annotation_independant_read_counts.tmp.summary   ||
||              Annotation : unambigous_annotation.gff (GTF)                  ||
||      Dir for temp files : readcounts                                       ||
||                                                                            ||
||                 Threads : 5                                                ||
||                   Level : meta-feature level                               ||
||              Paired-end : no                                               ||
||      Multimapping reads : not counted                                      ||
|| Multi-overlapping reads : counted                                          ||
||   Min overlapping bases : 1                                                ||
||                                                                            ||
\\============================================================================//

//================================= Running ==================================\\
||                                                                            ||
|| Load annotation file unambigous_annotation.gff ...                         ||
||    Features : 106                                                          ||
||    Meta-features : 106                                                     ||
||    Chromosomes/contigs : 1                                                 ||
||                                                                            ||
|| Process BAM file RIBO-GLY-1.bam...                                         ||
||    Strand specific : stranded                                              ||
||    Single-end reads are included.                                          ||
||    Total alignments : 639010                                               ||
||    Successfully assigned alignments : 32040 (5.0%)                         ||
||    Running time : 0.01 minutes                                             ||
||                                                                            ||
|| Process BAM file RNA-GLY-1.bam...                                          ||
||    Strand specific : stranded                                              ||
[Tue Sep 15 21:27:11 2026]
Finished job 107.
90 of 163 steps (55%) done
Select jobs to execute...
Execute 1 jobs...

[Tue Sep 15 21:27:11 2026]
localrule threeprimewigtobigwigrawforward:
    input: threeprimetracks/raw/RIBO-GLY-1.raw.forward.wig, genomes/sizes.genome
    output: threeprimetracks/raw/RIBO-GLY-1.raw.forward.threeprime.bw
    jobid: 122
    reason: Missing output files: threeprimetracks/raw/RIBO-GLY-1.raw.forward.threeprime.bw; Input files updated by another job: threeprimetracks/raw/RIBO-GLY-1.raw.forward.wig, genomes/sizes.genome
    wildcards: method=RIBO, condition=GLY, replicate=1
    resources: mem_mb=1500, mem_mib=1431, disk_mb=4000, disk_mib=3815, tmpdir=/home/qasim/hribo_work/pao1/tmp

wigToBigWig threeprimetracks/raw/RIBO-GLY-1.raw.forward.wig genomes/sizes.genome threeprimetracks/raw/RIBO-GLY-1.raw.forward.threeprime.bw
Activating conda environment: .snakemake/conda/3bcd7c24853525a7e734f47e7332949d_
||    Single-end reads are included.                                          ||
||    Total alignments : 382107                                               ||
||    Successfully assigned alignments : 79789 (20.9%)                        ||
||    Running time : 0.01 minutes                                             ||
||                                                                            ||
|| Write the final count table.                                               ||
|| Write the read assignment summary.                                         ||
||                                                                            ||
|| Summary of counting results can be found in file "readcounts/annotation_i  ||
|| ndependant_read_counts.tmp.summary"                                        ||
||                                                                            ||
\\============================================================================//


        ==========     _____ _    _ ____  _____  ______          _____  
        =====         / ____| |  | |  _ \|  __ \|  ____|   /\   |  __ \ 
          =====      | (___ | |  | | |_) | |__) | |__     /  \  | |  | |
            ====      \___ \| |  | |  _ <|  _  /|  __|   / /\ \ | |  | |
              ====    ____) | |__| | |_) | | \ \| |____ / ____ \| |__| |
        ==========   |_____/ \____/|____/|_|  \_\______/_/    \_\_____/
	  v2.0.1

//========================== featureCounts setting ===========================\\
||                                                                            ||
||             Input files : 2 BAM files                                      ||
||                           o RIBO-GLY-1.bam                                 ||
||                           o RNA-GLY-1.bam                                  ||
||                                                                            ||
||             Output file : annotation_independant_read_counts.tmp           ||
||                 Summary : annotation_independant_read_counts.tmp.summary   ||
||              Annotation : unambigous_annotation.gff (GTF)                  ||
||      Dir for temp files : readcounts                                       ||
||                                                                            ||
||                 Threads : 5                                                ||
||                   Level : meta-feature level                               ||
||              Paired-end : no                                               ||
||      Multimapping reads : not counted                                      ||
|| Multi-overlapping reads : counted                                          ||
||   Min overlapping bases : 1                                                ||
||                                                                            ||
\\============================================================================//

//================================= Running ==================================\\
||                                                                            ||
|| Load annotation file unambigous_annotation.gff ...                         ||
||    Features : 28                                                           ||
||    Meta-features : 28                                                      ||
||    Chromosomes/contigs : 1                                                 ||
||                                                                            ||
|| Process BAM file RIBO-GLY-1.bam...                                         ||
||    Strand specific : stranded                                              ||
[Tue Sep 15 21:27:12 2026]
Finished job 122.
91 of 163 steps (56%) done
Select jobs to execute...
||    Single-end reads are included.                                          ||
||    Total alignments : 639010                                               ||
||    Successfully assigned alignments : 5706 (0.9%)                          ||
||    Running time : 0.01 minutes                                             ||
||                                                                            ||
|| Process BAM file RNA-GLY-1.bam...                                          ||
||    Strand specific : stranded                                              ||
Execute 1 jobs...

[Tue Sep 15 21:27:12 2026]
localrule threeprimewigtobigwigmilreverse:
    input: threeprimetracks/mil/RIBO-GLY-1.mil.reverse.wig, genomes/sizes.genome
    output: threeprimetracks/mil/RIBO-GLY-1.mil.reverse.threeprime.bw
    jobid: 130
    reason: Missing output files: threeprimetracks/mil/RIBO-GLY-1.mil.reverse.threeprime.bw; Input files updated by another job: threeprimetracks/mil/RIBO-GLY-1.mil.reverse.wig, genomes/sizes.genome
    wildcards: method=RIBO, condition=GLY, replicate=1
    resources: mem_mb=1500, mem_mib=1431, disk_mb=4000, disk_mib=3815, tmpdir=/home/qasim/hribo_work/pao1/tmp

wigToBigWig threeprimetracks/mil/RIBO-GLY-1.mil.reverse.wig genomes/sizes.genome threeprimetracks/mil/RIBO-GLY-1.mil.reverse.threeprime.bw
Activating conda environment: .snakemake/conda/3bcd7c24853525a7e734f47e7332949d_
  method condition replicate                  fastqFile fastqFile2
0   RIBO       GLY         1  fastq/RIBO-GLY-1.fastq.gz        NaN
1    RNA       GLY         1   fastq/RNA-GLY-1.fastq.gz        NaN
  method condition replicate                  fastqFile fastqFile2
0   RIBO       GLY         1  fastq/RIBO-GLY-1.fastq.gz        NaN
1    RNA       GLY         1   fastq/RNA-GLY-1.fastq.gz        NaN
||    Single-end reads are included.                                          ||
||    Total alignments : 382107                                               ||
||    Successfully assigned alignments : 26886 (7.0%)                         ||
||    Running time : 0.01 minutes                                             ||
||                                                                            ||
|| Write the final count table.                                               ||
|| Write the read assignment summary.                                         ||
||                                                                            ||
|| Summary of counting results can be found in file "readcounts/annotation_i  ||
|| ndependant_read_counts.tmp.summary"                                        ||
||                                                                            ||
\\============================================================================//


        ==========     _____ _    _ ____  _____  ______          _____  
        =====         / ____| |  | |  _ \|  __ \|  ____|   /\   |  __ \ 
          =====      | (___ | |  | | |_) | |__) | |__     /  \  | |  | |
            ====      \___ \| |  | |  _ <|  _  /|  __|   / /\ \ | |  | |
              ====    ____) | |__| | |_) | | \ \| |____ / ____ \| |__| |
        ==========   |_____/ \____/|____/|_|  \_\______/_/    \_\_____/
	  v2.0.1

//========================== featureCounts setting ===========================\\
||                                                                            ||
||             Input files : 2 BAM files                                      ||
||                           o RIBO-GLY-1.bam                                 ||
||                           o RNA-GLY-1.bam                                  ||
||                                                                            ||
||             Output file : annotation_independant_read_counts.tmp           ||
||                 Summary : annotation_independant_read_counts.tmp.summary   ||
||              Annotation : unambigous_annotation.gff (GTF)                  ||
||      Dir for temp files : readcounts                                       ||
||                                                                            ||
||                 Threads : 5                                                ||
||                   Level : meta-feature level                               ||
||              Paired-end : no                                               ||
||      Multimapping reads : not counted                                      ||
|| Multi-overlapping reads : counted                                          ||
||   Min overlapping bases : 1                                                ||
||                                                                            ||
\\============================================================================//

//================================= Running ==================================\\
||                                                                            ||
|| Load annotation file unambigous_annotation.gff ...                         ||
||    Features : 13                                                           ||
||    Meta-features : 13                                                      ||
||    Chromosomes/contigs : 1                                                 ||
||                                                                            ||
|| Process BAM file RIBO-GLY-1.bam...                                         ||
||    Strand specific : stranded                                              ||
||    Single-end reads are included.                                          ||
||    Total alignments : 639010                                               ||
||    Successfully assigned alignments : 0 (0.0%)                             ||
||    Running time : 0.01 minutes                                             ||
||                                                                            ||
|| Process BAM file RNA-GLY-1.bam...                                          ||
||    Strand specific : stranded                                              ||
||    Single-end reads are included.                                          ||
||    Total alignments : 382107                                               ||
||    Successfully assigned alignments : 0 (0.0%)                             ||
||    Running time : 0.00 minutes                                             ||
||                                                                            ||
|| Write the final count table.                                               ||
[Tue Sep 15 21:27:14 2026]
Finished job 77.
92 of 163 steps (56%) done
Select jobs to execute...
Execute 1 jobs...

[Tue Sep 15 21:27:14 2026]
localrule threeprimewigtobigwigrawreverse:
    input: threeprimetracks/raw/RIBO-GLY-1.raw.reverse.wig, genomes/sizes.genome
    output: threeprimetracks/raw/RIBO-GLY-1.raw.reverse.threeprime.bw
    jobid: 126
    reason: Missing output files: threeprimetracks/raw/RIBO-GLY-1.raw.reverse.threeprime.bw; Input files updated by another job: genomes/sizes.genome, threeprimetracks/raw/RIBO-GLY-1.raw.reverse.wig
    wildcards: method=RIBO, condition=GLY, replicate=1
    resources: mem_mb=1500, mem_mib=1431, disk_mb=4000, disk_mib=3815, tmpdir=/home/qasim/hribo_work/pao1/tmp

wigToBigWig threeprimetracks/raw/RIBO-GLY-1.raw.reverse.wig genomes/sizes.genome threeprimetracks/raw/RIBO-GLY-1.raw.reverse.threeprime.bw
Activating conda environment: .snakemake/conda/3bcd7c24853525a7e734f47e7332949d_
[Tue Sep 15 21:27:14 2026]
Finished job 130.
93 of 163 steps (57%) done
Select jobs to execute...
|| Write the read assignment summary.                                         ||
||                                                                            ||
|| Summary of counting results can be found in file "readcounts/annotation_i  ||
|| ndependant_read_counts.tmp.summary"                                        ||
||                                                                            ||
\\============================================================================//

Execute 1 jobs...

[Tue Sep 15 21:27:14 2026]
localrule globalwigtobigwigminreverse:
    input: globaltracks/min/RIBO-GLY-1.min.reverse.wig, genomes/sizes.genome
    output: globaltracks/min/RIBO-GLY-1.min.reverse.global.bw
    jobid: 92
    reason: Missing output files: globaltracks/min/RIBO-GLY-1.min.reverse.global.bw; Input files updated by another job: globaltracks/min/RIBO-GLY-1.min.reverse.wig, genomes/sizes.genome
    wildcards: method=RIBO, condition=GLY, replicate=1
    resources: mem_mb=1500, mem_mib=1431, disk_mb=4000, disk_mib=3815, tmpdir=/home/qasim/hribo_work/pao1/tmp


        ==========     _____ _    _ ____  _____  ______          _____  
        =====         / ____| |  | |  _ \|  __ \|  ____|   /\   |  __ \ 
          =====      | (___ | |  | | |_) | |__) | |__     /  \  | |  | |
            ====      \___ \| |  | |  _ <|  _  /|  __|   / /\ \ | |  | |
              ====    ____) | |__| | |_) | | \ \| |____ / ____ \| |__| |
        ==========   |_____/ \____/|____/|_|  \_\______/_/    \_\_____/
	  v2.0.1

//========================== featureCounts setting ===========================\\
||                                                                            ||
||             Input files : 2 BAM files                                      ||
||                           o RIBO-GLY-1.bam                                 ||
||                           o RNA-GLY-1.bam                                  ||
||                                                                            ||
||             Output file : annotation_independant_read_counts.tmp           ||
||                 Summary : annotation_independant_read_counts.tmp.summary   ||
||              Annotation : unambigous_annotation.gff (GTF)                  ||
||      Dir for temp files : readcounts                                       ||
||                                                                            ||
||                 Threads : 5                                                ||
||                   Level : meta-feature level                               ||
||              Paired-end : no                                               ||
||      Multimapping reads : not counted                                      ||
|| Multi-overlapping reads : counted                                          ||
||   Min overlapping bases : 1                                                ||
||                                                                            ||
\\============================================================================//

//================================= Running ==================================\\
||                                                                            ||
|| Load annotation file unambigous_annotation.gff ...                         ||
||    Features : 1                                                            ||
||    Meta-features : 1                                                       ||
||    Chromosomes/contigs : 1                                                 ||
||                                                                            ||
|| Process BAM file RIBO-GLY-1.bam...                                         ||
||    Strand specific : stranded                                              ||
wigToBigWig globaltracks/min/RIBO-GLY-1.min.reverse.wig genomes/sizes.genome globaltracks/min/RIBO-GLY-1.min.reverse.global.bw
Activating conda environment: .snakemake/conda/3bcd7c24853525a7e734f47e7332949d_
||    Single-end reads are included.                                          ||
||    Total alignments : 639010                                               ||
||    Successfully assigned alignments : 26334 (4.1%)                         ||
||    Running time : 0.00 minutes                                             ||
||                                                                            ||
|| Process BAM file RNA-GLY-1.bam...                                          ||
||    Strand specific : stranded                                              ||
[Tue Sep 15 21:27:14 2026]
Finished job 126.
94 of 163 steps (58%) done
Select jobs to execute...
Execute 1 jobs...

[Tue Sep 15 21:27:14 2026]
localrule centeredwigtobigwigrawforward:
    input: centeredtracks/raw/RNA-GLY-1.raw.forward.wig, genomes/sizes.genome
    output: centeredtracks/raw/RNA-GLY-1.raw.forward.centered.bw
    jobid: 96
    reason: Missing output files: centeredtracks/raw/RNA-GLY-1.raw.forward.centered.bw; Input files updated by another job: genomes/sizes.genome, centeredtracks/raw/RNA-GLY-1.raw.forward.wig
    wildcards: method=RNA, condition=GLY, replicate=1
    resources: mem_mb=1500, mem_mib=1431, disk_mb=4000, disk_mib=3815, tmpdir=/home/qasim/hribo_work/pao1/tmp

wigToBigWig centeredtracks/raw/RNA-GLY-1.raw.forward.wig genomes/sizes.genome centeredtracks/raw/RNA-GLY-1.raw.forward.centered.bw
Activating conda environment: .snakemake/conda/3bcd7c24853525a7e734f47e7332949d_
||    Single-end reads are included.                                          ||
||    Total alignments : 382107                                               ||
||    Successfully assigned alignments : 52902 (13.8%)                        ||
||    Running time : 0.01 minutes                                             ||
||                                                                            ||
|| Write the final count table.                                               ||
|| Write the read assignment summary.                                         ||
||                                                                            ||
|| Summary of counting results can be found in file "readcounts/annotation_i  ||
|| ndependant_read_counts.tmp.summary"                                        ||
||                                                                            ||
\\============================================================================//


        ==========     _____ _    _ ____  _____  ______          _____  
        =====         / ____| |  | |  _ \|  __ \|  ____|   /\   |  __ \ 
          =====      | (___ | |  | | |_) | |__) | |__     /  \  | |  | |
            ====      \___ \| |  | |  _ <|  _  /|  __|   / /\ \ | |  | |
              ====    ____) | |__| | |_) | | \ \| |____ / ____ \| |__| |
        ==========   |_____/ \____/|____/|_|  \_\______/_/    \_\_____/
	  v2.0.1

//========================== featureCounts setting ===========================\\
||                                                                            ||
||             Input files : 2 BAM files                                      ||
||                           o RIBO-GLY-1.bam                                 ||
||                           o RNA-GLY-1.bam                                  ||
||                                                                            ||
||             Output file : annotation_independant_read_counts.tmp           ||
||                 Summary : annotation_independant_read_counts.tmp.summary   ||
||              Annotation : unambigous_annotation.gff (GTF)                  ||
||      Dir for temp files : readcounts                                       ||
||                                                                            ||
||                 Threads : 5                                                ||
||                   Level : meta-feature level                               ||
||              Paired-end : no                                               ||
||      Multimapping reads : not counted                                      ||
|| Multi-overlapping reads : counted                                          ||
||   Min overlapping bases : 1                                                ||
||                                                                            ||
\\============================================================================//

//================================= Running ==================================\\
||                                                                            ||
|| Load annotation file unambigous_annotation.gff ...                         ||
||    Features : 1                                                            ||
||    Meta-features : 1                                                       ||
||    Chromosomes/contigs : 1                                                 ||
||                                                                            ||
|| Process BAM file RIBO-GLY-1.bam...                                         ||
||    Strand specific : stranded                                              ||
||    Single-end reads are included.                                          ||
||    Total alignments : 639010                                               ||
||    Successfully assigned alignments : 0 (0.0%)                             ||
||    Running time : 0.01 minutes                                             ||
||                                                                            ||
|| Process BAM file RNA-GLY-1.bam...                                          ||
||    Strand specific : stranded                                              ||
[Tue Sep 15 21:27:15 2026]
Finished job 96.
95 of 163 steps (58%) done
Select jobs to execute...
||    Single-end reads are included.                                          ||
||    Total alignments : 382107                                               ||
||    Successfully assigned alignments : 1 (0.0%)                             ||
||    Running time : 0.01 minutes                                             ||
||                                                                            ||
|| Write the final count table.                                               ||
|| Write the read assignment summary.                                         ||
||                                                                            ||
|| Summary of counting results can be found in file "readcounts/annotation_i  ||
|| ndependant_read_counts.tmp.summary"                                        ||
||                                                                            ||
\\============================================================================//

Execute 1 jobs...

[Tue Sep 15 21:27:15 2026]
localrule fiveprimewigtobigwigrawreverse:
    input: fiveprimetracks/raw/RNA-GLY-1.raw.reverse.wig, genomes/sizes.genome
    output: fiveprimetracks/raw/RNA-GLY-1.raw.reverse.fiveprime.bw
    jobid: 113
    reason: Missing output files: fiveprimetracks/raw/RNA-GLY-1.raw.reverse.fiveprime.bw; Input files updated by another job: fiveprimetracks/raw/RNA-GLY-1.raw.reverse.wig, genomes/sizes.genome
    wildcards: method=RNA, condition=GLY, replicate=1
    resources: mem_mb=1500, mem_mib=1431, disk_mb=4000, disk_mib=3815, tmpdir=/home/qasim/hribo_work/pao1/tmp

featureCounts -t region  -a auxiliary/unambigous_annotation.gff -F GTF -g ID -s 1 -T 5 -o readcounts/annotation_independant_read_counts.tmp -O maplink/RIBO-GLY-1.bam maplink/RNA-GLY-1.bam
featureCounts -t gene  -a auxiliary/unambigous_annotation.gff -F GTF -g ID -s 1 -T 5 -o readcounts/annotation_independant_read_counts.tmp -O maplink/RIBO-GLY-1.bam maplink/RNA-GLY-1.bam
featureCounts -t CDS  -a auxiliary/unambigous_annotation.gff -F GTF -g ID -s 1 -T 5 -o readcounts/annotation_independant_read_counts.tmp -O maplink/RIBO-GLY-1.bam maplink/RNA-GLY-1.bam
featureCounts -t protein_binding_site  -a auxiliary/unambigous_annotation.gff -F GTF -g ID -s 1 -T 5 -o readcounts/annotation_independant_read_counts.tmp -O maplink/RIBO-GLY-1.bam maplink/RNA-GLY-1.bam
featureCounts -t pseudogene  -a auxiliary/unambigous_annotation.gff -F GTF -g ID -s 1 -T 5 -o readcounts/annotation_independant_read_counts.tmp -O maplink/RIBO-GLY-1.bam maplink/RNA-GLY-1.bam
featureCounts -t tRNA  -a auxiliary/unambigous_annotation.gff -F GTF -g ID -s 1 -T 5 -o readcounts/annotation_independant_read_counts.tmp -O maplink/RIBO-GLY-1.bam maplink/RNA-GLY-1.bam
featureCounts -t exon  -a auxiliary/unambigous_annotation.gff -F GTF -g ID -s 1 -T 5 -o readcounts/annotation_independant_read_counts.tmp -O maplink/RIBO-GLY-1.bam maplink/RNA-GLY-1.bam
featureCounts -t ncRNA  -a auxiliary/unambigous_annotation.gff -F GTF -g ID -s 1 -T 5 -o readcounts/annotation_independant_read_counts.tmp -O maplink/RIBO-GLY-1.bam maplink/RNA-GLY-1.bam
featureCounts -t rRNA  -a auxiliary/unambigous_annotation.gff -F GTF -g ID -s 1 -T 5 -o readcounts/annotation_independant_read_counts.tmp -O maplink/RIBO-GLY-1.bam maplink/RNA-GLY-1.bam
featureCounts -t tmRNA  -a auxiliary/unambigous_annotation.gff -F GTF -g ID -s 1 -T 5 -o readcounts/annotation_independant_read_counts.tmp -O maplink/RIBO-GLY-1.bam maplink/RNA-GLY-1.bam
featureCounts -t RNase_P_RNA  -a auxiliary/unambigous_annotation.gff -F GTF -g ID -s 1 -T 5 -o readcounts/annotation_independant_read_counts.tmp -O maplink/RIBO-GLY-1.bam maplink/RNA-GLY-1.bam
wigToBigWig fiveprimetracks/raw/RNA-GLY-1.raw.reverse.wig genomes/sizes.genome fiveprimetracks/raw/RNA-GLY-1.raw.reverse.fiveprime.bw
Activating conda environment: .snakemake/conda/3bcd7c24853525a7e734f47e7332949d_
[Tue Sep 15 21:27:15 2026]
Finished job 162.
96 of 163 steps (59%) done
Select jobs to execute...
Execute 1 jobs...

[Tue Sep 15 21:27:16 2026]
localrule fiveprimewigtobigwigminforward:
    input: fiveprimetracks/min/RIBO-GLY-1.min.forward.wig, genomes/sizes.genome
    output: fiveprimetracks/min/RIBO-GLY-1.min.forward.fiveprime.bw
    jobid: 118
    reason: Missing output files: fiveprimetracks/min/RIBO-GLY-1.min.forward.fiveprime.bw; Input files updated by another job: fiveprimetracks/min/RIBO-GLY-1.min.forward.wig, genomes/sizes.genome
    wildcards: method=RIBO, condition=GLY, replicate=1
    resources: mem_mb=1500, mem_mib=1431, disk_mb=4000, disk_mib=3815, tmpdir=/home/qasim/hribo_work/pao1/tmp

wigToBigWig fiveprimetracks/min/RIBO-GLY-1.min.forward.wig genomes/sizes.genome fiveprimetracks/min/RIBO-GLY-1.min.forward.fiveprime.bw
Activating conda environment: .snakemake/conda/3bcd7c24853525a7e734f47e7332949d_
[Tue Sep 15 21:27:16 2026]
Finished job 92.
97 of 163 steps (60%) done
Select jobs to execute...
Execute 1 jobs...

[Tue Sep 15 21:27:16 2026]
localrule centeredwigtobigwigmilforward:
    input: centeredtracks/mil/RIBO-GLY-1.mil.forward.wig, genomes/sizes.genome
    output: centeredtracks/mil/RIBO-GLY-1.mil.forward.centered.bw
    jobid: 100
    reason: Missing output files: centeredtracks/mil/RIBO-GLY-1.mil.forward.centered.bw; Input files updated by another job: genomes/sizes.genome, centeredtracks/mil/RIBO-GLY-1.mil.forward.wig
    wildcards: method=RIBO, condition=GLY, replicate=1
    resources: mem_mb=1500, mem_mib=1431, disk_mb=4000, disk_mib=3815, tmpdir=/home/qasim/hribo_work/pao1/tmp

wigToBigWig centeredtracks/mil/RIBO-GLY-1.mil.forward.wig genomes/sizes.genome centeredtracks/mil/RIBO-GLY-1.mil.forward.centered.bw
Activating conda environment: .snakemake/conda/3bcd7c24853525a7e734f47e7332949d_
[Tue Sep 15 21:27:16 2026]
Finished job 113.
98 of 163 steps (60%) done
Select jobs to execute...
Failed to solve scheduling problem with ILP solver in time (10s). Falling back to greedy solver.
Execute 1 jobs...

[Tue Sep 15 21:27:36 2026]
localrule globalwigtobigwigmilreverse:
    input: globaltracks/mil/RIBO-GLY-1.mil.reverse.wig, genomes/sizes.genome
    output: globaltracks/mil/RIBO-GLY-1.mil.reverse.global.bw
    jobid: 88
    reason: Missing output files: globaltracks/mil/RIBO-GLY-1.mil.reverse.global.bw; Input files updated by another job: globaltracks/mil/RIBO-GLY-1.mil.reverse.wig, genomes/sizes.genome
    wildcards: method=RIBO, condition=GLY, replicate=1
    resources: mem_mb=1500, mem_mib=1431, disk_mb=4000, disk_mib=3815, tmpdir=/home/qasim/hribo_work/pao1/tmp

wigToBigWig globaltracks/mil/RIBO-GLY-1.mil.reverse.wig genomes/sizes.genome globaltracks/mil/RIBO-GLY-1.mil.reverse.global.bw
Activating conda environment: .snakemake/conda/3bcd7c24853525a7e734f47e7332949d_
[Tue Sep 15 21:27:36 2026]
Finished job 118.
99 of 163 steps (61%) done
[Tue Sep 15 21:27:36 2026]
Finished job 100.
100 of 163 steps (61%) done
Select jobs to execute...
Execute 2 jobs...

[Tue Sep 15 21:27:36 2026]
localrule centeredwigtobigwigmilreverse:
    input: centeredtracks/mil/RNA-GLY-1.mil.reverse.wig, genomes/sizes.genome
    output: centeredtracks/mil/RNA-GLY-1.mil.reverse.centered.bw
    jobid: 103
    reason: Missing output files: centeredtracks/mil/RNA-GLY-1.mil.reverse.centered.bw; Input files updated by another job: centeredtracks/mil/RNA-GLY-1.mil.reverse.wig, genomes/sizes.genome
    wildcards: method=RNA, condition=GLY, replicate=1
    resources: mem_mb=1500, mem_mib=1431, disk_mb=4000, disk_mib=3815, tmpdir=/home/qasim/hribo_work/pao1/tmp

wigToBigWig centeredtracks/mil/RNA-GLY-1.mil.reverse.wig genomes/sizes.genome centeredtracks/mil/RNA-GLY-1.mil.reverse.centered.bw
Activating conda environment: .snakemake/conda/3bcd7c24853525a7e734f47e7332949d_

[Tue Sep 15 21:27:36 2026]
localrule threeprimewigtobigwigmilforward:
    input: threeprimetracks/mil/RIBO-GLY-1.mil.forward.wig, genomes/sizes.genome
    output: threeprimetracks/mil/RIBO-GLY-1.mil.forward.threeprime.bw
    jobid: 128
    reason: Missing output files: threeprimetracks/mil/RIBO-GLY-1.mil.forward.threeprime.bw; Input files updated by another job: threeprimetracks/mil/RIBO-GLY-1.mil.forward.wig, genomes/sizes.genome
    wildcards: method=RIBO, condition=GLY, replicate=1
    resources: mem_mb=1500, mem_mib=1431, disk_mb=4000, disk_mib=3815, tmpdir=/home/qasim/hribo_work/pao1/tmp

wigToBigWig threeprimetracks/mil/RIBO-GLY-1.mil.forward.wig genomes/sizes.genome threeprimetracks/mil/RIBO-GLY-1.mil.forward.threeprime.bw
Activating conda environment: .snakemake/conda/3bcd7c24853525a7e734f47e7332949d_
Select jobs to execute...
[Tue Sep 15 21:27:36 2026]
Finished job 128.
101 of 163 steps (62%) done
Execute 1 jobs...

[Tue Sep 15 21:27:36 2026]
localrule globalwig:
    input: maplink/RNA-GLY-1.bam, genomes/sizes.genome, maplink/RNA-GLY-1.bam.bai, readcounts/bam_mapped_reads.txt
    output: globaltracks/raw/RNA-GLY-1.raw.forward.wig, globaltracks/raw/RNA-GLY-1.raw.reverse.wig, globaltracks/mil/RNA-GLY-1.mil.forward.wig, globaltracks/mil/RNA-GLY-1.mil.reverse.wig, globaltracks/min/RNA-GLY-1.min.forward.wig, globaltracks/min/RNA-GLY-1.min.reverse.wig
    jobid: 83
    reason: Missing output files: globaltracks/min/RNA-GLY-1.min.reverse.wig, globaltracks/min/RNA-GLY-1.min.forward.wig, globaltracks/mil/RNA-GLY-1.mil.forward.wig, globaltracks/raw/RNA-GLY-1.raw.reverse.wig, globaltracks/raw/RNA-GLY-1.raw.forward.wig, globaltracks/mil/RNA-GLY-1.mil.reverse.wig; Input files updated by another job: maplink/RNA-GLY-1.bam, genomes/sizes.genome, readcounts/bam_mapped_reads.txt, maplink/RNA-GLY-1.bam.bai
    wildcards: method=RNA, condition=GLY, replicate=1
    resources: mem_mb=1500, mem_mib=1431, disk_mb=4000, disk_mib=3815, tmpdir=/home/qasim/hribo_work/pao1/tmp

mkdir -p globaltracks; mkdir -p globaltracks/raw; mkdir -p globaltracks/mil; mkdir -p globaltracks/min; HRIBO/scripts/mapping.py --mapping_style global --bam_path maplink/RNA-GLY-1.bam --wiggle_file_path globaltracks/ --no_of_aligned_reads_file_path readcounts/bam_mapped_reads.txt --library_name RNA-GLY-1;
Activating conda environment: .snakemake/conda/b0887e12b6a3115a0800503ce8b0b0f4_
[Tue Sep 15 21:27:37 2026]
Finished job 103.
102 of 163 steps (63%) done
Select jobs to execute...
Execute 1 jobs...

[Tue Sep 15 21:27:37 2026]
localrule centeredwigtobigwigminreverse:
    input: centeredtracks/min/RIBO-GLY-1.min.reverse.wig, genomes/sizes.genome
    output: centeredtracks/min/RIBO-GLY-1.min.reverse.centered.bw
    jobid: 106
    reason: Missing output files: centeredtracks/min/RIBO-GLY-1.min.reverse.centered.bw; Input files updated by another job: centeredtracks/min/RIBO-GLY-1.min.reverse.wig, genomes/sizes.genome
    wildcards: method=RIBO, condition=GLY, replicate=1
    resources: mem_mb=1500, mem_mib=1431, disk_mb=4000, disk_mib=3815, tmpdir=/home/qasim/hribo_work/pao1/tmp

wigToBigWig centeredtracks/min/RIBO-GLY-1.min.reverse.wig genomes/sizes.genome centeredtracks/min/RIBO-GLY-1.min.reverse.centered.bw
Activating conda environment: .snakemake/conda/3bcd7c24853525a7e734f47e7332949d_
[Tue Sep 15 21:27:37 2026]
Finished job 88.
103 of 163 steps (63%) done
Select jobs to execute...
Execute 1 jobs...

[Tue Sep 15 21:27:38 2026]
localrule mapIndependantReads:
    input: readcounts/annotation_independant_read_counts.raw, annotation/annotation_processed.gff
    output: readcounts/independant_annotation.gff
    jobid: 161
    reason: Missing output files: readcounts/independant_annotation.gff; Input files updated by another job: annotation/annotation_processed.gff, readcounts/annotation_independant_read_counts.raw
    resources: mem_mb=1500, mem_mib=1431, disk_mb=4000, disk_mib=3815, tmpdir=/home/qasim/hribo_work/pao1/tmp


        mkdir -p readcounts; HRIBO/scripts/map_reads_to_annotation.py -i readcounts/annotation_independant_read_counts.raw -a annotation/annotation_processed.gff -o readcounts/independant_annotation.gff
        
Activating conda environment: .snakemake/conda/7d1806eb8cf01f4bb08bc6d776e0a631_
[Tue Sep 15 21:27:40 2026]
Finished job 106.
104 of 163 steps (64%) done
Select jobs to execute...
Execute 1 jobs...

[Tue Sep 15 21:27:40 2026]
localrule fiveprimewigtobigwigrawforward:
    input: fiveprimetracks/raw/RNA-GLY-1.raw.forward.wig, genomes/sizes.genome
    output: fiveprimetracks/raw/RNA-GLY-1.raw.forward.fiveprime.bw
    jobid: 110
    reason: Missing output files: fiveprimetracks/raw/RNA-GLY-1.raw.forward.fiveprime.bw; Input files updated by another job: fiveprimetracks/raw/RNA-GLY-1.raw.forward.wig, genomes/sizes.genome
    wildcards: method=RNA, condition=GLY, replicate=1
    resources: mem_mb=1500, mem_mib=1431, disk_mb=4000, disk_mib=3815, tmpdir=/home/qasim/hribo_work/pao1/tmp

wigToBigWig fiveprimetracks/raw/RNA-GLY-1.raw.forward.wig genomes/sizes.genome fiveprimetracks/raw/RNA-GLY-1.raw.forward.fiveprime.bw
Activating conda environment: .snakemake/conda/3bcd7c24853525a7e734f47e7332949d_
<frozen importlib._bootstrap>:491: RuntimeWarning: The global interpreter lock (GIL) has been enabled to load module 'pysam.libchtslib', which has not declared that it can run safely without the GIL. To override this behavior and keep the GIL disabled (at your own risk), run with PYTHON_GIL=0 or -Xgil=0.
[Tue Sep 15 21:27:51 2026]
Finished job 110.
105 of 163 steps (64%) done
Select jobs to execute...
Execute 1 jobs...

[Tue Sep 15 21:27:51 2026]
localrule threeprimewigtobigwigminforward:
    input: threeprimetracks/min/RIBO-GLY-1.min.forward.wig, genomes/sizes.genome
    output: threeprimetracks/min/RIBO-GLY-1.min.forward.threeprime.bw
    jobid: 132
    reason: Missing output files: threeprimetracks/min/RIBO-GLY-1.min.forward.threeprime.bw; Input files updated by another job: genomes/sizes.genome, threeprimetracks/min/RIBO-GLY-1.min.forward.wig
    wildcards: method=RIBO, condition=GLY, replicate=1
    resources: mem_mb=1500, mem_mib=1431, disk_mb=4000, disk_mib=3815, tmpdir=/home/qasim/hribo_work/pao1/tmp

wigToBigWig threeprimetracks/min/RIBO-GLY-1.min.forward.wig genomes/sizes.genome threeprimetracks/min/RIBO-GLY-1.min.forward.threeprime.bw
Activating conda environment: .snakemake/conda/3bcd7c24853525a7e734f47e7332949d_
[Tue Sep 15 21:27:51 2026]
Finished job 132.
106 of 163 steps (65%) done
Select jobs to execute...
Execute 1 jobs...

[Tue Sep 15 21:27:51 2026]
localrule fiveprimewigtobigwigmilforward:
    input: fiveprimetracks/mil/RIBO-GLY-1.mil.forward.wig, genomes/sizes.genome
    output: fiveprimetracks/mil/RIBO-GLY-1.mil.forward.fiveprime.bw
    jobid: 114
    reason: Missing output files: fiveprimetracks/mil/RIBO-GLY-1.mil.forward.fiveprime.bw; Input files updated by another job: genomes/sizes.genome, fiveprimetracks/mil/RIBO-GLY-1.mil.forward.wig
    wildcards: method=RIBO, condition=GLY, replicate=1
    resources: mem_mb=1500, mem_mib=1431, disk_mb=4000, disk_mib=3815, tmpdir=/home/qasim/hribo_work/pao1/tmp

wigToBigWig fiveprimetracks/mil/RIBO-GLY-1.mil.forward.wig genomes/sizes.genome fiveprimetracks/mil/RIBO-GLY-1.mil.forward.fiveprime.bw
Activating conda environment: .snakemake/conda/3bcd7c24853525a7e734f47e7332949d_
[Tue Sep 15 21:27:52 2026]
Finished job 114.
107 of 163 steps (66%) done
Select jobs to execute...
Execute 1 jobs...

[Tue Sep 15 21:27:52 2026]
localrule centeredwigtobigwigmilforward:
    input: centeredtracks/mil/RNA-GLY-1.mil.forward.wig, genomes/sizes.genome
    output: centeredtracks/mil/RNA-GLY-1.mil.forward.centered.bw
    jobid: 101
    reason: Missing output files: centeredtracks/mil/RNA-GLY-1.mil.forward.centered.bw; Input files updated by another job: genomes/sizes.genome, centeredtracks/mil/RNA-GLY-1.mil.forward.wig
    wildcards: method=RNA, condition=GLY, replicate=1
    resources: mem_mb=1500, mem_mib=1431, disk_mb=4000, disk_mib=3815, tmpdir=/home/qasim/hribo_work/pao1/tmp

wigToBigWig centeredtracks/mil/RNA-GLY-1.mil.forward.wig genomes/sizes.genome centeredtracks/mil/RNA-GLY-1.mil.forward.centered.bw
Activating conda environment: .snakemake/conda/3bcd7c24853525a7e734f47e7332949d_
[Tue Sep 15 21:27:52 2026]
Finished job 101.
108 of 163 steps (66%) done
Select jobs to execute...
Execute 1 jobs...

[Tue Sep 15 21:27:52 2026]
localrule runDeseqPreprocessing:
    input: pca/raw_reads.csv, pca/meta.csv
    output: pca/raw_count_distributions.pdf, pca/mean_vs_variance.pdf, pca/normalized_counts.tsv, pca/rld.tsv, pca/variance_percentages.tsv, pca/rld_cor.tsv
    jobid: 76
    reason: Missing output files: pca/variance_percentages.tsv, pca/rld_cor.tsv, pca/rld.tsv; Input files updated by another job: pca/meta.csv, pca/raw_reads.csv
    resources: mem_mb=1500, mem_mib=1431, disk_mb=4000, disk_mib=3815, tmpdir=/home/qasim/hribo_work/pao1/tmp


        mkdir -p pca;
        HRIBO/scripts/analyse_variance.R -r pca/raw_reads.csv -m pca/meta.csv -o pca/;
        
Activating conda environment: .snakemake/conda/3ecca20d19f06eeeb72ffc04d10d1cbb_
[Tue Sep 15 21:27:55 2026]
Finished job 161.
109 of 163 steps (67%) done
Select jobs to execute...
Execute 1 jobs...

[Tue Sep 15 21:27:55 2026]
localrule fiveprimewigtobigwimilgreverse:
    input: fiveprimetracks/mil/RIBO-GLY-1.mil.reverse.wig, genomes/sizes.genome
    output: fiveprimetracks/mil/RIBO-GLY-1.mil.reverse.fiveprime.bw
    jobid: 116
    reason: Missing output files: fiveprimetracks/mil/RIBO-GLY-1.mil.reverse.fiveprime.bw; Input files updated by another job: genomes/sizes.genome, fiveprimetracks/mil/RIBO-GLY-1.mil.reverse.wig
    wildcards: method=RIBO, condition=GLY, replicate=1
    resources: mem_mb=1500, mem_mib=1431, disk_mb=4000, disk_mib=3815, tmpdir=/home/qasim/hribo_work/pao1/tmp

wigToBigWig fiveprimetracks/mil/RIBO-GLY-1.mil.reverse.wig genomes/sizes.genome fiveprimetracks/mil/RIBO-GLY-1.mil.reverse.fiveprime.bw
Activating conda environment: .snakemake/conda/3bcd7c24853525a7e734f47e7332949d_
Loading required package: S4Vectors
Loading required package: stats4
[Tue Sep 15 21:27:55 2026]
Finished job 116.
110 of 163 steps (67%) done
Select jobs to execute...
Execute 1 jobs...

[Tue Sep 15 21:27:55 2026]
localrule globalwigtobigwigminforward:
    input: globaltracks/min/RIBO-GLY-1.min.forward.wig, genomes/sizes.genome
    output: globaltracks/min/RIBO-GLY-1.min.forward.global.bw
    jobid: 90
    reason: Missing output files: globaltracks/min/RIBO-GLY-1.min.forward.global.bw; Input files updated by another job: genomes/sizes.genome, globaltracks/min/RIBO-GLY-1.min.forward.wig
    wildcards: method=RIBO, condition=GLY, replicate=1
    resources: mem_mb=1500, mem_mib=1431, disk_mb=4000, disk_mib=3815, tmpdir=/home/qasim/hribo_work/pao1/tmp

wigToBigWig globaltracks/min/RIBO-GLY-1.min.forward.wig genomes/sizes.genome globaltracks/min/RIBO-GLY-1.min.forward.global.bw
Activating conda environment: .snakemake/conda/3bcd7c24853525a7e734f47e7332949d_
Loading required package: BiocGenerics

Attaching package: ‘BiocGenerics’

The following objects are masked from ‘package:stats’:

    IQR, mad, sd, var, xtabs

The following objects are masked from ‘package:base’:

    anyDuplicated, aperm, append, as.data.frame, basename, cbind,
    colnames, dirname, do.call, duplicated, eval, evalq, Filter, Find,
    get, grep, grepl, intersect, is.unsorted, lapply, Map, mapply,
    match, mget, order, paste, pmax, pmax.int, pmin, pmin.int,
    Position, rank, rbind, Reduce, rownames, sapply, setdiff, sort,
    table, tapply, union, unique, unsplit, which.max, which.min


Attaching package: ‘S4Vectors’

The following object is masked from ‘package:utils’:

    findMatches

The following objects are masked from ‘package:base’:

    expand.grid, I, unname

Loading required package: IRanges
[Tue Sep 15 21:27:58 2026]
Finished job 90.
111 of 163 steps (68%) done
Select jobs to execute...
Execute 1 jobs...

[Tue Sep 15 21:27:58 2026]
localrule threeprimewigtobigwigminreverse:
    input: threeprimetracks/min/RIBO-GLY-1.min.reverse.wig, genomes/sizes.genome
    output: threeprimetracks/min/RIBO-GLY-1.min.reverse.threeprime.bw
    jobid: 134
    reason: Missing output files: threeprimetracks/min/RIBO-GLY-1.min.reverse.threeprime.bw; Input files updated by another job: threeprimetracks/min/RIBO-GLY-1.min.reverse.wig, genomes/sizes.genome
    wildcards: method=RIBO, condition=GLY, replicate=1
    resources: mem_mb=1500, mem_mib=1431, disk_mb=4000, disk_mib=3815, tmpdir=/home/qasim/hribo_work/pao1/tmp

wigToBigWig threeprimetracks/min/RIBO-GLY-1.min.reverse.wig genomes/sizes.genome threeprimetracks/min/RIBO-GLY-1.min.reverse.threeprime.bw
Activating conda environment: .snakemake/conda/3bcd7c24853525a7e734f47e7332949d_
Loading required package: GenomicRanges
Loading required package: GenomeInfoDb
[Tue Sep 15 21:27:58 2026]
Finished job 134.
112 of 163 steps (69%) done
Select jobs to execute...
Execute 1 jobs...

[Tue Sep 15 21:27:58 2026]
localrule centeredwigtobigwigrawforward:
    input: centeredtracks/raw/RIBO-GLY-1.raw.forward.wig, genomes/sizes.genome
    output: centeredtracks/raw/RIBO-GLY-1.raw.forward.centered.bw
    jobid: 94
    reason: Missing output files: centeredtracks/raw/RIBO-GLY-1.raw.forward.centered.bw; Input files updated by another job: genomes/sizes.genome, centeredtracks/raw/RIBO-GLY-1.raw.forward.wig
    wildcards: method=RIBO, condition=GLY, replicate=1
    resources: mem_mb=1500, mem_mib=1431, disk_mb=4000, disk_mib=3815, tmpdir=/home/qasim/hribo_work/pao1/tmp

wigToBigWig centeredtracks/raw/RIBO-GLY-1.raw.forward.wig genomes/sizes.genome centeredtracks/raw/RIBO-GLY-1.raw.forward.centered.bw
Activating conda environment: .snakemake/conda/3bcd7c24853525a7e734f47e7332949d_
Loading required package: SummarizedExperiment
Loading required package: MatrixGenerics
Loading required package: matrixStats

Attaching package: ‘MatrixGenerics’

The following objects are masked from ‘package:matrixStats’:

    colAlls, colAnyNAs, colAnys, colAvgsPerRowSet, colCollapse,
    colCounts, colCummaxs, colCummins, colCumprods, colCumsums,
    colDiffs, colIQRDiffs, colIQRs, colLogSumExps, colMadDiffs,
    colMads, colMaxs, colMeans2, colMedians, colMins, colOrderStats,
    colProds, colQuantiles, colRanges, colRanks, colSdDiffs, colSds,
    colSums2, colTabulates, colVarDiffs, colVars, colWeightedMads,
    colWeightedMeans, colWeightedMedians, colWeightedSds,
    colWeightedVars, rowAlls, rowAnyNAs, rowAnys, rowAvgsPerColSet,
    rowCollapse, rowCounts, rowCummaxs, rowCummins, rowCumprods,
    rowCumsums, rowDiffs, rowIQRDiffs, rowIQRs, rowLogSumExps,
    rowMadDiffs, rowMads, rowMaxs, rowMeans2, rowMedians, rowMins,
    rowOrderStats, rowProds, rowQuantiles, rowRanges, rowRanks,
    rowSdDiffs, rowSds, rowSums2, rowTabulates, rowVarDiffs, rowVars,
    rowWeightedMads, rowWeightedMeans, rowWeightedMedians,
    rowWeightedSds, rowWeightedVars

Loading required package: Biobase
Welcome to Bioconductor

    Vignettes contain introductory material; view with
    'browseVignettes()'. To cite Bioconductor, see
    'citation("Biobase")', and for packages 'citation("pkgname")'.


Attaching package: ‘Biobase’

The following object is masked from ‘package:MatrixGenerics’:

    rowMedians

The following objects are masked from ‘package:matrixStats’:

    anyMissing, rowMedians

[Tue Sep 15 21:28:00 2026]
Finished job 94.
113 of 163 steps (69%) done
Select jobs to execute...
Execute 1 jobs...

[Tue Sep 15 21:28:00 2026]
localrule fiveprimewigtobigwigmilforward:
    input: fiveprimetracks/mil/RNA-GLY-1.mil.forward.wig, genomes/sizes.genome
    output: fiveprimetracks/mil/RNA-GLY-1.mil.forward.fiveprime.bw
    jobid: 115
    reason: Missing output files: fiveprimetracks/mil/RNA-GLY-1.mil.forward.fiveprime.bw; Input files updated by another job: genomes/sizes.genome, fiveprimetracks/mil/RNA-GLY-1.mil.forward.wig
    wildcards: method=RNA, condition=GLY, replicate=1
    resources: mem_mb=1500, mem_mib=1431, disk_mb=4000, disk_mib=3815, tmpdir=/home/qasim/hribo_work/pao1/tmp

wigToBigWig fiveprimetracks/mil/RNA-GLY-1.mil.forward.wig genomes/sizes.genome fiveprimetracks/mil/RNA-GLY-1.mil.forward.fiveprime.bw
Activating conda environment: .snakemake/conda/3bcd7c24853525a7e734f47e7332949d_
[Tue Sep 15 21:28:01 2026]
Finished job 115.
114 of 163 steps (70%) done
Select jobs to execute...
Execute 1 jobs...

[Tue Sep 15 21:28:01 2026]
localrule fiveprimewigtobigwigminreverse:
    input: fiveprimetracks/min/RIBO-GLY-1.min.reverse.wig, genomes/sizes.genome
    output: fiveprimetracks/min/RIBO-GLY-1.min.reverse.fiveprime.bw
    jobid: 120
    reason: Missing output files: fiveprimetracks/min/RIBO-GLY-1.min.reverse.fiveprime.bw; Input files updated by another job: fiveprimetracks/min/RIBO-GLY-1.min.reverse.wig, genomes/sizes.genome
    wildcards: method=RIBO, condition=GLY, replicate=1
    resources: mem_mb=1500, mem_mib=1431, disk_mb=4000, disk_mib=3815, tmpdir=/home/qasim/hribo_work/pao1/tmp

wigToBigWig fiveprimetracks/min/RIBO-GLY-1.min.reverse.wig genomes/sizes.genome fiveprimetracks/min/RIBO-GLY-1.min.reverse.fiveprime.bw
Activating conda environment: .snakemake/conda/3bcd7c24853525a7e734f47e7332949d_
[Tue Sep 15 21:28:01 2026]
Finished job 120.
115 of 163 steps (71%) done
Select jobs to execute...
Execute 1 jobs...

[Tue Sep 15 21:28:02 2026]
localrule plotCorrelation:
    input: figures/results.npz
    output: figures/heatmap_SpearmanCorr_readCounts.pdf
    jobid: 71
    reason: Missing output files: figures/heatmap_SpearmanCorr_readCounts.pdf; Input files updated by another job: figures/results.npz
    resources: mem_mb=1500, mem_mib=1431, disk_mb=4000, disk_mib=3815, tmpdir=/home/qasim/hribo_work/pao1/tmp

mkdir -p figures; plotCorrelation -in figures/results.npz --corMethod spearman --skipZeros --plotTitle "Spearman Correlation of Read Counts" --whatToPlot heatmap --colorMap RdYlBu --plotNumbers -o figures/heatmap_SpearmanCorr_readCounts.pdf --outFileCorMatrix SpearmanCorr_readCounts.tab
Activating conda environment: .snakemake/conda/3bcd7c24853525a7e734f47e7332949d_
[Tue Sep 15 21:28:02 2026]
Finished job 83.
116 of 163 steps (71%) done
Select jobs to execute...
Execute 1 jobs...

[Tue Sep 15 21:28:02 2026]
localrule fiveprimewigtobigwigrawforward:
    input: fiveprimetracks/raw/RIBO-GLY-1.raw.forward.wig, genomes/sizes.genome
    output: fiveprimetracks/raw/RIBO-GLY-1.raw.forward.fiveprime.bw
    jobid: 108
    reason: Missing output files: fiveprimetracks/raw/RIBO-GLY-1.raw.forward.fiveprime.bw; Input files updated by another job: genomes/sizes.genome, fiveprimetracks/raw/RIBO-GLY-1.raw.forward.wig
    wildcards: method=RIBO, condition=GLY, replicate=1
    resources: mem_mb=1500, mem_mib=1431, disk_mb=4000, disk_mib=3815, tmpdir=/home/qasim/hribo_work/pao1/tmp

wigToBigWig fiveprimetracks/raw/RIBO-GLY-1.raw.forward.wig genomes/sizes.genome fiveprimetracks/raw/RIBO-GLY-1.raw.forward.fiveprime.bw
Activating conda environment: .snakemake/conda/3bcd7c24853525a7e734f47e7332949d_
[Tue Sep 15 21:28:02 2026]
Finished job 108.
117 of 163 steps (72%) done
Select jobs to execute...
Execute 1 jobs...

[Tue Sep 15 21:28:03 2026]
localrule globalwigtobigwigrawforward:
    input: globaltracks/raw/RIBO-GLY-1.raw.forward.wig, genomes/sizes.genome
    output: globaltracks/raw/RIBO-GLY-1.raw.forward.global.bw
    jobid: 79
    reason: Missing output files: globaltracks/raw/RIBO-GLY-1.raw.forward.global.bw; Input files updated by another job: globaltracks/raw/RIBO-GLY-1.raw.forward.wig, genomes/sizes.genome
    wildcards: method=RIBO, condition=GLY, replicate=1
    resources: mem_mb=1500, mem_mib=1431, disk_mb=4000, disk_mib=3815, tmpdir=/home/qasim/hribo_work/pao1/tmp

wigToBigWig globaltracks/raw/RIBO-GLY-1.raw.forward.wig genomes/sizes.genome globaltracks/raw/RIBO-GLY-1.raw.forward.global.bw
Activating conda environment: .snakemake/conda/3bcd7c24853525a7e734f47e7332949d_
[Tue Sep 15 21:28:04 2026]
Finished job 79.
118 of 163 steps (72%) done
Select jobs to execute...

Attaching package: ‘plyr’

The following object is masked from ‘package:matrixStats’:

    count

The following object is masked from ‘package:IRanges’:

    desc

The following object is masked from ‘package:S4Vectors’:

    rename

Execute 1 jobs...

[Tue Sep 15 21:28:04 2026]
localrule globalwigtobigwigminrawreverse:
    input: globaltracks/raw/RNA-GLY-1.raw.reverse.wig, genomes/sizes.genome
    output: globaltracks/raw/RNA-GLY-1.raw.reverse.global.bw
    jobid: 85
    reason: Missing output files: globaltracks/raw/RNA-GLY-1.raw.reverse.global.bw; Input files updated by another job: globaltracks/raw/RNA-GLY-1.raw.reverse.wig, genomes/sizes.genome
    wildcards: method=RNA, condition=GLY, replicate=1
    resources: mem_mb=1500, mem_mib=1431, disk_mb=4000, disk_mib=3815, tmpdir=/home/qasim/hribo_work/pao1/tmp

wigToBigWig globaltracks/raw/RNA-GLY-1.raw.reverse.wig genomes/sizes.genome globaltracks/raw/RNA-GLY-1.raw.reverse.global.bw
Activating conda environment: .snakemake/conda/3bcd7c24853525a7e734f47e7332949d_
[1] "data.frame"
[1] "data.frame"
null device 
          1 
Warning messages:
1: In scale_x_log10() : log-10 transformation introduced infinite values.
2: In scale_y_log10() : log-10 transformation introduced infinite values.
3: In scale_x_log10() : log-10 transformation introduced infinite values.
4: Removed 5573 rows containing missing values or values outside the scale range
(`geom_point()`). 
5: In scale_x_log10() : log-10 transformation introduced infinite values.
6: In scale_y_log10() : log-10 transformation introduced infinite values.
7: In scale_x_log10() : log-10 transformation introduced infinite values.
8: Removed 5573 rows containing missing values or values outside the scale range
(`geom_point()`). 
null device 
          1 
[1] TRUE
[1] TRUE
Warning message:
In DESeqDataSet(se, design = design, ignoreRank) :
  some variables in design formula are characters, converting to factors
[Tue Sep 15 21:28:07 2026]
Finished job 85.
119 of 163 steps (73%) done
Select jobs to execute...
Execute 1 jobs...

[Tue Sep 15 21:28:07 2026]
localrule globalwigtobigwigminrawreverse:
    input: globaltracks/raw/RIBO-GLY-1.raw.reverse.wig, genomes/sizes.genome
    output: globaltracks/raw/RIBO-GLY-1.raw.reverse.global.bw
    jobid: 84
    reason: Missing output files: globaltracks/raw/RIBO-GLY-1.raw.reverse.global.bw; Input files updated by another job: globaltracks/raw/RIBO-GLY-1.raw.reverse.wig, genomes/sizes.genome
    wildcards: method=RIBO, condition=GLY, replicate=1
    resources: mem_mb=1500, mem_mib=1431, disk_mb=4000, disk_mib=3815, tmpdir=/home/qasim/hribo_work/pao1/tmp

wigToBigWig globaltracks/raw/RIBO-GLY-1.raw.reverse.wig genomes/sizes.genome globaltracks/raw/RIBO-GLY-1.raw.reverse.global.bw
Activating conda environment: .snakemake/conda/3bcd7c24853525a7e734f47e7332949d_
[Tue Sep 15 21:28:07 2026]
Finished job 71.
120 of 163 steps (74%) done
Select jobs to execute...
Execute 1 jobs...

[Tue Sep 15 21:28:07 2026]
localrule globalwigtobigwigmilreverse:
    input: globaltracks/mil/RNA-GLY-1.mil.reverse.wig, genomes/sizes.genome
    output: globaltracks/mil/RNA-GLY-1.mil.reverse.global.bw
    jobid: 89
    reason: Missing output files: globaltracks/mil/RNA-GLY-1.mil.reverse.global.bw; Input files updated by another job: globaltracks/mil/RNA-GLY-1.mil.reverse.wig, genomes/sizes.genome
    wildcards: method=RNA, condition=GLY, replicate=1
    resources: mem_mb=1500, mem_mib=1431, disk_mb=4000, disk_mib=3815, tmpdir=/home/qasim/hribo_work/pao1/tmp

wigToBigWig globaltracks/mil/RNA-GLY-1.mil.reverse.wig genomes/sizes.genome globaltracks/mil/RNA-GLY-1.mil.reverse.global.bw
Activating conda environment: .snakemake/conda/3bcd7c24853525a7e734f47e7332949d_
Error in pca$x[, 3] : subscript out of bounds
Calls: write_pca_info -> data.frame
Execution halted
[Tue Sep 15 21:28:08 2026]
Error in rule runDeseqPreprocessing:
    jobid: 76
    input: pca/raw_reads.csv, pca/meta.csv
    output: pca/raw_count_distributions.pdf, pca/mean_vs_variance.pdf, pca/normalized_counts.tsv, pca/rld.tsv, pca/variance_percentages.tsv, pca/rld_cor.tsv
    conda-env: /home/qasim/hribo_work/pao1/.snakemake/conda/3ecca20d19f06eeeb72ffc04d10d1cbb_
    shell:
        
        mkdir -p pca;
        HRIBO/scripts/analyse_variance.R -r pca/raw_reads.csv -m pca/meta.csv -o pca/;
        
        (one of the commands exited with non-zero exit code; note that snakemake uses bash strict mode!)

Removing output files of failed job runDeseqPreprocessing since they might be corrupted:
pca/raw_count_distributions.pdf, pca/mean_vs_variance.pdf, pca/normalized_counts.tsv
Select jobs to execute...
Execute 1 jobs...

[Tue Sep 15 21:28:08 2026]
localrule globalwigtobigwigminreverse:
    input: globaltracks/min/RNA-GLY-1.min.reverse.wig, genomes/sizes.genome
    output: globaltracks/min/RNA-GLY-1.min.reverse.global.bw
    jobid: 93
    reason: Missing output files: globaltracks/min/RNA-GLY-1.min.reverse.global.bw; Input files updated by another job: genomes/sizes.genome, globaltracks/min/RNA-GLY-1.min.reverse.wig
    wildcards: method=RNA, condition=GLY, replicate=1
    resources: mem_mb=1500, mem_mib=1431, disk_mb=4000, disk_mib=3815, tmpdir=/home/qasim/hribo_work/pao1/tmp

wigToBigWig globaltracks/min/RNA-GLY-1.min.reverse.wig genomes/sizes.genome globaltracks/min/RNA-GLY-1.min.reverse.global.bw
Activating conda environment: .snakemake/conda/3bcd7c24853525a7e734f47e7332949d_
[Tue Sep 15 21:28:09 2026]
Finished job 89.
121 of 163 steps (74%) done
Select jobs to execute...
Execute 1 jobs...

[Tue Sep 15 21:28:09 2026]
localrule centeredwigtobigwigmilreverse:
    input: centeredtracks/mil/RIBO-GLY-1.mil.reverse.wig, genomes/sizes.genome
    output: centeredtracks/mil/RIBO-GLY-1.mil.reverse.centered.bw
    jobid: 102
    reason: Missing output files: centeredtracks/mil/RIBO-GLY-1.mil.reverse.centered.bw; Input files updated by another job: centeredtracks/mil/RIBO-GLY-1.mil.reverse.wig, genomes/sizes.genome
    wildcards: method=RIBO, condition=GLY, replicate=1
    resources: mem_mb=1500, mem_mib=1431, disk_mb=4000, disk_mib=3815, tmpdir=/home/qasim/hribo_work/pao1/tmp

wigToBigWig centeredtracks/mil/RIBO-GLY-1.mil.reverse.wig genomes/sizes.genome centeredtracks/mil/RIBO-GLY-1.mil.reverse.centered.bw
Activating conda environment: .snakemake/conda/3bcd7c24853525a7e734f47e7332949d_
[Tue Sep 15 21:28:09 2026]
Finished job 84.
122 of 163 steps (75%) done
Select jobs to execute...
Execute 1 jobs...

[Tue Sep 15 21:28:09 2026]
localrule threeprimewig:
    input: maplink/RNA-GLY-1.bam, genomes/sizes.genome, maplink/RNA-GLY-1.bam.bai, readcounts/bam_mapped_reads.txt
    output: threeprimetracks/raw/RNA-GLY-1.raw.forward.wig, threeprimetracks/raw/RNA-GLY-1.raw.reverse.wig, threeprimetracks/mil/RNA-GLY-1.mil.forward.wig, threeprimetracks/mil/RNA-GLY-1.mil.reverse.wig, threeprimetracks/min/RNA-GLY-1.min.forward.wig, threeprimetracks/min/RNA-GLY-1.min.reverse.wig
    jobid: 125
    reason: Missing output files: threeprimetracks/mil/RNA-GLY-1.mil.reverse.wig, threeprimetracks/mil/RNA-GLY-1.mil.forward.wig, threeprimetracks/min/RNA-GLY-1.min.reverse.wig, threeprimetracks/raw/RNA-GLY-1.raw.forward.wig, threeprimetracks/min/RNA-GLY-1.min.forward.wig, threeprimetracks/raw/RNA-GLY-1.raw.reverse.wig; Input files updated by another job: maplink/RNA-GLY-1.bam, genomes/sizes.genome, readcounts/bam_mapped_reads.txt, maplink/RNA-GLY-1.bam.bai
    wildcards: method=RNA, condition=GLY, replicate=1
    resources: mem_mb=1500, mem_mib=1431, disk_mb=4000, disk_mib=3815, tmpdir=/home/qasim/hribo_work/pao1/tmp

mkdir -p threeprimetracks; mkdir -p threeprimetracks/raw; mkdir -p threeprimetracks/mil; mkdir -p threeprimetracks/min; HRIBO/scripts/mapping.py --mapping_style last_base_only --bam_path maplink/RNA-GLY-1.bam --wiggle_file_path threeprimetracks/ --no_of_aligned_reads_file_path readcounts/bam_mapped_reads.txt --library_name RNA-GLY-1;
Activating conda environment: .snakemake/conda/b0887e12b6a3115a0800503ce8b0b0f4_
<frozen importlib._bootstrap>:491: RuntimeWarning: The global interpreter lock (GIL) has been enabled to load module 'pysam.libchtslib', which has not declared that it can run safely without the GIL. To override this behavior and keep the GIL disabled (at your own risk), run with PYTHON_GIL=0 or -Xgil=0.
[Tue Sep 15 21:28:10 2026]
Finished job 93.
123 of 163 steps (75%) done
Select jobs to execute...
Execute 1 jobs...

[Tue Sep 15 21:28:10 2026]
localrule fiveprimewigtobigwigminreverse:
    input: fiveprimetracks/min/RNA-GLY-1.min.reverse.wig, genomes/sizes.genome
    output: fiveprimetracks/min/RNA-GLY-1.min.reverse.fiveprime.bw
    jobid: 121
    reason: Missing output files: fiveprimetracks/min/RNA-GLY-1.min.reverse.fiveprime.bw; Input files updated by another job: fiveprimetracks/min/RNA-GLY-1.min.reverse.wig, genomes/sizes.genome
    wildcards: method=RNA, condition=GLY, replicate=1
    resources: mem_mb=1500, mem_mib=1431, disk_mb=4000, disk_mib=3815, tmpdir=/home/qasim/hribo_work/pao1/tmp

wigToBigWig fiveprimetracks/min/RNA-GLY-1.min.reverse.wig genomes/sizes.genome fiveprimetracks/min/RNA-GLY-1.min.reverse.fiveprime.bw
Activating conda environment: .snakemake/conda/3bcd7c24853525a7e734f47e7332949d_
[Tue Sep 15 21:28:10 2026]
Finished job 102.
124 of 163 steps (76%) done
Select jobs to execute...
Execute 1 jobs...

[Tue Sep 15 21:28:10 2026]
localrule centeredwigtobigwigminrawreverse:
    input: centeredtracks/raw/RIBO-GLY-1.raw.reverse.wig, genomes/sizes.genome
    output: centeredtracks/raw/RIBO-GLY-1.raw.reverse.centered.bw
    jobid: 98
    reason: Missing output files: centeredtracks/raw/RIBO-GLY-1.raw.reverse.centered.bw; Input files updated by another job: genomes/sizes.genome, centeredtracks/raw/RIBO-GLY-1.raw.reverse.wig
    wildcards: method=RIBO, condition=GLY, replicate=1
    resources: mem_mb=1500, mem_mib=1431, disk_mb=4000, disk_mib=3815, tmpdir=/home/qasim/hribo_work/pao1/tmp

wigToBigWig centeredtracks/raw/RIBO-GLY-1.raw.reverse.wig genomes/sizes.genome centeredtracks/raw/RIBO-GLY-1.raw.reverse.centered.bw
Activating conda environment: .snakemake/conda/3bcd7c24853525a7e734f47e7332949d_
[Tue Sep 15 21:28:11 2026]
Finished job 121.
125 of 163 steps (77%) done
Select jobs to execute...
Execute 1 jobs...

[Tue Sep 15 21:28:11 2026]
localrule globalwigtobigwigminforward:
    input: globaltracks/min/RNA-GLY-1.min.forward.wig, genomes/sizes.genome
    output: globaltracks/min/RNA-GLY-1.min.forward.global.bw
    jobid: 91
    reason: Missing output files: globaltracks/min/RNA-GLY-1.min.forward.global.bw; Input files updated by another job: genomes/sizes.genome, globaltracks/min/RNA-GLY-1.min.forward.wig
    wildcards: method=RNA, condition=GLY, replicate=1
    resources: mem_mb=1500, mem_mib=1431, disk_mb=4000, disk_mib=3815, tmpdir=/home/qasim/hribo_work/pao1/tmp

wigToBigWig globaltracks/min/RNA-GLY-1.min.forward.wig genomes/sizes.genome globaltracks/min/RNA-GLY-1.min.forward.global.bw
Activating conda environment: .snakemake/conda/3bcd7c24853525a7e734f47e7332949d_
[Tue Sep 15 21:28:12 2026]
Finished job 98.
126 of 163 steps (77%) done
Select jobs to execute...
Execute 1 jobs...

[Tue Sep 15 21:28:12 2026]
localrule globalwigtobigwigmilforward:
    input: globaltracks/mil/RNA-GLY-1.mil.forward.wig, genomes/sizes.genome
    output: globaltracks/mil/RNA-GLY-1.mil.forward.global.bw
    jobid: 87
    reason: Missing output files: globaltracks/mil/RNA-GLY-1.mil.forward.global.bw; Input files updated by another job: genomes/sizes.genome, globaltracks/mil/RNA-GLY-1.mil.forward.wig
    wildcards: method=RNA, condition=GLY, replicate=1
    resources: mem_mb=1500, mem_mib=1431, disk_mb=4000, disk_mib=3815, tmpdir=/home/qasim/hribo_work/pao1/tmp

wigToBigWig globaltracks/mil/RNA-GLY-1.mil.forward.wig genomes/sizes.genome globaltracks/mil/RNA-GLY-1.mil.forward.global.bw
Activating conda environment: .snakemake/conda/3bcd7c24853525a7e734f47e7332949d_
[Tue Sep 15 21:28:13 2026]
Finished job 91.
127 of 163 steps (78%) done
Select jobs to execute...
Execute 1 jobs...

[Tue Sep 15 21:28:13 2026]
localrule fiveprimewigtobigwigminforward:
    input: fiveprimetracks/min/RNA-GLY-1.min.forward.wig, genomes/sizes.genome
    output: fiveprimetracks/min/RNA-GLY-1.min.forward.fiveprime.bw
    jobid: 119
    reason: Missing output files: fiveprimetracks/min/RNA-GLY-1.min.forward.fiveprime.bw; Input files updated by another job: fiveprimetracks/min/RNA-GLY-1.min.forward.wig, genomes/sizes.genome
    wildcards: method=RNA, condition=GLY, replicate=1
    resources: mem_mb=1500, mem_mib=1431, disk_mb=4000, disk_mib=3815, tmpdir=/home/qasim/hribo_work/pao1/tmp

wigToBigWig fiveprimetracks/min/RNA-GLY-1.min.forward.wig genomes/sizes.genome fiveprimetracks/min/RNA-GLY-1.min.forward.fiveprime.bw
Activating conda environment: .snakemake/conda/3bcd7c24853525a7e734f47e7332949d_
[Tue Sep 15 21:28:13 2026]
Finished job 87.
128 of 163 steps (79%) done
Select jobs to execute...
Execute 1 jobs...

[Tue Sep 15 21:28:13 2026]
localrule globalwigtobigwigrawforward:
    input: globaltracks/raw/RNA-GLY-1.raw.forward.wig, genomes/sizes.genome
    output: globaltracks/raw/RNA-GLY-1.raw.forward.global.bw
    jobid: 82
    reason: Missing output files: globaltracks/raw/RNA-GLY-1.raw.forward.global.bw; Input files updated by another job: globaltracks/raw/RNA-GLY-1.raw.forward.wig, genomes/sizes.genome
    wildcards: method=RNA, condition=GLY, replicate=1
    resources: mem_mb=1500, mem_mib=1431, disk_mb=4000, disk_mib=3815, tmpdir=/home/qasim/hribo_work/pao1/tmp

wigToBigWig globaltracks/raw/RNA-GLY-1.raw.forward.wig genomes/sizes.genome globaltracks/raw/RNA-GLY-1.raw.forward.global.bw
Activating conda environment: .snakemake/conda/3bcd7c24853525a7e734f47e7332949d_
[Tue Sep 15 21:28:14 2026]
Finished job 119.
129 of 163 steps (79%) done
Select jobs to execute...
[Tue Sep 15 21:28:15 2026]
Finished job 82.
130 of 163 steps (80%) done
[Tue Sep 15 21:28:17 2026]
Finished job 125.
131 of 163 steps (80%) done
Execute 3 jobs...

[Tue Sep 15 21:28:17 2026]
localrule threeprimewigtobigwigmilforward:
    input: threeprimetracks/mil/RNA-GLY-1.mil.forward.wig, genomes/sizes.genome
    output: threeprimetracks/mil/RNA-GLY-1.mil.forward.threeprime.bw
    jobid: 129
    reason: Missing output files: threeprimetracks/mil/RNA-GLY-1.mil.forward.threeprime.bw; Input files updated by another job: genomes/sizes.genome, threeprimetracks/mil/RNA-GLY-1.mil.forward.wig
    wildcards: method=RNA, condition=GLY, replicate=1
    resources: mem_mb=1500, mem_mib=1431, disk_mb=4000, disk_mib=3815, tmpdir=/home/qasim/hribo_work/pao1/tmp

wigToBigWig threeprimetracks/mil/RNA-GLY-1.mil.forward.wig genomes/sizes.genome threeprimetracks/mil/RNA-GLY-1.mil.forward.threeprime.bw
Activating conda environment: .snakemake/conda/3bcd7c24853525a7e734f47e7332949d_

[Tue Sep 15 21:28:17 2026]
localrule threeprimewigtobigwigminreverse:
    input: threeprimetracks/min/RNA-GLY-1.min.reverse.wig, genomes/sizes.genome
    output: threeprimetracks/min/RNA-GLY-1.min.reverse.threeprime.bw
    jobid: 135
    reason: Missing output files: threeprimetracks/min/RNA-GLY-1.min.reverse.threeprime.bw; Input files updated by another job: threeprimetracks/min/RNA-GLY-1.min.reverse.wig, genomes/sizes.genome
    wildcards: method=RNA, condition=GLY, replicate=1
    resources: mem_mb=1500, mem_mib=1431, disk_mb=4000, disk_mib=3815, tmpdir=/home/qasim/hribo_work/pao1/tmp

wigToBigWig threeprimetracks/min/RNA-GLY-1.min.reverse.wig genomes/sizes.genome threeprimetracks/min/RNA-GLY-1.min.reverse.threeprime.bw
Activating conda environment: .snakemake/conda/3bcd7c24853525a7e734f47e7332949d_

[Tue Sep 15 21:28:17 2026]
localrule threeprimewigtobigwigmilreverse:
    input: threeprimetracks/mil/RNA-GLY-1.mil.reverse.wig, genomes/sizes.genome
    output: threeprimetracks/mil/RNA-GLY-1.mil.reverse.threeprime.bw
    jobid: 131
    reason: Missing output files: threeprimetracks/mil/RNA-GLY-1.mil.reverse.threeprime.bw; Input files updated by another job: threeprimetracks/mil/RNA-GLY-1.mil.reverse.wig, genomes/sizes.genome
    wildcards: method=RNA, condition=GLY, replicate=1
    resources: mem_mb=1500, mem_mib=1431, disk_mb=4000, disk_mib=3815, tmpdir=/home/qasim/hribo_work/pao1/tmp

wigToBigWig threeprimetracks/mil/RNA-GLY-1.mil.reverse.wig genomes/sizes.genome threeprimetracks/mil/RNA-GLY-1.mil.reverse.threeprime.bw
Activating conda environment: .snakemake/conda/3bcd7c24853525a7e734f47e7332949d_
[Tue Sep 15 21:28:18 2026]
Finished job 129.
132 of 163 steps (81%) done
Select jobs to execute...
Execute 1 jobs...

[Tue Sep 15 21:28:18 2026]
localrule threeprimewigtobigwigrawreverse:
    input: threeprimetracks/raw/RNA-GLY-1.raw.reverse.wig, genomes/sizes.genome
    output: threeprimetracks/raw/RNA-GLY-1.raw.reverse.threeprime.bw
    jobid: 127
    reason: Missing output files: threeprimetracks/raw/RNA-GLY-1.raw.reverse.threeprime.bw; Input files updated by another job: genomes/sizes.genome, threeprimetracks/raw/RNA-GLY-1.raw.reverse.wig
    wildcards: method=RNA, condition=GLY, replicate=1
    resources: mem_mb=1500, mem_mib=1431, disk_mb=4000, disk_mib=3815, tmpdir=/home/qasim/hribo_work/pao1/tmp

wigToBigWig threeprimetracks/raw/RNA-GLY-1.raw.reverse.wig genomes/sizes.genome threeprimetracks/raw/RNA-GLY-1.raw.reverse.threeprime.bw
Activating conda environment: .snakemake/conda/3bcd7c24853525a7e734f47e7332949d_
[Tue Sep 15 21:28:18 2026]
Finished job 135.
133 of 163 steps (82%) done
Select jobs to execute...
Execute 1 jobs...

[Tue Sep 15 21:28:18 2026]
localrule threeprimewigtobigwigminforward:
    input: threeprimetracks/min/RNA-GLY-1.min.forward.wig, genomes/sizes.genome
    output: threeprimetracks/min/RNA-GLY-1.min.forward.threeprime.bw
    jobid: 133
    reason: Missing output files: threeprimetracks/min/RNA-GLY-1.min.forward.threeprime.bw; Input files updated by another job: genomes/sizes.genome, threeprimetracks/min/RNA-GLY-1.min.forward.wig
    wildcards: method=RNA, condition=GLY, replicate=1
    resources: mem_mb=1500, mem_mib=1431, disk_mb=4000, disk_mib=3815, tmpdir=/home/qasim/hribo_work/pao1/tmp

wigToBigWig threeprimetracks/min/RNA-GLY-1.min.forward.wig genomes/sizes.genome threeprimetracks/min/RNA-GLY-1.min.forward.threeprime.bw
Activating conda environment: .snakemake/conda/3bcd7c24853525a7e734f47e7332949d_
[Tue Sep 15 21:28:18 2026]
Finished job 131.
134 of 163 steps (82%) done
Select jobs to execute...
Execute 1 jobs...

[Tue Sep 15 21:28:18 2026]
localrule threeprimewigtobigwigrawforward:
    input: threeprimetracks/raw/RNA-GLY-1.raw.forward.wig, genomes/sizes.genome
    output: threeprimetracks/raw/RNA-GLY-1.raw.forward.threeprime.bw
    jobid: 124
    reason: Missing output files: threeprimetracks/raw/RNA-GLY-1.raw.forward.threeprime.bw; Input files updated by another job: threeprimetracks/raw/RNA-GLY-1.raw.forward.wig, genomes/sizes.genome
    wildcards: method=RNA, condition=GLY, replicate=1
    resources: mem_mb=1500, mem_mib=1431, disk_mb=4000, disk_mib=3815, tmpdir=/home/qasim/hribo_work/pao1/tmp

wigToBigWig threeprimetracks/raw/RNA-GLY-1.raw.forward.wig genomes/sizes.genome threeprimetracks/raw/RNA-GLY-1.raw.forward.threeprime.bw
Activating conda environment: .snakemake/conda/3bcd7c24853525a7e734f47e7332949d_
[Tue Sep 15 21:28:18 2026]
Finished job 133.
135 of 163 steps (83%) done
Select jobs to execute...
[Tue Sep 15 21:28:18 2026]
Finished job 127.
136 of 163 steps (83%) done
[Tue Sep 15 21:28:18 2026]
Finished job 124.
137 of 163 steps (84%) done
parsing antisense
NC_002516.2
2837 ORFs annotated positive
parsing sense
NC_002516.2
2732 ORFs annotated positive
Done
INFO:    Cleaning up image...
[Tue Sep 15 21:31:50 2026]
Finished job 156.
138 of 163 steps (85%) done
Execute 1 jobs...

[Tue Sep 15 21:31:50 2026]
localrule reparation:
    input: genomes/genome.fa, annotation/annotation_processed.gff, uniprotDB/uniprot_sprot.fasta, bam/RIBO-GLY-1.bam, maplink/RIBO-GLY-1.bam.bai
    output: reparation/GLY-1/Predicted_ORFs.txt, reparation/GLY-1/metagene_profile.pdf, reparation/GLY-1/PR_and_ROC_curve.pdf, reparation/GLY-1/p_site_offset.png, reparation/GLY-1/S_Curve.pdf
    log: logs/GLY-1_reparation.log
    jobid: 145
    reason: Missing output files: reparation/GLY-1/Predicted_ORFs.txt; Input files updated by another job: annotation/annotation_processed.gff, genomes/genome.fa, uniprotDB/uniprot_sprot.fasta, maplink/RIBO-GLY-1.bam.bai, bam/RIBO-GLY-1.bam
    wildcards: condition=GLY, replicate=1
    threads: 8
    resources: mem_mb=1500, mem_mib=1431, disk_mb=4000, disk_mib=3815, tmpdir=/home/qasim/hribo_work/pao1/tmp, reparation_instances=1


        mkdir -p reparation/GLY-1
        mkdir -p reparation/GLY-1/tmp
        reparation.pl -bam bam/RIBO-GLY-1.bam -g genomes/genome.fa -gtf annotation/annotation_processed.gff -db uniprotDB/uniprot_sprot.fasta -out reparation/GLY-1 -threads 8
        
Activating conda environment: .snakemake/conda/bea3d2a99e54e9db38f29827e5fa7e57_
/home/qasim/hribo_work/pao1/.snakemake/conda/bea3d2a99e54e9db38f29827e5fa7e57_/bin/prodigal

No BAM index found. Computing... 
Generate positive set...
perl /home/qasim/hribo_work/pao1/.snakemake/conda/bea3d2a99e54e9db38f29827e5fa7e57_/bin/scripts/positive_set.pl genomes/genome.fa uniprotDB/uniprot_sprot.fasta /home/qasim/hribo_work/pao1/reparation/GLY-1//tmp/positive_set.txt 22 40 30 0.75 1e-05 ATG,GTG,TTG 1 /home/qasim/hribo_work/pao1/reparation/GLY-1/ /home/qasim/hribo_work/pao1/.snakemake/conda/bea3d2a99e54e9db38f29827e5fa7e57_/bin/scripts 8 N 11

Generating positive samples training set using Prodigal...
Temporary folder /home/qasim/hribo_work/pao1/reparation/GLY-1//tmp already created.
Creating database using makeblastdb...
Generating positive_set_unprocessed.bls using blastp...
Removing values below identity threshold...
Total number of ORFs in positive set 1626
Set of Positive examples created.
Done.

metagene generate -q /home/qasim/hribo_work/pao1/reparation/GLY-1//tmp/plastid --landmark cds_start --annotation_files /home/qasim/hribo_work/pao1/reparation/GLY-1//tmp/positive.gtf 2> /home/qasim/hribo_work/pao1/reparation/GLY-1//logs/metagene1222158126.log
Uncaught exception from user code:
	Error running metagene:  
	main::generate_p_site("/home/qasim/hribo_work/pao1/reparation/GLY-1//tmp/positive.gtf", "bam/RIBO-GLY-1.bam", 22, 40, "bam/RIBO-GLY-1.bam") called at /home/qasim/hribo_work/pao1/.snakemake/conda/bea3d2a99e54e9db38f29827e5fa7e57_/bin/reparation.pl line 379
[Tue Sep 15 22:12:17 2026]
Error in rule reparation:
    jobid: 145
    input: genomes/genome.fa, annotation/annotation_processed.gff, uniprotDB/uniprot_sprot.fasta, bam/RIBO-GLY-1.bam, maplink/RIBO-GLY-1.bam.bai
    output: reparation/GLY-1/Predicted_ORFs.txt, reparation/GLY-1/metagene_profile.pdf, reparation/GLY-1/PR_and_ROC_curve.pdf, reparation/GLY-1/p_site_offset.png, reparation/GLY-1/S_Curve.pdf
    log: logs/GLY-1_reparation.log (check log file(s) for error details)
    conda-env: /home/qasim/hribo_work/pao1/.snakemake/conda/bea3d2a99e54e9db38f29827e5fa7e57_
    shell:
        
        mkdir -p reparation/GLY-1
        mkdir -p reparation/GLY-1/tmp
        reparation.pl -bam bam/RIBO-GLY-1.bam -g genomes/genome.fa -gtf annotation/annotation_processed.gff -db uniprotDB/uniprot_sprot.fasta -out reparation/GLY-1 -threads 8
        
        (one of the commands exited with non-zero exit code; note that snakemake uses bash strict mode!)

Select jobs to execute...
Execute 1 jobs...

[Tue Sep 15 22:12:17 2026]
localrule parameterEstimation:
    input: deepribo/GLY-1/data_list.csv
    output: deepribo/GLY-1/parameters.txt
    jobid: 159
    reason: Missing output files: deepribo/GLY-1/parameters.txt; Input files updated by another job: deepribo/GLY-1/data_list.csv
    wildcards: condition=GLY, replicate=1
    resources: mem_mb=1500, mem_mib=1431, disk_mb=4000, disk_mib=3815, tmpdir=/home/qasim/hribo_work/pao1/tmp

mkdir -p deepribo; Rscript HRIBO/scripts/parameter_estimation.R -f deepribo/GLY-1/data_list.csv -o deepribo/GLY-1/parameters.txt
Activating singularity image /home/qasim/hribo_work/pao1/.snakemake/singularity/b3dbb017086fe68b8327c0493f05e676.simg
INFO:    squashfuse not found, will not be able to mount SIF or other squashfs files
INFO:    fuse2fs not found, will not be able to mount EXT3 filesystems
INFO:    gocryptfs not found, will not be able to use gocryptfs
INFO:    Converting SIF file to temporary sandbox...
[1] "Fitting model parameters..."
INFO:    Cleaning up image...
[Tue Sep 15 22:14:45 2026]
Finished job 159.
139 of 163 steps (85%) done
Select jobs to execute...
Execute 1 jobs...

[Tue Sep 15 22:14:45 2026]
localrule predictDeepRibo:
    input: deepribo/DeepRibo_model_v1.pt, deepribo/GLY-1/data_list.csv, deepribo/GLY-1/parameters.txt
    output: deepribo/GLY-1/predictions.csv
    jobid: 154
    reason: Missing output files: deepribo/GLY-1/predictions.csv; Input files updated by another job: deepribo/GLY-1/data_list.csv, deepribo/GLY-1/parameters.txt, deepribo/DeepRibo_model_v1.pt
    wildcards: condition=GLY, replicate=1
    threads: 8
    resources: mem_mb=1500, mem_mib=1431, disk_mb=4000, disk_mib=3815, tmpdir=/home/qasim/hribo_work/pao1/tmp


        mkdir -p deepribo;
        DeepRibo.py predict deepribo/ --pred_data GLY-1/ -r 0.158404561922617 -c 0.113163 --model deepribo/DeepRibo_model_v1.pt --dest deepribo/GLY-1/predictions.csv --num_workers 8
        
Activating singularity image /home/qasim/hribo_work/pao1/.snakemake/singularity/b3dbb017086fe68b8327c0493f05e676.simg
INFO:    squashfuse not found, will not be able to mount SIF or other squashfs files
INFO:    fuse2fs not found, will not be able to mount EXT3 filesystems
INFO:    gocryptfs not found, will not be able to use gocryptfs
INFO:    Converting SIF file to temporary sandbox...
Creating predictions using model deepribo/DeepRibo_model_v1.pt
Using args Namespace(COV_motifs=32, FC_nodes=[1024, 512], GPU=False, GRU_bidirect=True, GRU_layers=2, GRU_nodes=128, coverage=0.113163, data_path='deepribo/', dest='deepribo/GLY-1/predictions.csv', model='deepribo/DeepRibo_model_v1.pt', model_type='CNNRNN', num_workers=8, pred_data='GLY-1/', rpkm=0.158404561922617, verbose=False)
=========================================================
INFO:    Cleaning up image...
[Tue Sep 15 22:19:32 2026]
Finished job 154.
140 of 163 steps (86%) done
Select jobs to execute...
Execute 1 jobs...

[Tue Sep 15 22:19:32 2026]
localrule deepriboGFF:
    input: deepribo/GLY-1/predictions.csv
    output: deepribo/GLY-1.deepribo.gff
    jobid: 153
    reason: Missing output files: deepribo/GLY-1.deepribo.gff; Input files updated by another job: deepribo/GLY-1/predictions.csv
    wildcards: condition=GLY, replicate=1
    resources: mem_mb=1500, mem_mib=1431, disk_mb=4000, disk_mib=3815, tmpdir=/home/qasim/hribo_work/pao1/tmp

mkdir -p tracks; HRIBO/scripts/create_deepribo_gff.py -c GLY -r 1 -i deepribo/GLY-1/predictions.csv -o deepribo/GLY-1.deepribo.gff
Activating conda environment: .snakemake/conda/7d1806eb8cf01f4bb08bc6d776e0a631_
[Tue Sep 15 22:19:34 2026]
Finished job 153.
141 of 163 steps (87%) done
Select jobs to execute...
Execute 1 jobs...

[Tue Sep 15 22:19:34 2026]
localrule concatDeepRibo:
    input: deepribo/GLY-1.deepribo.gff
    output: tracks/GLY.deepribo.gff
    jobid: 152
    reason: Missing output files: tracks/GLY.deepribo.gff; Input files updated by another job: deepribo/GLY-1.deepribo.gff
    wildcards: condition=GLY
    resources: mem_mb=1500, mem_mib=1431, disk_mb=4000, disk_mib=3815, tmpdir=/home/qasim/hribo_work/pao1/tmp

mkdir -p tracks; HRIBO/scripts/concatenate_gff.py deepribo/GLY-1.deepribo.gff -o tracks/GLY.deepribo.gff
Activating conda environment: .snakemake/conda/7d1806eb8cf01f4bb08bc6d776e0a631_
[Tue Sep 15 22:19:34 2026]
Finished job 152.
142 of 163 steps (87%) done
Select jobs to execute...
Execute 1 jobs...

[Tue Sep 15 22:19:34 2026]
localrule allDeepRibo:
    input: tracks/GLY.deepribo.gff
    output: tracks/deepribo_all.gff
    jobid: 151
    reason: Missing output files: tracks/deepribo_all.gff; Input files updated by another job: tracks/GLY.deepribo.gff
    resources: mem_mb=1500, mem_mib=1431, disk_mb=4000, disk_mib=3815, tmpdir=/home/qasim/hribo_work/pao1/tmp

mkdir -p tracks; HRIBO/scripts/concatenate_gff.py tracks/GLY.deepribo.gff -o tracks/deepribo_all.gff
Activating conda environment: .snakemake/conda/7d1806eb8cf01f4bb08bc6d776e0a631_
[Tue Sep 15 22:19:34 2026]
Finished job 151.
143 of 163 steps (88%) done
Select jobs to execute...
Execute 1 jobs...

[Tue Sep 15 22:19:34 2026]
localrule filterDeepRibo:
    input: tracks/deepribo_all.gff, annotation/annotation_processed.gff
    output: tracks/deepribo_merged.gff, tracks/deepribo_merged_plus.gff
    jobid: 150
    reason: Missing output files: tracks/deepribo_merged.gff; Input files updated by another job: tracks/deepribo_all.gff, annotation/annotation_processed.gff
    resources: mem_mb=1500, mem_mib=1431, disk_mb=4000, disk_mib=3815, tmpdir=/home/qasim/hribo_work/pao1/tmp

mkdir -p tracks; HRIBO/scripts/merge_duplicates_deepribo.py -i tracks/deepribo_all.gff -o tracks/deepribo_merged.gff -a annotation/annotation_processed.gff
Activating conda environment: .snakemake/conda/7d1806eb8cf01f4bb08bc6d776e0a631_
[Tue Sep 15 22:19:35 2026]
Finished job 150.
144 of 163 steps (88%) done
Select jobs to execute...
Execute 1 jobs...

[Tue Sep 15 22:19:35 2026]
localrule generateDeepRiboReadCounts:
    input: maplink/RIBO-GLY-1.bam, maplink/RNA-GLY-1.bam, maplink/RIBO-GLY-1.bam.bai, maplink/RNA-GLY-1.bam.bai, tracks/deepribo_merged.gff
    output: readcounts/deepribo_read_counts.raw
    jobid: 149
    reason: Missing output files: readcounts/deepribo_read_counts.raw; Input files updated by another job: maplink/RNA-GLY-1.bam, maplink/RIBO-GLY-1.bam.bai, maplink/RIBO-GLY-1.bam, tracks/deepribo_merged.gff, maplink/RNA-GLY-1.bam.bai
    threads: 5
    resources: mem_mb=1500, mem_mib=1431, disk_mb=4000, disk_mib=3815, tmpdir=/home/qasim/hribo_work/pao1/tmp


        mkdir -p readcounts
        HRIBO/scripts/call_featurecounts.py -b maplink/RIBO-GLY-1.bam maplink/RNA-GLY-1.bam -s 1 --with_O -o readcounts/deepribo_read_counts.raw -t 5 -a tracks/deepribo_merged.gff
        
Activating conda environment: .snakemake/conda/1e607777c0d0c5616a031d85763fc5e1_

        ==========     _____ _    _ ____  _____  ______          _____  
        =====         / ____| |  | |  _ \|  __ \|  ____|   /\   |  __ \ 
          =====      | (___ | |  | | |_) | |__) | |__     /  \  | |  | |
            ====      \___ \| |  | |  _ <|  _  /|  __|   / /\ \ | |  | |
              ====    ____) | |__| | |_) | | \ \| |____ / ____ \| |__| |
        ==========   |_____/ \____/|____/|_|  \_\______/_/    \_\_____/
	  v2.0.1

//========================== featureCounts setting ===========================\\
||                                                                            ||
||             Input files : 2 BAM files                                      ||
||                           o RIBO-GLY-1.bam                                 ||
||                           o RNA-GLY-1.bam                                  ||
||                                                                            ||
||             Output file : deepribo_read_counts.tmp                         ||
||                 Summary : deepribo_read_counts.tmp.summary                 ||
||              Annotation : deepribo_merged.gff (GTF)                        ||
||      Dir for temp files : readcounts                                       ||
||                                                                            ||
||                 Threads : 5                                                ||
||                   Level : meta-feature level                               ||
||              Paired-end : no                                               ||
||      Multimapping reads : not counted                                      ||
|| Multi-overlapping reads : counted                                          ||
||   Min overlapping bases : 1                                                ||
||                                                                            ||
\\============================================================================//

//================================= Running ==================================\\
||                                                                            ||
|| Load annotation file deepribo_merged.gff ...                               ||
||    Features : 3209                                                         ||
||    Meta-features : 3209                                                    ||
||    Chromosomes/contigs : 1                                                 ||
||                                                                            ||
|| Process BAM file RIBO-GLY-1.bam...                                         ||
||    Strand specific : stranded                                              ||
||    Single-end reads are included.                                          ||
||    Total alignments : 639010                                               ||
||    Successfully assigned alignments : 453774 (71.0%)                       ||
||    Running time : 0.00 minutes                                             ||
||                                                                            ||
|| Process BAM file RNA-GLY-1.bam...                                          ||
||    Strand specific : stranded                                              ||
||    Single-end reads are included.                                          ||
||    Total alignments : 382107                                               ||
||    Successfully assigned alignments : 232164 (60.8%)                       ||
||    Running time : 0.00 minutes                                             ||
||                                                                            ||
|| Write the final count table.                                               ||
|| Write the read assignment summary.                                         ||
||                                                                            ||
|| Summary of counting results can be found in file "readcounts/deepribo_rea  ||
|| d_counts.tmp.summary"                                                      ||
||                                                                            ||
\\============================================================================//

featureCounts -t CDS  -a tracks/deepribo_merged.gff -F GTF -g ID -s 1 -T 5 -o readcounts/deepribo_read_counts.tmp -O maplink/RIBO-GLY-1.bam maplink/RNA-GLY-1.bam
[Tue Sep 15 22:19:36 2026]
Finished job 149.
145 of 163 steps (89%) done
Select jobs to execute...
Execute 1 jobs...

[Tue Sep 15 22:19:36 2026]
localrule mapDeepRiboReads:
    input: readcounts/deepribo_read_counts.raw, tracks/deepribo_merged.gff
    output: readcounts/deepribo_annotation.gff
    jobid: 148
    reason: Missing output files: readcounts/deepribo_annotation.gff; Input files updated by another job: tracks/deepribo_merged.gff, readcounts/deepribo_read_counts.raw
    resources: mem_mb=1500, mem_mib=1431, disk_mb=4000, disk_mib=3815, tmpdir=/home/qasim/hribo_work/pao1/tmp


        mkdir -p readcounts; HRIBO/scripts/map_reads_to_annotation.py -i readcounts/deepribo_read_counts.raw -a tracks/deepribo_merged.gff -o readcounts/deepribo_annotation.gff
        
Activating conda environment: .snakemake/conda/7d1806eb8cf01f4bb08bc6d776e0a631_
[Tue Sep 15 22:19:37 2026]
Finished job 148.
146 of 163 steps (90%) done
Select jobs to execute...
Execute 1 jobs...

[Tue Sep 15 22:19:37 2026]
localrule createExcelSummaryDeepRibo:
    input: readcounts/bam_mapped_reads.txt, readcounts/deepribo_annotation.gff, genomes/genome.fa
    output: auxiliary/predictions_deepribo.xlsx
    jobid: 147
    reason: Missing output files: auxiliary/predictions_deepribo.xlsx; Input files updated by another job: readcounts/deepribo_annotation.gff, genomes/genome.fa, readcounts/bam_mapped_reads.txt
    resources: mem_mb=1500, mem_mib=1431, disk_mb=4000, disk_mib=3815, tmpdir=/home/qasim/hribo_work/pao1/tmp

mkdir -p auxiliary; HRIBO/scripts/generate_excel_deepribo.py -t readcounts/bam_mapped_reads.txt -r readcounts/deepribo_annotation.gff -g genomes/genome.fa -o auxiliary/predictions_deepribo.xlsx
Activating conda environment: .snakemake/conda/fa51360e7b638753ab3668d175d3d552_
[Tue Sep 15 22:19:39 2026]
Finished job 147.
147 of 163 steps (90%) done
Exiting because a job execution failed. Look above for error message
Complete log: .snakemake/log/2026-09-15T205832.217015.snakemake.log
WorkflowError:
At least one job did not complete successfully.
Sample sheet validated! No errors found!
Config file validated! No errors found!
[2026-09-15 22:19:41] snakemake finished with exit status 1
exit=1
